District LGD Code,District,Date,Measurement,Station Count
438,Ahmedabad,2021-02-27,14.147,1
438,Ahmedabad,2021-03-05,3.7386363636363638,1
438,Ahmedabad,2021-03-06,3.599219512195122,1
438,Ahmedabad,2021-03-07,3.5999250000000003,1
438,Ahmedabad,2021-03-08,2.8888333333333334,1
438,Ahmedabad,2021-03-09,0.8693913043478261,1
438,Ahmedabad,2021-03-10,1.1250588235294119,1
438,Ahmedabad,2021-03-13,14.064,1
438,Ahmedabad,2021-03-28,14.236,1
438,Ahmedabad,2021-04-05,3.3085,1
438,Ahmedabad,2021-04-06,3.2735416666666666,1
438,Ahmedabad,2021-04-07,3.1965,1
438,Ahmedabad,2021-04-19,14.131,1
438,Ahmedabad,2021-05-23,14.196,1
438,Ahmedabad,2021-06-09,19.906153846153845,1
438,Ahmedabad,2021-06-10,19.040727272727274,1
438,Ahmedabad,2021-06-11,18.988307692307693,1
438,Ahmedabad,2021-06-12,18.973583333333334,1
438,Ahmedabad,2021-06-13,18.974083333333333,1
438,Ahmedabad,2021-06-14,20.1751,1
438,Ahmedabad,2021-06-15,21.877181818181818,1
438,Ahmedabad,2021-06-16,14.088999999999999,1
438,Ahmedabad,2021-06-17,13.789083333333332,1
438,Ahmedabad,2021-06-18,13.500428571428571,1
438,Ahmedabad,2021-06-19,13.434512195121952,1
438,Ahmedabad,2021-06-20,13.35682051282051,1
438,Ahmedabad,2021-06-21,13.291,1
438,Ahmedabad,2021-06-22,25.337022727272725,1
438,Ahmedabad,2021-06-23,13.605044444444443,1
438,Ahmedabad,2021-06-24,13.591441860465117,1
438,Ahmedabad,2021-06-25,13.150931818181817,1
438,Ahmedabad,2021-06-26,13.1395,1
438,Ahmedabad,2021-06-27,13.031744186046511,1
438,Ahmedabad,2021-06-28,13.047410256410256,1
438,Ahmedabad,2021-06-29,13.09108108108108,1
438,Ahmedabad,2021-06-30,13.422232558139534,1
438,Ahmedabad,2021-07-01,14.2133,1
438,Ahmedabad,2021-07-02,13.83336111111111,1
438,Ahmedabad,2021-07-03,11.871386363636363,1
438,Ahmedabad,2021-07-04,11.572866666666666,1
438,Ahmedabad,2021-07-05,11.792733333333333,1
438,Ahmedabad,2021-07-06,11.800628571428572,1
438,Ahmedabad,2021-07-07,11.824366666666666,1
438,Ahmedabad,2021-07-08,12.413545454545455,1
438,Ahmedabad,2021-07-09,12.683540540540541,1
438,Ahmedabad,2021-07-10,13.152485714285714,1
438,Ahmedabad,2021-07-11,14.965181818181819,1
438,Ahmedabad,2021-07-12,14.858571428571427,1
438,Ahmedabad,2021-07-13,14.675772727272728,1
438,Ahmedabad,2021-07-14,14.725690476190477,1
438,Ahmedabad,2021-07-15,14.620531914893617,1
438,Ahmedabad,2021-07-16,14.618666666666668,1
438,Ahmedabad,2021-07-17,14.473212765957447,1
438,Ahmedabad,2021-07-18,14.529813953488373,1
438,Ahmedabad,2021-07-19,14.505400000000002,1
438,Ahmedabad,2021-07-20,14.491311111111113,1
438,Ahmedabad,2021-07-21,14.489911111111113,1
438,Ahmedabad,2021-07-22,14.636023255813955,1
438,Ahmedabad,2021-07-23,14.990219512195123,1
438,Ahmedabad,2021-07-24,15.105829268292684,1
438,Ahmedabad,2021-07-25,16.567780487804878,1
438,Ahmedabad,2021-07-26,14.979190476190476,1
438,Ahmedabad,2021-07-27,14.896044444444444,1
438,Ahmedabad,2021-07-28,14.996975609756097,1
438,Ahmedabad,2021-07-29,15.072380952380952,1
438,Ahmedabad,2021-07-30,15.089099999999998,1
438,Ahmedabad,2021-07-31,14.928642857142858,1
438,Ahmedabad,2021-08-01,14.903837209302326,1
438,Ahmedabad,2021-08-02,14.91760465116279,1
438,Ahmedabad,2021-08-03,14.994794871794872,1
438,Ahmedabad,2021-08-04,14.958268292682927,1
438,Ahmedabad,2021-08-05,40.190125,1
438,Ahmedabad,2021-08-06,15.038789473684211,1
438,Ahmedabad,2021-08-07,15.03184210526316,1
438,Ahmedabad,2021-08-08,15.213870967741935,1
438,Ahmedabad,2021-08-09,15.068599999999998,1
438,Ahmedabad,2021-08-10,14.916634146341464,1
438,Ahmedabad,2021-08-11,14.910682926829267,1
438,Ahmedabad,2021-08-12,15.067675675675677,1
438,Ahmedabad,2021-08-13,15.035589743589744,1
438,Ahmedabad,2021-08-14,14.976217391304347,1
438,Ahmedabad,2021-08-15,15.201108108108109,1
438,Ahmedabad,2021-08-16,30.218560975609755,1
438,Ahmedabad,2021-08-17,15.207365853658535,1
438,Ahmedabad,2021-08-18,15.038944444444446,1
438,Ahmedabad,2021-08-19,15.06035135135135,1
438,Ahmedabad,2021-08-20,15.114243243243243,1
438,Ahmedabad,2021-08-21,15.230470588235294,1
438,Ahmedabad,2021-08-22,15.164111111111112,1
438,Ahmedabad,2021-08-23,15.099944444444443,1
438,Ahmedabad,2021-08-24,15.069942857142857,1
438,Ahmedabad,2021-08-25,14.982425000000001,1
438,Ahmedabad,2021-08-26,14.958324999999999,1
438,Ahmedabad,2021-08-27,15.055081081081081,1
438,Ahmedabad,2021-08-28,15.060527777777777,1
438,Ahmedabad,2021-08-29,15.123289473684212,1
438,Ahmedabad,2021-08-30,28.585564102564103,1
438,Ahmedabad,2021-08-31,15.149702702702703,1
438,Ahmedabad,2021-09-01,15.421961538461538,1
438,Ahmedabad,2021-09-02,18.143107142857144,1
438,Ahmedabad,2021-09-03,15.187161290322582,1
438,Ahmedabad,2021-09-04,15.234896551724137,1
438,Ahmedabad,2021-09-05,15.35723076923077,1
438,Ahmedabad,2021-09-06,15.184766666666667,1
438,Ahmedabad,2021-09-07,15.013388888888889,1
438,Ahmedabad,2021-09-08,15.14196875,1
438,Ahmedabad,2021-09-09,15.318457142857142,1
438,Ahmedabad,2021-09-10,25.117566666666665,1
438,Ahmedabad,2021-09-11,15.178,1
438,Ahmedabad,2021-09-12,15.055272727272728,1
438,Ahmedabad,2021-09-13,15.065194444444444,1
438,Ahmedabad,2021-09-14,15.382000000000001,1
438,Ahmedabad,2021-09-15,15.480599999999999,1
438,Ahmedabad,2021-09-16,15.382407407407406,1
438,Ahmedabad,2021-09-17,15.161606060606061,1
438,Ahmedabad,2021-09-18,15.165727272727272,1
438,Ahmedabad,2021-09-19,15.389185185185184,1
438,Ahmedabad,2021-09-20,15.23515625,1
438,Ahmedabad,2021-09-21,15.315114285714285,1
438,Ahmedabad,2021-09-22,15.223766666666668,1
438,Ahmedabad,2021-09-23,15.302724137931035,1
438,Ahmedabad,2021-09-24,15.329655172413792,1
438,Ahmedabad,2021-09-25,15.048085714285714,1
438,Ahmedabad,2021-09-26,15.28565625,1
438,Ahmedabad,2021-09-27,15.479074074074074,1
438,Ahmedabad,2021-09-28,15.171000000000001,1
438,Ahmedabad,2021-09-29,15.157257142857143,1
438,Ahmedabad,2021-09-30,15.109,1
438,Ahmedabad,2021-10-01,15.071538461538461,1
438,Ahmedabad,2021-10-02,15.4418,1
438,Ahmedabad,2021-10-03,29.287103448275865,1
438,Ahmedabad,2021-10-04,15.29921875,1
438,Ahmedabad,2021-10-05,15.329379310344828,1
438,Ahmedabad,2021-10-06,15.298533333333333,1
438,Ahmedabad,2021-10-07,15.347964285714285,1
438,Ahmedabad,2021-10-08,15.102742857142857,1
438,Ahmedabad,2021-10-09,22.2524,1
438,Ahmedabad,2021-10-10,46.27123333333334,1
438,Ahmedabad,2021-10-11,15.21109090909091,1
438,Ahmedabad,2021-10-12,15.355379310344826,1
438,Ahmedabad,2021-10-13,21.487838709677423,1
438,Ahmedabad,2021-10-14,15.445296296296297,1
438,Ahmedabad,2021-10-15,15.335862068965518,1
438,Ahmedabad,2021-10-16,15.285064516129031,1
438,Ahmedabad,2021-10-17,15.2616,1
438,Ahmedabad,2021-10-18,15.273060606060607,1
438,Ahmedabad,2021-10-19,15.26521875,1
438,Ahmedabad,2021-10-20,15.193636363636363,1
438,Ahmedabad,2021-10-21,15.212545454545454,1
438,Ahmedabad,2021-10-22,15.155805555555556,1
438,Ahmedabad,2021-10-23,15.297516129032259,1
438,Ahmedabad,2021-10-24,15.224121212121213,1
438,Ahmedabad,2021-10-25,15.121638888888889,1
438,Ahmedabad,2021-10-26,15.04623076923077,1
438,Ahmedabad,2021-10-27,15.093394736842106,1
438,Ahmedabad,2021-10-28,15.138325,1
438,Ahmedabad,2021-10-29,17.62506976744186,1
438,Ahmedabad,2021-10-30,15.066166666666666,1
438,Ahmedabad,2021-10-31,15.239625,1
438,Ahmedabad,2021-11-01,15.043236842105264,1
438,Ahmedabad,2021-11-02,15.087166666666668,1
438,Ahmedabad,2021-11-03,28.19493103448276,1
438,Ahmedabad,2021-11-04,15.347931034482757,1
438,Ahmedabad,2021-11-05,15.206848484848486,1
438,Ahmedabad,2021-11-06,19.93025641025641,1
438,Ahmedabad,2021-11-07,15.189885714285714,1
438,Ahmedabad,2021-11-08,40.16841935483871,1
438,Ahmedabad,2021-11-09,15.37890322580645,1
438,Ahmedabad,2021-11-10,15.441888888888888,1
438,Ahmedabad,2021-11-11,15.34341935483871,1
438,Ahmedabad,2021-11-12,15.473777777777777,1
438,Ahmedabad,2021-11-13,15.570321428571429,1
438,Ahmedabad,2021-11-14,15.65844,1
438,Ahmedabad,2021-11-15,15.6245,1
438,Ahmedabad,2021-11-16,15.54192,1
438,Ahmedabad,2021-11-17,15.4975,1
438,Ahmedabad,2021-11-18,15.514666666666665,1
438,Ahmedabad,2021-11-19,15.4965,1
438,Ahmedabad,2021-11-20,15.484923076923078,1
438,Ahmedabad,2021-11-21,15.428137931034483,1
438,Ahmedabad,2021-11-22,15.388555555555556,1
438,Ahmedabad,2021-11-23,15.588038461538462,1
438,Ahmedabad,2021-11-24,15.431142857142857,1
438,Ahmedabad,2021-11-25,15.40448275862069,1
438,Ahmedabad,2021-11-26,24.814888888888888,1
438,Ahmedabad,2021-11-27,15.515888888888888,1
438,Ahmedabad,2021-11-28,15.396307692307694,1
438,Ahmedabad,2021-11-29,15.365192307692308,1
438,Ahmedabad,2021-11-30,27.708222222222226,1
438,Ahmedabad,2021-12-01,15.38725,1
438,Ahmedabad,2021-12-02,15.62424,1
438,Ahmedabad,2021-12-03,15.617125,1
438,Ahmedabad,2021-12-04,17.525962962962964,1
438,Ahmedabad,2021-12-05,15.716583333333332,1
438,Ahmedabad,2021-12-06,15.50462962962963,1
438,Ahmedabad,2021-12-07,15.3431,1
438,Ahmedabad,2021-12-08,15.56372,1
438,Ahmedabad,2021-12-09,15.486153846153845,1
438,Ahmedabad,2021-12-10,15.592833333333333,1
438,Ahmedabad,2021-12-11,15.446653846153847,1
438,Ahmedabad,2021-12-12,15.540625,1
438,Ahmedabad,2021-12-13,15.56,1
438,Ahmedabad,2021-12-14,15.49568,1
438,Ahmedabad,2021-12-15,15.524833333333333,1
438,Ahmedabad,2021-12-16,15.493208333333333,1
438,Ahmedabad,2021-12-17,15.491708333333333,1
438,Ahmedabad,2021-12-18,15.446,1
438,Ahmedabad,2021-12-19,15.594708333333335,1
438,Ahmedabad,2021-12-20,15.391964285714286,1
438,Ahmedabad,2021-12-21,15.621833333333333,1
438,Ahmedabad,2021-12-22,15.599416666666668,1
438,Ahmedabad,2021-12-23,15.46773076923077,1
438,Ahmedabad,2021-12-24,15.306965517241379,1
438,Ahmedabad,2021-12-25,15.414518518518518,1
438,Ahmedabad,2021-12-26,15.442076923076922,1
438,Ahmedabad,2021-12-27,15.38252,1
438,Ahmedabad,2021-12-28,15.331724137931035,1
438,Ahmedabad,2021-12-29,15.539846153846154,1
438,Ahmedabad,2021-12-30,15.520038461538462,1
438,Ahmedabad,2021-12-31,15.33659375,1
438,Ahmedabad,2022-01-01,15.6088,1
438,Ahmedabad,2022-01-02,15.451600000000001,1
438,Ahmedabad,2022-01-03,15.584307692307693,1
438,Ahmedabad,2022-01-04,15.644153846153845,1
438,Ahmedabad,2022-01-05,15.459733333333332,1
438,Ahmedabad,2022-01-06,15.6404,1
438,Ahmedabad,2022-01-07,15.352724137931034,1
438,Ahmedabad,2022-01-08,15.274060606060605,1
438,Ahmedabad,2022-01-09,15.48374074074074,1
438,Ahmedabad,2022-01-10,21.23948,1
438,Ahmedabad,2022-01-11,15.434407407407408,1
438,Ahmedabad,2022-01-12,15.364689655172414,1
438,Ahmedabad,2022-01-13,15.193647058823528,1
438,Ahmedabad,2022-01-14,15.558720000000001,1
438,Ahmedabad,2022-01-15,15.21403125,1
438,Ahmedabad,2022-01-16,15.373222222222223,1
438,Ahmedabad,2022-01-17,15.333333333333334,1
438,Ahmedabad,2022-01-18,15.527653846153846,1
438,Ahmedabad,2022-01-19,15.188914285714285,1
438,Ahmedabad,2022-01-20,15.31625806451613,1
438,Ahmedabad,2022-01-21,15.333533333333333,1
438,Ahmedabad,2022-01-22,15.302862068965517,1
438,Ahmedabad,2022-01-23,15.51812,1
438,Ahmedabad,2022-01-24,15.135342857142856,1
438,Ahmedabad,2022-01-25,15.16385185185185,1
438,Ahmedabad,2022-01-26,14.740125,1
438,Ahmedabad,2022-01-27,14.935307692307692,1
438,Ahmedabad,2022-01-28,17.39816666666667,1
438,Ahmedabad,2022-01-29,14.71967741935484,1
438,Ahmedabad,2022-01-30,34.29721428571428,1
438,Ahmedabad,2022-01-31,14.924,1
438,Ahmedabad,2022-02-01,15.043625,1
438,Ahmedabad,2022-02-02,14.506029411764706,1
438,Ahmedabad,2022-02-03,14.717366666666667,1
438,Ahmedabad,2022-02-04,14.831074074074074,1
438,Ahmedabad,2022-02-05,14.928040000000001,1
438,Ahmedabad,2022-02-06,14.981666666666667,1
438,Ahmedabad,2022-02-07,14.878923076923076,1
438,Ahmedabad,2022-02-08,14.92868,1
438,Ahmedabad,2022-02-09,14.977958333333333,1
438,Ahmedabad,2022-02-10,14.862074074074075,1
438,Ahmedabad,2022-02-11,14.919592592592593,1
438,Ahmedabad,2022-02-12,14.799000000000001,1
438,Ahmedabad,2022-02-13,14.750451612903227,1
438,Ahmedabad,2022-02-14,14.908925925925926,1
438,Ahmedabad,2022-02-15,14.70540625,1
438,Ahmedabad,2022-02-16,14.783733333333334,1
438,Ahmedabad,2022-02-17,43.056333333333335,1
438,Ahmedabad,2022-02-18,14.691121212121212,1
438,Ahmedabad,2022-02-19,14.786066666666667,1
438,Ahmedabad,2022-02-20,14.620228571428573,1
438,Ahmedabad,2022-02-21,14.677818181818182,1
438,Ahmedabad,2022-02-22,14.849857142857143,1
438,Ahmedabad,2022-02-23,14.742333333333333,1
438,Ahmedabad,2022-02-24,14.66283870967742,1
438,Ahmedabad,2022-02-25,14.714483870967742,1
438,Ahmedabad,2022-02-26,14.894607142857142,1
438,Ahmedabad,2022-02-27,15.04784,1
438,Ahmedabad,2022-02-28,14.854137931034483,1
438,Ahmedabad,2022-03-01,98.55622580645161,1
438,Ahmedabad,2022-03-02,109.42730555555555,1
438,Ahmedabad,2022-03-03,15.02876,1
438,Ahmedabad,2022-03-04,14.973538461538462,1
438,Ahmedabad,2022-03-05,15.018279999999999,1
438,Ahmedabad,2022-03-06,15.043416666666666,1
438,Ahmedabad,2022-03-07,14.998791666666667,1
438,Ahmedabad,2022-03-08,15.0,1
438,Ahmedabad,2022-03-09,32.90567857142857,1
438,Ahmedabad,2022-03-10,14.993500000000001,1
438,Ahmedabad,2022-03-11,15.04832,1
438,Ahmedabad,2022-03-12,15.097125,1
438,Ahmedabad,2022-03-13,15.092333333333334,1
438,Ahmedabad,2022-03-14,15.086916666666667,1
438,Ahmedabad,2022-03-15,15.092666666666666,1
438,Ahmedabad,2022-03-16,15.099916666666667,1
438,Ahmedabad,2022-03-17,15.094958333333333,1
438,Ahmedabad,2022-03-18,14.935296296296295,1
438,Ahmedabad,2022-03-19,14.84855172413793,1
438,Ahmedabad,2022-03-20,14.889857142857142,1
438,Ahmedabad,2022-03-21,15.089541666666667,1
438,Ahmedabad,2022-03-22,57.607451612903226,1
438,Ahmedabad,2022-03-23,16.88357142857143,1
438,Ahmedabad,2022-03-24,15.01864,1
438,Ahmedabad,2022-03-25,15.066749999999999,1
438,Ahmedabad,2022-03-26,15.062333333333333,1
438,Ahmedabad,2022-03-27,14.99184,1
438,Ahmedabad,2022-03-28,14.8485,1
438,Ahmedabad,2022-03-29,37.08719230769231,1
438,Ahmedabad,2022-03-30,36.73614285714286,1
438,Ahmedabad,2022-03-31,15.037333333333335,1
438,Ahmedabad,2022-04-01,33.57351612903226,1
438,Ahmedabad,2022-04-02,14.841571428571429,1
438,Ahmedabad,2022-04-03,14.995624999999999,1
438,Ahmedabad,2022-04-04,15.068875,1
438,Ahmedabad,2022-04-05,14.93404,1
438,Ahmedabad,2022-04-06,14.884461538461538,1
438,Ahmedabad,2022-04-07,14.88076923076923,1
438,Ahmedabad,2022-04-08,30.41169230769231,1
438,Ahmedabad,2022-04-09,24.118192307692308,1
438,Ahmedabad,2022-04-10,14.93488,1
438,Ahmedabad,2022-04-11,14.993583333333333,1
438,Ahmedabad,2022-04-12,14.989833333333335,1
438,Ahmedabad,2022-04-13,14.94028,1
438,Ahmedabad,2022-04-14,15.032791666666666,1
438,Ahmedabad,2022-04-15,15.050041666666667,1
438,Ahmedabad,2022-04-16,15.008708333333333,1
438,Ahmedabad,2022-04-17,15.004291666666667,1
438,Ahmedabad,2022-04-18,14.992624999999999,1
438,Ahmedabad,2022-04-19,15.042791666666666,1
438,Ahmedabad,2022-04-20,15.03244,1
438,Ahmedabad,2022-04-21,15.078583333333334,1
438,Ahmedabad,2022-04-22,14.96076,1
438,Ahmedabad,2022-04-23,14.831346153846154,1
438,Ahmedabad,2022-04-24,14.924500000000002,1
438,Ahmedabad,2022-04-25,34.19896,1
438,Ahmedabad,2022-04-26,15.01464,1
438,Ahmedabad,2022-04-27,15.061708333333334,1
438,Ahmedabad,2022-04-28,14.98432,1
438,Ahmedabad,2022-04-29,15.03125,1
438,Ahmedabad,2022-04-30,15.046666666666667,1
438,Ahmedabad,2022-05-01,15.046458333333334,1
438,Ahmedabad,2022-05-02,15.04325,1
438,Ahmedabad,2022-05-03,15.040875,1
438,Ahmedabad,2022-05-04,15.023625000000001,1
438,Ahmedabad,2022-05-05,15.009166666666667,1
438,Ahmedabad,2022-05-06,15.035291666666666,1
438,Ahmedabad,2022-05-07,15.012833333333333,1
438,Ahmedabad,2022-05-08,15.022874999999999,1
438,Ahmedabad,2022-05-09,15.02525,1
438,Ahmedabad,2022-05-10,15.059375000000001,1
438,Ahmedabad,2022-05-11,15.059875,1
438,Ahmedabad,2022-05-12,15.039875,1
438,Ahmedabad,2022-05-13,15.07625,1
438,Ahmedabad,2022-05-14,15.053416666666665,1
438,Ahmedabad,2022-05-15,15.036458333333334,1
438,Ahmedabad,2022-05-16,15.264125,1
438,Ahmedabad,2022-05-17,15.595083333333333,1
438,Ahmedabad,2022-05-18,15.55724,1
438,Ahmedabad,2022-05-19,15.57,1
438,Ahmedabad,2022-05-20,15.44,1
438,Ahmedabad,2022-05-21,15.440083333333334,1
438,Ahmedabad,2022-05-22,14.488583333333333,1
438,Ahmedabad,2022-05-23,13.794291666666666,1
438,Ahmedabad,2022-05-24,13.795291666666666,1
438,Ahmedabad,2022-05-25,13.755999999999998,1
438,Ahmedabad,2022-05-26,13.846916666666667,1
438,Ahmedabad,2022-05-27,13.805166666666667,1
438,Ahmedabad,2022-05-28,13.82025,1
438,Ahmedabad,2022-05-29,13.793083333333334,1
438,Ahmedabad,2022-05-30,13.7854,1
438,Ahmedabad,2022-05-31,13.85216,1
438,Ahmedabad,2022-06-01,13.783583333333333,1
438,Ahmedabad,2022-06-02,13.796041666666667,1
438,Ahmedabad,2022-06-03,13.781166666666666,1
438,Ahmedabad,2022-06-04,13.746559999999999,1
438,Ahmedabad,2022-06-05,13.815083333333334,1
438,Ahmedabad,2022-06-06,13.79912,1
438,Ahmedabad,2022-06-07,13.869166666666667,1
438,Ahmedabad,2022-06-08,13.81952,1
438,Ahmedabad,2022-06-09,13.714555555555556,1
438,Ahmedabad,2022-06-10,13.601,1
438,Ahmedabad,2022-06-11,13.382075,1
438,Ahmedabad,2022-06-12,13.467571428571429,1
438,Ahmedabad,2022-06-13,13.803714285714287,1
438,Ahmedabad,2022-06-14,13.699310344827587,1
438,Ahmedabad,2022-06-15,13.372581395348837,1
438,Ahmedabad,2022-06-16,13.480942857142857,1
438,Ahmedabad,2022-06-17,13.430969696969697,1
438,Ahmedabad,2022-06-18,13.408885714285713,1
438,Ahmedabad,2022-06-19,13.22659523809524,1
438,Ahmedabad,2022-06-20,13.40739393939394,1
438,Ahmedabad,2022-06-21,13.306055555555554,1
438,Ahmedabad,2022-06-22,13.38614705882353,1
438,Ahmedabad,2022-06-23,13.600703703703703,1
438,Ahmedabad,2022-06-24,13.358324324324323,1
438,Ahmedabad,2022-06-25,13.197475,1
438,Ahmedabad,2022-06-26,13.4301875,1
438,Ahmedabad,2022-06-27,13.663102564102564,1
438,Ahmedabad,2022-06-28,13.7698,1
438,Ahmedabad,2022-06-29,13.797235294117646,1
438,Ahmedabad,2022-06-30,13.646525,1
438,Ahmedabad,2022-07-01,13.589795454545454,1
438,Ahmedabad,2022-07-02,13.622880952380951,1
438,Ahmedabad,2022-07-03,13.754,1
438,Ahmedabad,2022-07-04,13.56868888888889,1
438,Ahmedabad,2022-07-05,13.650341463414634,1
438,Ahmedabad,2022-07-06,13.596272727272726,1
438,Ahmedabad,2022-07-07,13.59875,1
438,Ahmedabad,2022-07-08,13.761297297297297,1
438,Ahmedabad,2022-07-09,13.850432432432433,1
438,Ahmedabad,2022-07-10,14.1976,1
438,Ahmedabad,2022-07-11,14.59271052631579,1
438,Ahmedabad,2022-07-12,15.43759375,1
438,Ahmedabad,2022-07-13,14.895,1
438,Ahmedabad,2022-07-14,14.629771428571429,1
438,Ahmedabad,2022-07-15,14.650484848484849,1
438,Ahmedabad,2022-07-16,14.64827027027027,1
438,Ahmedabad,2022-07-17,14.555148148148147,1
438,Ahmedabad,2022-07-18,14.631771428571428,1
438,Ahmedabad,2022-07-19,14.556896551724137,1
438,Ahmedabad,2022-07-20,14.591222222222221,1
438,Ahmedabad,2022-07-21,14.52165625,1
438,Ahmedabad,2022-07-22,14.435307692307692,1
438,Ahmedabad,2022-07-23,14.396939393939393,1
438,Ahmedabad,2022-07-24,14.489891891891892,1
438,Ahmedabad,2022-07-25,14.8573,1
438,Ahmedabad,2022-07-26,14.622357142857142,1
438,Ahmedabad,2022-07-27,14.624589743589745,1
438,Ahmedabad,2022-07-28,26.666190476190476,1
438,Ahmedabad,2022-07-29,14.524872340425532,1
438,Ahmedabad,2022-07-30,14.458790697674418,1
438,Ahmedabad,2022-07-31,14.400619047619049,1
438,Ahmedabad,2022-08-01,14.356333333333334,1
438,Ahmedabad,2022-08-02,14.375124999999999,1
438,Ahmedabad,2022-08-03,14.35658536585366,1
438,Ahmedabad,2022-08-04,14.37360465116279,1
438,Ahmedabad,2022-08-05,14.381847826086956,1
438,Ahmedabad,2022-08-06,14.399659090909092,1
438,Ahmedabad,2022-08-07,14.367148936170212,1
438,Ahmedabad,2022-08-08,14.374428571428572,1
438,Ahmedabad,2022-08-09,14.360285714285713,1
438,Ahmedabad,2022-08-10,14.343875,1
438,Ahmedabad,2022-08-11,14.383829268292683,1
438,Ahmedabad,2022-08-12,14.372170731707318,1
438,Ahmedabad,2022-08-13,14.393377777777777,1
438,Ahmedabad,2022-08-14,15.502434782608695,1
438,Ahmedabad,2022-08-15,15.665255813953488,1
438,Ahmedabad,2022-08-16,15.70625641025641,1
438,Ahmedabad,2022-08-17,15.794170731707318,1
438,Ahmedabad,2022-08-18,17.00844186046512,1
438,Ahmedabad,2022-08-19,18.668906976744186,1
438,Ahmedabad,2022-08-20,18.39521276595745,1
438,Ahmedabad,2022-08-21,17.8236,1
438,Ahmedabad,2022-08-22,17.249416666666665,1
438,Ahmedabad,2022-08-23,17.03971052631579,1
438,Ahmedabad,2022-08-24,17.297875,1
438,Ahmedabad,2022-08-25,19.244291666666665,1
438,Ahmedabad,2022-08-26,18.81266666666667,1
438,Ahmedabad,2022-08-27,17.23425,1
438,Ahmedabad,2022-08-28,16.587612903225807,1
438,Ahmedabad,2022-08-29,16.37917142857143,1
438,Ahmedabad,2022-08-30,16.23875,1
438,Ahmedabad,2022-08-31,16.423055555555557,1
438,Ahmedabad,2022-09-01,16.537372093023254,1
438,Ahmedabad,2022-09-02,16.442325581395348,1
438,Ahmedabad,2022-09-03,15.978186046511627,1
438,Ahmedabad,2022-09-04,16.206958333333333,1
438,Ahmedabad,2022-09-05,16.46741666666667,1
438,Ahmedabad,2022-09-06,16.27132608695652,1
438,Ahmedabad,2022-09-07,15.787478260869566,1
438,Ahmedabad,2022-09-08,15.35536956521739,1
438,Ahmedabad,2022-09-09,15.167978260869564,1
438,Ahmedabad,2022-09-10,15.151808510638297,1
438,Ahmedabad,2022-09-11,14.952804347826087,1
438,Ahmedabad,2022-09-12,15.112195652173911,1
438,Ahmedabad,2022-09-13,15.445382978723405,1
438,Ahmedabad,2022-09-14,16.23604166666667,1
438,Ahmedabad,2022-09-15,16.38891489361702,1
438,Ahmedabad,2022-09-16,16.655780487804876,1
438,Ahmedabad,2022-09-17,16.69217021276596,1
438,Ahmedabad,2022-09-18,16.484027777777776,1
438,Ahmedabad,2022-09-19,16.08055,1
438,Ahmedabad,2022-09-20,15.78728205128205,1
438,Ahmedabad,2022-09-21,15.62497142857143,1
438,Ahmedabad,2022-09-22,15.40175,1
438,Ahmedabad,2022-09-23,15.070914285714284,1
438,Ahmedabad,2022-09-24,15.025294117647059,1
438,Ahmedabad,2022-09-25,14.631805555555555,1
438,Ahmedabad,2022-09-26,14.610424242424243,1
438,Ahmedabad,2022-09-27,14.26146875,1
438,Ahmedabad,2022-09-28,14.56842105263158,1
438,Ahmedabad,2022-09-29,14.672789473684212,1
438,Ahmedabad,2022-09-30,14.678531914893616,1
438,Ahmedabad,2022-10-01,14.571382978723404,1
438,Ahmedabad,2022-10-02,14.581291666666667,1
438,Ahmedabad,2022-10-03,14.766255319148936,1
438,Ahmedabad,2022-10-04,14.865708333333332,1
438,Ahmedabad,2022-10-05,14.310916666666666,1
438,Ahmedabad,2022-10-06,14.140375,1
438,Ahmedabad,2022-10-07,14.54211111111111,1
438,Ahmedabad,2022-10-08,14.633914893617021,1
438,Ahmedabad,2022-10-09,15.084918367346937,1
438,Ahmedabad,2022-10-10,15.174704545454546,1
438,Ahmedabad,2022-10-11,15.170868421052633,1
438,Ahmedabad,2022-10-12,15.41525,1
438,Ahmedabad,2022-10-13,15.456297872340427,1
438,Ahmedabad,2022-10-14,15.831717391304348,1
438,Ahmedabad,2022-10-15,16.03967391304348,1
438,Ahmedabad,2022-10-16,15.735541666666668,1
438,Ahmedabad,2022-10-17,14.680124999999999,1
438,Ahmedabad,2022-10-18,14.8559,1
438,Ahmedabad,2022-10-19,14.989521739130435,1
438,Ahmedabad,2022-10-20,15.384391304347826,1
438,Ahmedabad,2022-10-21,15.356717391304347,1
438,Ahmedabad,2022-10-22,14.777166666666666,1
438,Ahmedabad,2022-10-23,14.218208333333335,1
438,Ahmedabad,2022-10-24,14.145466666666668,1
438,Ahmedabad,2022-10-25,14.110341463414635,1
438,Ahmedabad,2022-10-26,14.085400000000002,1
438,Ahmedabad,2022-10-27,14.063416666666667,1
438,Ahmedabad,2022-10-28,14.033936170212767,1
438,Ahmedabad,2022-10-29,14.03168888888889,1
438,Ahmedabad,2022-10-30,14.038117647058824,1
438,Ahmedabad,2022-10-31,14.039250000000001,1
438,Ahmedabad,2022-11-01,14.0405,1
438,Ahmedabad,2022-11-02,14.043148936170214,1
438,Ahmedabad,2022-11-03,14.044975609756099,1
438,Ahmedabad,2022-11-04,14.0579,1
438,Ahmedabad,2022-11-05,14.065243243243243,1
438,Ahmedabad,2022-11-06,14.068032258064516,1
438,Ahmedabad,2022-11-07,14.063954545454544,1
438,Ahmedabad,2022-11-08,14.053972972972971,1
438,Ahmedabad,2022-11-09,14.05528205128205,1
438,Ahmedabad,2022-11-10,14.068577777777778,1
438,Ahmedabad,2022-11-11,14.052760869565217,1
438,Ahmedabad,2022-11-12,14.022521739130436,1
438,Ahmedabad,2022-11-13,14.012617021276595,1
438,Ahmedabad,2022-11-14,14.03875,1
438,Ahmedabad,2022-11-15,14.034999999999998,1
438,Ahmedabad,2022-11-16,14.03818918918919,1
438,Ahmedabad,2022-11-17,14.041447368421053,1
438,Ahmedabad,2022-11-18,14.034761904761906,1
438,Ahmedabad,2022-11-19,14.019063829787234,1
438,Ahmedabad,2022-11-20,14.034833333333333,1
438,Ahmedabad,2022-11-21,14.02136170212766,1
438,Ahmedabad,2022-11-22,14.017093023255814,1
438,Ahmedabad,2022-11-23,14.018157894736843,1
438,Ahmedabad,2022-11-24,14.029155555555556,1
438,Ahmedabad,2022-11-25,14.041958333333334,1
438,Ahmedabad,2022-11-26,14.043541666666668,1
438,Ahmedabad,2022-11-27,14.004857142857142,1
438,Ahmedabad,2022-11-28,14.030619047619046,1
438,Ahmedabad,2022-11-29,14.032806451612903,1
438,Ahmedabad,2022-11-30,14.02183870967742,1
438,Ahmedabad,2022-12-01,14.024230769230769,1
438,Ahmedabad,2022-12-02,14.034060606060606,1
438,Ahmedabad,2022-12-03,14.044694444444444,1
438,Ahmedabad,2022-12-04,14.046166666666666,1
438,Ahmedabad,2022-12-05,14.036238095238096,1
438,Ahmedabad,2022-12-06,14.054285714285713,1
438,Ahmedabad,2022-12-07,14.053771428571428,1
438,Ahmedabad,2022-12-08,14.14735,1
438,Ahmedabad,2022-12-09,14.462902439024392,1
438,Ahmedabad,2022-12-10,14.397625,1
438,Ahmedabad,2022-12-11,14.108181818181817,1
438,Ahmedabad,2022-12-12,14.072041666666665,1
438,Ahmedabad,2022-12-13,14.058666666666667,1
438,Ahmedabad,2022-12-14,14.059695652173913,1
438,Ahmedabad,2022-12-15,14.055170212765956,1
438,Ahmedabad,2022-12-16,14.100026315789474,1
438,Ahmedabad,2022-12-17,14.085972972972973,1
438,Ahmedabad,2022-12-18,14.097392857142856,1
438,Ahmedabad,2022-12-19,14.071666666666667,1
438,Ahmedabad,2022-12-20,14.125458333333334,1
438,Ahmedabad,2022-12-21,14.218704545454546,1
438,Ahmedabad,2022-12-22,14.090738095238097,1
438,Ahmedabad,2022-12-23,14.087386363636364,1
438,Ahmedabad,2022-12-24,14.05962857142857,1
438,Ahmedabad,2022-12-25,14.043642857142856,1
438,Ahmedabad,2022-12-26,14.03392857142857,1
438,Ahmedabad,2022-12-27,14.034857142857144,1
438,Ahmedabad,2022-12-28,14.032333333333334,1
438,Ahmedabad,2022-12-29,14.038642857142857,1
438,Ahmedabad,2022-12-30,14.036673913043478,1
438,Ahmedabad,2022-12-31,14.035577777777778,1
438,Ahmedabad,2023-01-01,14.03836170212766,1
438,Ahmedabad,2023-01-02,14.030666666666667,1
438,Ahmedabad,2023-01-03,14.017925,1
438,Ahmedabad,2023-01-04,14.027348837209303,1
438,Ahmedabad,2023-01-05,14.019124999999999,1
438,Ahmedabad,2023-01-06,14.016644444444445,1
438,Ahmedabad,2023-01-07,14.010825,1
438,Ahmedabad,2023-01-08,14.028243902439025,1
438,Ahmedabad,2023-01-09,14.037225806451612,1
438,Ahmedabad,2023-01-10,14.07070731707317,1
438,Ahmedabad,2023-01-11,14.657431818181818,1
438,Ahmedabad,2023-01-12,14.173025,1
438,Ahmedabad,2023-01-13,14.09315,1
438,Ahmedabad,2023-01-14,14.079864864864867,1
438,Ahmedabad,2023-01-15,14.066,1
438,Ahmedabad,2023-01-16,14.01925,1
438,Ahmedabad,2023-01-17,14.02031707317073,1
438,Ahmedabad,2023-01-18,14.037893617021275,1
438,Ahmedabad,2023-01-19,14.032923076923076,1
438,Ahmedabad,2023-01-20,14.04376923076923,1
438,Ahmedabad,2023-01-21,14.04575,1
438,Ahmedabad,2023-01-22,14.050333333333334,1
438,Ahmedabad,2023-01-23,14.04951219512195,1
438,Ahmedabad,2023-01-24,14.036736842105261,1
438,Ahmedabad,2023-01-25,14.045875,1
438,Ahmedabad,2023-01-26,14.053125,1
438,Ahmedabad,2023-01-27,14.06236170212766,1
438,Ahmedabad,2023-01-28,14.0634,1
438,Ahmedabad,2023-01-29,14.069787878787878,1
438,Ahmedabad,2023-01-30,14.086694444444444,1
438,Ahmedabad,2023-01-31,14.083595238095237,1
438,Ahmedabad,2023-02-01,14.06691304347826,1
438,Ahmedabad,2023-02-02,14.053166666666666,1
438,Ahmedabad,2023-02-03,14.060021276595744,1
438,Ahmedabad,2023-02-04,14.057767441860467,1
438,Ahmedabad,2023-02-05,14.057916666666666,1
438,Ahmedabad,2023-02-06,14.053531914893616,1
438,Ahmedabad,2023-02-07,14.046625,1
438,Ahmedabad,2023-02-08,14.070212765957447,1
438,Ahmedabad,2023-02-09,14.049902439024391,1
438,Ahmedabad,2023-02-10,14.049777777777777,1
438,Ahmedabad,2023-02-11,14.054375,1
438,Ahmedabad,2023-02-12,14.058775,1
438,Ahmedabad,2023-02-13,14.05627659574468,1
438,Ahmedabad,2023-02-14,14.043921052631578,1
438,Ahmedabad,2023-02-15,14.050875,1
438,Ahmedabad,2023-02-16,14.050371428571427,1
438,Ahmedabad,2023-02-17,14.053666666666667,1
438,Ahmedabad,2023-02-18,14.05278125,1
438,Ahmedabad,2023-02-19,14.046459459459461,1
438,Ahmedabad,2023-02-20,14.034916666666668,1
438,Ahmedabad,2023-02-21,14.031208333333334,1
438,Ahmedabad,2023-02-22,14.02741304347826,1
438,Ahmedabad,2023-02-23,14.049680851063831,1
438,Ahmedabad,2023-02-24,14.051434782608695,1
438,Ahmedabad,2023-02-25,14.057047619047617,1
438,Ahmedabad,2023-02-26,14.066916666666666,1
438,Ahmedabad,2023-02-27,14.06659375,1
438,Ahmedabad,2023-02-28,14.239444444444445,1
438,Ahmedabad,2023-03-01,14.362536585365854,1
438,Ahmedabad,2023-03-02,14.437791666666667,1
438,Ahmedabad,2023-03-03,14.239739130434783,1
438,Ahmedabad,2023-03-04,14.122782608695653,1
438,Ahmedabad,2023-03-05,14.103680851063832,1
438,Ahmedabad,2023-03-06,14.088488372093023,1
438,Ahmedabad,2023-03-07,14.094261904761904,1
438,Ahmedabad,2023-03-08,14.22340425531915,1
438,Ahmedabad,2023-03-09,14.533372093023257,1
438,Ahmedabad,2023-03-10,14.36839534883721,1
438,Ahmedabad,2023-03-11,14.12131818181818,1
438,Ahmedabad,2023-03-12,14.091326086956522,1
438,Ahmedabad,2023-03-13,14.102775,1
438,Ahmedabad,2023-03-14,14.093704545454546,1
438,Ahmedabad,2023-03-15,14.086558139534883,1
438,Ahmedabad,2023-03-16,14.086260869565217,1
438,Ahmedabad,2023-03-17,14.098790697674419,1
438,Ahmedabad,2023-03-18,14.094470588235295,1
438,Ahmedabad,2023-03-20,14.076391304347826,1
438,Ahmedabad,2023-03-21,14.090195121951218,1
438,Ahmedabad,2023-03-22,14.0815,1
438,Ahmedabad,2023-03-23,14.088363636363637,1
438,Ahmedabad,2023-03-24,14.10139024390244,1
438,Ahmedabad,2023-03-25,14.134190476190476,1
438,Ahmedabad,2023-03-26,14.10895652173913,1
438,Ahmedabad,2023-03-27,14.338695652173914,1
438,Ahmedabad,2023-03-28,15.005600000000001,1
438,Ahmedabad,2023-03-29,14.499177777777778,1
438,Ahmedabad,2023-03-30,14.502717391304348,1
438,Ahmedabad,2023-03-31,14.229272727272727,1
438,Ahmedabad,2023-04-01,14.308733333333334,1
438,Ahmedabad,2023-04-02,14.510916666666667,1
438,Ahmedabad,2023-04-03,14.318755555555557,1
438,Ahmedabad,2023-04-04,14.244750000000002,1
438,Ahmedabad,2023-04-05,14.157829268292684,1
438,Ahmedabad,2023-04-06,14.127022222222223,1
438,Ahmedabad,2023-04-07,14.115581395348839,1
438,Ahmedabad,2023-04-08,14.110326086956523,1
438,Ahmedabad,2023-04-09,14.109375,1
438,Ahmedabad,2023-04-10,14.103022727272728,1
438,Ahmedabad,2023-04-11,14.102391304347828,1
438,Ahmedabad,2023-04-12,14.101083333333333,1
438,Ahmedabad,2023-04-13,14.099487804878047,1
438,Ahmedabad,2023-04-14,14.09893181818182,1
438,Ahmedabad,2023-04-15,14.101023809523811,1
438,Ahmedabad,2023-04-16,14.100651162790697,1
438,Ahmedabad,2023-04-17,14.10545238095238,1
438,Ahmedabad,2023-04-18,14.102608695652174,1
438,Ahmedabad,2023-04-19,14.106950000000001,1
438,Ahmedabad,2023-04-20,14.105589743589745,1
438,Ahmedabad,2023-04-21,14.113886363636363,1
438,Ahmedabad,2023-04-22,14.115,1
438,Ahmedabad,2023-04-23,14.112464285714285,1
438,Ahmedabad,2023-04-24,14.097136363636364,1
438,Ahmedabad,2023-04-25,14.094541666666666,1
438,Ahmedabad,2023-04-26,14.089918918918919,1
438,Ahmedabad,2023-04-27,14.094052631578947,1
438,Ahmedabad,2023-04-28,14.096034482758622,1
438,Ahmedabad,2023-04-29,14.106321428571428,1
438,Ahmedabad,2023-04-30,14.124926829268292,1
438,Ahmedabad,2023-05-01,14.119326086956523,1
438,Ahmedabad,2023-05-02,14.110217391304346,1
438,Ahmedabad,2023-05-03,14.104166666666666,1
438,Ahmedabad,2023-05-04,14.179190476190476,1
438,Ahmedabad,2023-05-05,14.153291666666666,1
438,Ahmedabad,2023-05-06,14.098326086956522,1
438,Ahmedabad,2023-05-07,14.087833333333334,1
438,Ahmedabad,2023-05-08,14.090088888888888,1
438,Ahmedabad,2023-05-09,14.085208333333334,1
438,Ahmedabad,2023-05-10,14.076533333333332,1
438,Ahmedabad,2023-05-11,14.084787234042553,1
438,Ahmedabad,2023-05-12,14.07852380952381,1
438,Ahmedabad,2023-05-13,14.066882352941176,1
438,Ahmedabad,2023-05-14,14.077052631578947,1
438,Ahmedabad,2023-05-15,14.073522727272728,1
438,Ahmedabad,2023-05-16,14.083625000000001,1
438,Ahmedabad,2023-05-17,14.08375,1
438,Ahmedabad,2023-05-18,14.092285714285714,1
438,Ahmedabad,2023-05-19,14.089074074074073,1
438,Ahmedabad,2023-05-20,14.096925925925927,1
438,Ahmedabad,2023-05-21,14.098,1
438,Ahmedabad,2023-05-22,14.102214285714286,1
438,Ahmedabad,2023-05-23,14.088585365853657,1
438,Ahmedabad,2023-05-24,14.092375,1
438,Ahmedabad,2023-05-25,14.102846153846153,1
438,Ahmedabad,2023-05-26,14.091166666666668,1
438,Ahmedabad,2023-05-27,14.093222222222222,1
438,Ahmedabad,2023-05-29,14.775166666666665,1
438,Ahmedabad,2023-05-30,14.702236842105265,1
438,Ahmedabad,2023-05-31,14.277708333333335,1
438,Ahmedabad,2023-06-01,14.169583333333334,1
438,Ahmedabad,2023-06-02,14.154166666666667,1
438,Ahmedabad,2023-06-03,14.12892857142857,1
438,Ahmedabad,2023-06-04,14.157574468085105,1
438,Ahmedabad,2023-06-05,14.597904761904761,1
438,Ahmedabad,2023-06-06,14.241583333333333,1
438,Ahmedabad,2023-06-07,14.151125,1
438,Ahmedabad,2023-06-08,14.130382978723405,1
438,Ahmedabad,2023-06-09,14.125894736842104,1
438,Ahmedabad,2023-06-10,14.113125,1
438,Ahmedabad,2023-06-11,14.106875,1
438,Ahmedabad,2023-06-12,14.101230769230769,1
438,Ahmedabad,2023-06-13,14.105170212765957,1
438,Ahmedabad,2023-06-14,14.109216216216218,1
438,Ahmedabad,2023-06-15,14.114279069767441,1
438,Ahmedabad,2023-06-16,14.120000000000001,1
438,Ahmedabad,2023-06-17,14.2695,1
438,Ahmedabad,2023-06-19,14.185176470588235,1
438,Ahmedabad,2023-06-20,14.127657142857144,1
438,Ahmedabad,2023-06-21,14.135,1
438,Ahmedabad,2023-06-22,14.128285714285715,1
438,Ahmedabad,2023-06-23,14.133189189189189,1
438,Ahmedabad,2023-06-24,14.141050000000002,1
438,Ahmedabad,2023-06-25,14.15767391304348,1
438,Ahmedabad,2023-06-26,14.172625000000002,1
438,Ahmedabad,2023-06-27,14.483479166666667,1
438,Ahmedabad,2023-06-28,14.644382978723403,1
438,Ahmedabad,2023-06-29,14.489125,1
438,Ahmedabad,2023-06-30,14.39782608695652,1
438,Ahmedabad,2023-07-01,14.610851063829788,1
438,Ahmedabad,2023-07-02,14.774042553191489,1
438,Ahmedabad,2023-07-03,14.309531914893617,1
438,Ahmedabad,2023-07-04,14.201125,1
438,Ahmedabad,2023-07-05,14.171916666666666,1
438,Ahmedabad,2023-07-06,14.199326086956521,1
438,Ahmedabad,2023-07-07,14.338833333333334,1
438,Ahmedabad,2023-07-08,14.455764705882352,1
438,Ahmedabad,2023-07-09,14.879249999999999,1
438,Ahmedabad,2023-07-10,14.809794117647058,1
438,Ahmedabad,2023-07-11,14.543057142857142,1
438,Ahmedabad,2023-07-12,14.255975000000001,1
438,Ahmedabad,2023-07-13,14.217717391304348,1
438,Ahmedabad,2023-07-14,14.164878787878788,1
438,Ahmedabad,2023-07-15,14.15448780487805,1
438,Ahmedabad,2023-07-16,14.15232608695652,1
438,Ahmedabad,2023-07-17,14.144894736842105,1
438,Ahmedabad,2023-07-18,14.162285714285714,1
438,Ahmedabad,2023-07-19,14.21015625,1
438,Ahmedabad,2023-07-20,14.980114285714285,1
438,Ahmedabad,2023-07-21,14.824555555555555,1
438,Ahmedabad,2023-07-22,14.294999999999998,1
438,Ahmedabad,2023-07-23,15.339634146341462,1
438,Ahmedabad,2023-07-24,15.249555555555556,1
438,Ahmedabad,2023-07-25,14.975282608695654,1
438,Ahmedabad,2023-07-26,14.958222222222222,1
438,Ahmedabad,2023-07-27,14.597791666666666,1
438,Ahmedabad,2023-07-28,14.513102564102564,1
438,Ahmedabad,2023-07-29,14.218575757575758,1
438,Ahmedabad,2023-07-30,14.209999999999999,1
438,Ahmedabad,2023-07-31,14.4344,1
438,Ahmedabad,2023-08-01,15.070088888888888,1
438,Ahmedabad,2023-08-02,14.622866666666667,1
438,Ahmedabad,2023-08-03,15.327782608695651,1
438,Ahmedabad,2023-08-04,16.613333333333333,1
438,Ahmedabad,2023-08-05,15.938880952380952,1
438,Ahmedabad,2023-08-06,15.314127659574469,1
438,Ahmedabad,2023-08-07,15.158199999999999,1
438,Ahmedabad,2023-08-08,15.19848484848485,1
438,Ahmedabad,2023-08-09,14.884024390243903,1
438,Ahmedabad,2023-08-10,14.329818181818181,1
438,Ahmedabad,2023-08-11,14.160105263157893,1
438,Ahmedabad,2023-08-12,14.12168292682927,1
438,Ahmedabad,2023-08-13,14.10512765957447,1
438,Ahmedabad,2023-08-14,14.081244444444444,1
438,Ahmedabad,2023-08-15,14.538130434782609,1
438,Ahmedabad,2023-08-16,14.254177777777777,1
438,Ahmedabad,2023-08-17,14.07575,1
438,Ahmedabad,2023-08-18,14.052409090909093,1
438,Ahmedabad,2023-08-19,14.057166666666667,1
438,Ahmedabad,2023-08-20,14.146021739130434,1
438,Ahmedabad,2023-08-21,14.0738,1
438,Ahmedabad,2023-08-22,14.050600000000001,1
438,Ahmedabad,2023-08-23,14.420478260869565,1
438,Ahmedabad,2023-08-24,14.434152173913043,1
438,Ahmedabad,2023-08-25,14.234888888888888,1
438,Ahmedabad,2023-08-26,14.165906976744186,1
438,Ahmedabad,2023-08-27,14.07575,1
438,Ahmedabad,2023-08-28,14.047926829268294,1
438,Ahmedabad,2023-08-29,14.025057142857143,1
438,Ahmedabad,2023-08-30,14.013717948717948,1
438,Ahmedabad,2023-08-31,15.845227272727273,1
438,Ahmedabad,2023-09-01,14.005243902439025,1
438,Ahmedabad,2023-09-02,14.013,1
438,Ahmedabad,2023-09-03,14.02875,1
438,Ahmedabad,2023-09-04,14.0601,1
438,Ahmedabad,2023-09-05,14.042906976744186,1
438,Ahmedabad,2023-09-06,14.015255319148936,1
438,Ahmedabad,2023-09-07,14.023155555555556,1
438,Ahmedabad,2023-09-08,14.09,1
438,Ahmedabad,2023-09-09,16.066521739130433,1
438,Ahmedabad,2023-09-10,14.355209302325582,1
438,Ahmedabad,2023-09-11,14.09034090909091,1
438,Ahmedabad,2023-09-12,14.018891304347827,1
438,Ahmedabad,2023-09-13,14.018731707317073,1
438,Ahmedabad,2023-09-14,14.007205128205127,1
438,Ahmedabad,2023-09-15,14.004871794871796,1
438,Ahmedabad,2023-09-16,14.011292682926829,1
438,Ahmedabad,2023-09-17,14.314315789473683,1
438,Ahmedabad,2023-09-18,16.18767391304348,1
438,Ahmedabad,2023-09-19,17.0842,1
438,Ahmedabad,2023-09-20,17.87327906976744,1
438,Ahmedabad,2023-09-21,17.52459375,1
438,Ahmedabad,2023-09-22,15.911833333333334,1
438,Ahmedabad,2023-09-23,15.645891304347826,1
438,Ahmedabad,2023-09-24,15.514744680851063,1
438,Ahmedabad,2023-09-25,15.406108695652176,1
438,Ahmedabad,2023-09-26,15.012791666666667,1
438,Ahmedabad,2023-09-27,15.136547619047619,1
438,Ahmedabad,2023-09-28,16.200045454545457,1
438,Ahmedabad,2023-09-29,16.122212765957446,1
438,Ahmedabad,2023-09-30,15.895375,1
438,Ahmedabad,2023-10-01,16.219083333333334,1
438,Ahmedabad,2023-10-02,15.889166666666666,1
438,Ahmedabad,2023-10-03,15.10992857142857,1
438,Ahmedabad,2023-10-04,14.889955555555556,1
438,Ahmedabad,2023-10-05,14.7455,1
438,Ahmedabad,2023-10-06,14.455416666666666,1
438,Ahmedabad,2023-10-07,15.016446808510638,1
438,Ahmedabad,2023-10-08,15.484250000000001,1
438,Ahmedabad,2023-10-09,14.85286046511628,1
438,Ahmedabad,2023-10-10,14.52775,1
438,Ahmedabad,2023-10-11,14.532708333333334,1
438,Ahmedabad,2023-10-12,14.102266666666667,1
438,Ahmedabad,2023-10-13,14.060186046511626,1
438,Ahmedabad,2023-10-14,14.058083333333334,1
438,Ahmedabad,2023-10-15,14.053791666666667,1
438,Ahmedabad,2023-10-16,14.051170212765957,1
438,Ahmedabad,2023-10-17,14.043,1
438,Ahmedabad,2023-10-18,14.027489361702129,1
438,Ahmedabad,2023-10-19,14.028425531914895,1
438,Ahmedabad,2023-10-20,14.11775,1
438,Ahmedabad,2023-10-21,14.07775,1
438,Ahmedabad,2023-10-22,14.042153846153846,1
438,Ahmedabad,2023-10-23,14.038172413793102,1
438,Ahmedabad,2023-10-24,14.031241379310345,1
438,Ahmedabad,2023-10-25,14.0258,1
438,Ahmedabad,2023-10-26,14.189595238095237,1
438,Ahmedabad,2023-10-27,14.349627906976744,1
438,Ahmedabad,2023-10-28,14.175311111111112,1
438,Ahmedabad,2023-10-29,14.043651162790697,1
438,Ahmedabad,2023-10-30,14.105511627906978,1
438,Ahmedabad,2023-10-31,14.060043478260868,1
438,Ahmedabad,2023-11-01,14.033177777777778,1
438,Ahmedabad,2023-11-02,14.033916666666668,1
438,Ahmedabad,2023-11-03,14.041717391304347,1
438,Ahmedabad,2023-11-04,14.041659090909091,1
438,Ahmedabad,2023-11-05,14.022375,1
438,Ahmedabad,2023-11-06,14.032822222222222,1
438,Ahmedabad,2023-11-07,14.026652173913044,1
438,Ahmedabad,2023-11-08,14.048589743589742,1
438,Ahmedabad,2023-11-09,14.272851063829787,1
438,Ahmedabad,2023-11-10,14.136681818181819,1
438,Ahmedabad,2023-11-11,14.042636363636364,1
438,Ahmedabad,2023-11-12,14.026326086956521,1
438,Ahmedabad,2023-11-13,14.00054347826087,1
438,Ahmedabad,2023-11-14,13.982782608695652,1
438,Ahmedabad,2023-11-15,13.981499999999999,1
438,Ahmedabad,2023-11-16,13.954636363636364,1
438,Ahmedabad,2023-11-17,13.953608695652173,1
438,Ahmedabad,2023-11-18,13.950818181818182,1
438,Ahmedabad,2023-11-19,13.94914705882353,1
438,Ahmedabad,2023-11-20,13.95268292682927,1
438,Ahmedabad,2023-11-21,13.947066666666668,1
438,Ahmedabad,2023-11-22,13.961326086956522,1
438,Ahmedabad,2023-11-23,13.967958333333334,1
438,Ahmedabad,2023-11-24,13.96712765957447,1
438,Ahmedabad,2023-11-25,13.965708333333334,1
438,Ahmedabad,2023-11-26,13.999250000000002,1
438,Ahmedabad,2023-11-27,14.234978723404256,1
438,Ahmedabad,2023-11-28,14.269583333333332,1
438,Ahmedabad,2023-11-29,14.256391304347826,1
438,Ahmedabad,2023-11-30,14.160083333333333,1
438,Ahmedabad,2023-12-01,14.066041666666665,1
438,Ahmedabad,2023-12-02,14.047021276595746,1
438,Ahmedabad,2023-12-03,14.046833333333334,1
438,Ahmedabad,2023-12-04,14.04725,1
438,Ahmedabad,2023-12-05,14.066787234042554,1
438,Ahmedabad,2023-12-06,14.101512820512822,1
438,Ahmedabad,2023-12-07,14.049214285714285,1
438,Ahmedabad,2023-12-08,14.126083333333334,1
438,Ahmedabad,2023-12-09,14.15668085106383,1
438,Ahmedabad,2023-12-10,14.132916666666667,1
438,Ahmedabad,2023-12-11,14.230083333333333,1
438,Ahmedabad,2023-12-12,14.22568085106383,1
438,Ahmedabad,2023-12-13,14.147869565217391,1
438,Ahmedabad,2023-12-14,14.045808510638299,1
438,Ahmedabad,2023-12-15,14.042625000000001,1
438,Ahmedabad,2023-12-16,14.042489361702128,1
438,Ahmedabad,2023-12-17,14.035404255319149,1
438,Ahmedabad,2023-12-18,14.028681818181816,1
438,Ahmedabad,2023-12-19,14.019613636363637,1
438,Ahmedabad,2023-12-20,14.021673913043477,1
438,Ahmedabad,2023-12-21,16.150777777777776,1
438,Ahmedabad,2023-12-22,14.02013043478261,1
438,Ahmedabad,2023-12-23,14.029795454545456,1
438,Ahmedabad,2023-12-24,14.027560975609756,1
438,Ahmedabad,2023-12-25,14.024021739130434,1
438,Ahmedabad,2023-12-26,14.029170212765957,1
438,Ahmedabad,2023-12-27,14.033851063829788,1
438,Ahmedabad,2023-12-28,14.038391304347826,1
438,Ahmedabad,2023-12-29,14.036214285714285,1
438,Ahmedabad,2023-12-30,14.038568181818182,1
438,Ahmedabad,2023-12-31,14.05091304347826,1
438,Ahmedabad,2024-01-01,14.022851063829787,1
438,Ahmedabad,2024-01-02,14.033297297297297,1
438,Ahmedabad,2024-01-03,14.032642857142857,1
438,Ahmedabad,2024-01-04,14.022133333333333,1
438,Ahmedabad,2024-01-05,14.019133333333333,1
438,Ahmedabad,2024-01-06,14.028261904761905,1
438,Ahmedabad,2024-01-07,14.02962222222222,1
438,Ahmedabad,2024-01-08,14.040688888888889,1
438,Ahmedabad,2024-01-09,14.0435,1
438,Ahmedabad,2024-01-10,14.039733333333334,1
438,Ahmedabad,2024-01-11,14.051558139534883,1
438,Ahmedabad,2024-01-12,14.03775,1
438,Ahmedabad,2024-01-13,14.029851063829788,1
438,Ahmedabad,2024-01-14,14.026071428571429,1
438,Ahmedabad,2024-01-15,14.030653846153847,1
438,Ahmedabad,2024-01-16,13.99664705882353,1
438,Ahmedabad,2024-01-17,14.003043478260869,1
438,Ahmedabad,2024-01-18,14.019458333333333,1
438,Ahmedabad,2024-01-19,14.02475,1
438,Ahmedabad,2024-01-20,14.022,1
438,Ahmedabad,2024-01-21,14.019978723404254,1
438,Ahmedabad,2024-01-22,14.028291666666666,1
438,Ahmedabad,2024-01-23,14.029285714285715,1
438,Ahmedabad,2024-01-24,14.028425531914895,1
438,Ahmedabad,2024-01-25,14.031468085106384,1
438,Ahmedabad,2024-01-26,14.029900000000001,1
438,Ahmedabad,2024-01-27,14.037170731707317,1
438,Ahmedabad,2024-01-28,14.036777777777777,1
438,Ahmedabad,2024-01-29,14.035000000000002,1
438,Ahmedabad,2024-01-30,14.039170731707317,1
438,Ahmedabad,2024-01-31,14.04342222222222,1
438,Ahmedabad,2024-02-01,14.044883720930232,1
438,Ahmedabad,2024-02-02,14.060434782608695,1
438,Ahmedabad,2024-02-03,13.97604347826087,1
438,Ahmedabad,2024-02-04,14.05140425531915,1
438,Ahmedabad,2024-02-05,14.045041666666668,1
438,Ahmedabad,2024-02-06,14.037666666666667,1
438,Ahmedabad,2024-02-07,14.025409090909092,1
438,Ahmedabad,2024-02-08,14.022690476190476,1
438,Ahmedabad,2024-02-09,14.012880952380954,1
438,Ahmedabad,2024-02-10,14.039458333333334,1
438,Ahmedabad,2024-02-11,14.016166666666665,1
438,Ahmedabad,2024-02-12,14.03404255319149,1
438,Ahmedabad,2024-02-13,14.03475,1
438,Ahmedabad,2024-02-14,14.050021276595745,1
438,Ahmedabad,2024-02-15,14.051916666666665,1
438,Ahmedabad,2024-02-16,14.050808510638298,1
438,Ahmedabad,2024-02-17,14.049875,1
438,Ahmedabad,2024-02-18,14.048083333333333,1
438,Ahmedabad,2024-02-19,14.109625000000001,1
438,Ahmedabad,2024-02-20,14.053375,1
438,Ahmedabad,2024-02-21,14.037770833333333,1
438,Ahmedabad,2024-02-22,14.03369696969697,1
438,Ahmedabad,2024-02-23,14.035707317073172,1
438,Ahmedabad,2024-02-24,14.038583333333333,1
438,Ahmedabad,2024-02-25,14.042361702127659,1
438,Ahmedabad,2024-02-26,14.039217391304348,1
438,Ahmedabad,2024-02-27,14.039041666666668,1
438,Ahmedabad,2024-02-28,14.04359574468085,1
438,Ahmedabad,2024-02-29,14.052541666666668,1
438,Ahmedabad,2024-03-01,14.045255319148936,1
438,Ahmedabad,2024-03-02,14.058208333333333,1
438,Ahmedabad,2024-03-03,14.06413043478261,1
438,Ahmedabad,2024-03-04,14.087583333333333,1
438,Ahmedabad,2024-03-05,14.057022222222223,1
438,Ahmedabad,2024-03-06,14.050875,1
438,Ahmedabad,2024-03-07,14.052916666666667,1
438,Ahmedabad,2024-03-08,14.047021739130434,1
438,Ahmedabad,2024-03-09,14.047416666666665,1
438,Ahmedabad,2024-03-10,14.041702127659574,1
438,Ahmedabad,2024-03-11,14.044106382978724,1
438,Ahmedabad,2024-03-12,14.04771739130435,1
438,Ahmedabad,2024-03-13,14.047958333333334,1
438,Ahmedabad,2024-03-14,14.047666666666666,1
438,Ahmedabad,2024-03-15,14.046458333333334,1
438,Ahmedabad,2024-03-16,14.052958333333335,1
438,Ahmedabad,2024-03-17,14.055625,1
438,Ahmedabad,2024-03-18,14.046382978723404,1
438,Ahmedabad,2024-03-19,14.03932558139535,1
438,Ahmedabad,2024-03-20,14.040702127659575,1
438,Ahmedabad,2024-03-21,14.035955555555557,1
438,Ahmedabad,2024-03-22,14.033595238095236,1
438,Ahmedabad,2024-03-23,14.046837209302327,1
438,Ahmedabad,2024-03-24,14.054708333333332,1
438,Ahmedabad,2024-03-25,14.045904761904762,1
438,Ahmedabad,2024-03-26,14.02797619047619,1
438,Ahmedabad,2024-03-27,14.023093023255813,1
438,Ahmedabad,2024-03-28,14.029371428571428,1
438,Ahmedabad,2024-03-29,14.03267441860465,1
438,Ahmedabad,2024-03-30,14.037208333333332,1
438,Ahmedabad,2024-03-31,14.036041666666668,1
438,Ahmedabad,2024-04-01,12.548208333333333,1
438,Ahmedabad,2024-04-02,14.03625,1
438,Ahmedabad,2024-04-03,12.540166666666666,1
438,Ahmedabad,2024-04-04,14.025416666666667,1
438,Ahmedabad,2024-04-05,14.024583333333332,1
438,Ahmedabad,2024-04-06,14.033999999999999,1
438,Ahmedabad,2024-04-07,14.022958333333333,1
438,Ahmedabad,2024-04-08,14.022083333333335,1
438,Ahmedabad,2024-04-09,14.012333333333332,1
438,Ahmedabad,2024-04-10,14.016571428571428,1
438,Ahmedabad,2024-04-11,14.025085714285714,1
438,Ahmedabad,2024-04-12,13.636065217391305,1
438,Ahmedabad,2024-04-13,14.019,1
438,Ahmedabad,2024-04-14,14.029000000000002,1
438,Ahmedabad,2024-04-15,14.027291666666665,1
438,Ahmedabad,2024-04-16,14.022916666666667,1
438,Ahmedabad,2024-04-17,14.027875,1
438,Ahmedabad,2024-04-18,14.037446808510639,1
438,Ahmedabad,2024-04-19,14.03209090909091,1
438,Ahmedabad,2024-04-20,14.024954545454545,1
438,Ahmedabad,2024-04-21,14.023410256410257,1
438,Ahmedabad,2024-04-22,14.01753488372093,1
438,Ahmedabad,2024-04-23,14.013636363636364,1
438,Ahmedabad,2024-04-24,14.023106382978723,1
438,Ahmedabad,2024-04-25,14.023909090909092,1
438,Ahmedabad,2024-04-26,14.024583333333332,1
438,Ahmedabad,2024-04-27,14.01658695652174,1
438,Ahmedabad,2024-04-28,14.02875,1
438,Ahmedabad,2024-04-29,14.026022222222224,1
438,Ahmedabad,2024-04-30,14.021625,1
438,Ahmedabad,2024-05-01,14.019191489361702,1
438,Ahmedabad,2024-05-02,14.019208333333333,1
438,Ahmedabad,2024-05-03,14.025208333333333,1
438,Ahmedabad,2024-05-04,14.023808510638299,1
438,Ahmedabad,2024-05-05,13.893847826086956,1
438,Ahmedabad,2024-05-06,14.026191489361702,1
438,Ahmedabad,2024-05-07,14.026787234042553,1
438,Ahmedabad,2024-05-08,14.029958333333333,1
438,Ahmedabad,2024-05-09,14.02579487179487,1
438,Ahmedabad,2024-05-10,14.019775000000001,1
438,Ahmedabad,2024-05-11,14.026613636363635,1
438,Ahmedabad,2024-05-12,14.026651162790698,1
438,Ahmedabad,2024-05-13,33.11321276595744,1
438,Ahmedabad,2024-05-14,14.017874999999998,1
438,Ahmedabad,2024-05-15,14.050833333333335,1
438,Ahmedabad,2024-05-16,14.052124999999998,1
438,Ahmedabad,2024-05-17,14.041083333333333,1
438,Ahmedabad,2024-05-18,14.035021276595744,1
438,Ahmedabad,2024-05-19,14.030195652173914,1
438,Ahmedabad,2024-05-20,14.023936170212766,1
438,Ahmedabad,2024-05-21,14.017125,1
438,Ahmedabad,2024-05-22,14.021444444444445,1
438,Ahmedabad,2024-05-23,14.026574468085107,1
438,Ahmedabad,2024-05-24,14.023882352941177,1
438,Ahmedabad,2024-05-25,14.02346511627907,1
438,Ahmedabad,2024-05-26,14.028374999999999,1
438,Ahmedabad,2024-05-27,14.030458333333334,1
438,Ahmedabad,2024-05-28,14.031958333333334,1
438,Ahmedabad,2024-05-29,14.031600000000001,1
438,Ahmedabad,2024-05-30,14.03209090909091,1
438,Ahmedabad,2024-05-31,14.038580645161291,1
438,Ahmedabad,2024-06-01,14.039690476190477,1
438,Ahmedabad,2024-06-02,14.040391304347825,1
438,Ahmedabad,2024-06-03,14.042541666666667,1
438,Ahmedabad,2024-06-04,14.039175,1
438,Ahmedabad,2024-06-05,14.034620689655172,1
438,Ahmedabad,2024-06-06,14.029904761904762,1
438,Ahmedabad,2024-06-07,14.025458333333333,1
438,Ahmedabad,2024-06-08,14.028291666666666,1
438,Ahmedabad,2024-06-09,14.035954545454546,1
438,Ahmedabad,2024-06-10,14.035510638297872,1
438,Ahmedabad,2024-06-11,14.038365853658537,1
438,Ahmedabad,2024-06-12,14.061,1
438,Ahmedabad,2024-06-13,14.048958333333333,1
438,Ahmedabad,2024-06-14,14.0334,1
438,Ahmedabad,2024-06-15,14.040805555555556,1
438,Ahmedabad,2024-06-16,14.060565217391305,1
438,Ahmedabad,2024-06-17,14.05238888888889,1
438,Ahmedabad,2024-06-18,14.042766666666667,1
438,Ahmedabad,2024-06-19,14.039064516129033,1
438,Ahmedabad,2024-06-20,14.041958333333334,1
438,Ahmedabad,2024-06-21,14.053304347826087,1
438,Ahmedabad,2024-06-22,14.060708333333332,1
438,Ahmedabad,2024-06-23,14.054217391304348,1
438,Ahmedabad,2024-06-24,14.057739130434781,1
438,Ahmedabad,2024-06-25,14.124652173913045,1
438,Ahmedabad,2024-06-26,14.638782608695653,1
438,Ahmedabad,2024-06-27,14.266708333333334,1
438,Ahmedabad,2024-06-28,14.119041666666666,1
438,Ahmedabad,2024-06-29,14.198916666666667,1
438,Ahmedabad,2024-06-30,14.376249999999999,1
438,Ahmedabad,2024-07-01,14.531541666666667,1
438,Ahmedabad,2024-07-02,14.463500000000002,1
438,Ahmedabad,2024-07-03,14.46659090909091,1
438,Ahmedabad,2024-07-04,18.83241379310345,1
438,Ahmedabad,2024-07-05,14.23347619047619,1
438,Ahmedabad,2024-07-06,14.171757575757576,1
438,Ahmedabad,2024-07-07,14.09275,1
438,Ahmedabad,2024-07-08,14.068,1
438,Ahmedabad,2024-07-09,14.054,1
438,Ahmedabad,2024-07-10,14.09794871794872,1
438,Ahmedabad,2024-07-11,14.078272727272726,1
438,Ahmedabad,2024-07-12,14.072000000000001,1
438,Ahmedabad,2024-07-13,14.078978260869565,1
438,Ahmedabad,2024-07-14,14.075299999999999,1
438,Ahmedabad,2024-07-15,14.110131578947367,1
438,Ahmedabad,2024-07-16,15.145044444444446,1
438,Ahmedabad,2024-07-17,14.773351351351351,1
438,Ahmedabad,2024-07-18,14.16365625,1
438,Ahmedabad,2024-07-19,14.087375,1
438,Ahmedabad,2024-07-20,14.069333333333333,1
438,Ahmedabad,2024-07-21,14.071791666666668,1
438,Ahmedabad,2024-07-22,14.08095652173913,1
438,Ahmedabad,2024-07-23,14.105179487179486,1
438,Ahmedabad,2024-07-24,14.179076923076924,1
438,Ahmedabad,2024-07-25,14.392222222222223,1
438,Ahmedabad,2024-07-26,14.558926829268291,1
438,Ahmedabad,2024-07-27,16.443488372093025,1
438,Ahmedabad,2024-07-28,14.12831707317073,1
438,Ahmedabad,2024-07-29,14.15385,1
438,Ahmedabad,2024-07-30,14.49936170212766,1
438,Ahmedabad,2024-07-31,14.320916666666667,1
438,Ahmedabad,2024-08-01,14.16555319148936,1
438,Ahmedabad,2024-08-02,14.1761914893617,1
438,Ahmedabad,2024-08-03,14.184243902439023,1
438,Ahmedabad,2024-08-04,14.268209302325582,1
438,Ahmedabad,2024-08-05,14.253822222222222,1
438,Ahmedabad,2024-08-06,14.218066666666667,1
438,Ahmedabad,2024-08-07,14.182204545454546,1
438,Ahmedabad,2024-08-08,14.104333333333335,1
438,Ahmedabad,2024-08-09,14.112204545454546,1
438,Ahmedabad,2024-08-10,14.139677419354838,1
438,Ahmedabad,2024-08-11,14.1645,1
438,Ahmedabad,2024-08-12,14.685078947368421,1
438,Ahmedabad,2024-08-13,15.408886363636363,1
438,Ahmedabad,2024-08-14,15.555914893617022,1
438,Ahmedabad,2024-08-15,15.379666666666667,1
438,Ahmedabad,2024-08-16,16.968948717948717,1
438,Ahmedabad,2024-08-17,15.037846153846154,1
438,Ahmedabad,2024-08-18,14.808000000000002,1
438,Ahmedabad,2024-08-19,15.002894736842105,1
438,Ahmedabad,2024-08-20,14.962783783783784,1
438,Ahmedabad,2024-08-21,14.830162790697674,1
438,Ahmedabad,2024-08-22,14.4937,1
438,Ahmedabad,2024-08-23,14.544214285714284,1
438,Ahmedabad,2024-08-24,14.641702702702702,1
438,Ahmedabad,2024-08-25,15.202575757575758,1
438,Ahmedabad,2024-08-26,15.671765957446809,1
438,Ahmedabad,2024-08-27,17.691659574468087,1
438,Ahmedabad,2024-08-28,18.44735714285714,1
438,Ahmedabad,2024-08-29,18.28593181818182,1
438,Ahmedabad,2024-08-30,17.593844444444446,1
438,Ahmedabad,2024-08-31,16.961913043478262,1
438,Ahmedabad,2024-09-01,16.29415909090909,1
438,Ahmedabad,2024-09-02,15.96925,1
438,Ahmedabad,2024-09-03,16.468041666666668,1
438,Ahmedabad,2024-09-04,17.00842553191489,1
438,Ahmedabad,2024-09-05,16.887291666666666,1
438,Ahmedabad,2024-09-06,16.58544680851064,1
438,Ahmedabad,2024-09-07,17.229891304347827,1
438,Ahmedabad,2024-09-08,16.74527659574468,1
438,Ahmedabad,2024-09-09,33.92759574468085,1
438,Ahmedabad,2024-09-10,16.245956521739128,1
438,Ahmedabad,2024-09-11,16.206363636363637,1
438,Ahmedabad,2024-09-12,16.100659574468086,1
438,Ahmedabad,2024-09-13,15.762555555555556,1
438,Ahmedabad,2024-09-14,16.117291666666667,1
438,Ahmedabad,2024-09-15,16.09391666666667,1
438,Ahmedabad,2024-09-16,16.053589743589743,1
438,Ahmedabad,2024-09-17,16.1253488372093,1
438,Ahmedabad,2024-09-18,16.084377777777778,1
438,Ahmedabad,2024-09-19,15.966111111111111,1
438,Ahmedabad,2024-09-20,15.803125,1
438,Ahmedabad,2024-09-21,15.635531914893617,1
438,Ahmedabad,2024-09-22,15.161978723404257,1
438,Ahmedabad,2024-09-23,14.879755555555557,1
438,Ahmedabad,2024-09-24,14.803441860465115,1
438,Ahmedabad,2024-09-25,15.217294117647059,1
438,Ahmedabad,2024-09-26,15.5034,1
438,Ahmedabad,2024-09-27,15.640108695652176,1
438,Ahmedabad,2024-09-28,16.1052,1
438,Ahmedabad,2024-09-29,15.737333333333332,1
438,Ahmedabad,2024-09-30,15.6765,1
438,Ahmedabad,2024-10-01,15.072999999999999,1
438,Ahmedabad,2024-10-02,14.560108695652174,1
438,Ahmedabad,2024-10-03,15.082326086956522,1
438,Ahmedabad,2024-10-04,15.029166666666667,1
438,Ahmedabad,2024-10-05,15.315888888888889,1
438,Ahmedabad,2024-10-06,15.061695652173912,1
438,Ahmedabad,2024-10-07,15.208465116279068,1
438,Ahmedabad,2024-10-08,14.699041666666666,1
438,Ahmedabad,2024-10-09,14.133955555555556,1
438,Ahmedabad,2024-10-10,14.073954545454546,1
438,Ahmedabad,2024-10-11,14.096608695652174,1
438,Ahmedabad,2024-10-12,14.157916666666667,1
438,Ahmedabad,2024-10-13,14.094847826086959,1
438,Ahmedabad,2024-10-14,14.07945652173913,1
438,Ahmedabad,2024-10-15,14.068244444444446,1
438,Ahmedabad,2024-10-16,14.06304761904762,1
438,Ahmedabad,2024-10-17,14.02059574468085,1
438,Ahmedabad,2024-10-18,14.6275,1
438,Ahmedabad,2024-10-19,14.301127659574469,1
438,Ahmedabad,2024-10-20,14.06709756097561,1
438,Ahmedabad,2024-10-21,14.066731707317073,1
438,Ahmedabad,2024-10-22,14.03308695652174,1
438,Ahmedabad,2024-10-23,14.0123488372093,1
438,Ahmedabad,2024-10-24,13.997860465116279,1
438,Ahmedabad,2024-10-25,13.997925,1
438,Ahmedabad,2024-10-26,13.989333333333335,1
438,Ahmedabad,2024-10-27,13.990847826086956,1
438,Ahmedabad,2024-10-28,13.98535,1
438,Ahmedabad,2024-10-29,13.986470588235294,1
438,Ahmedabad,2024-10-30,13.989948717948717,1
438,Ahmedabad,2024-10-31,13.976613636363636,1
438,Ahmedabad,2024-11-01,13.959066666666667,1
438,Ahmedabad,2024-11-02,13.940044444444444,1
438,Ahmedabad,2024-11-03,13.934348837209303,1
438,Ahmedabad,2024-11-04,13.914857142857143,1
438,Ahmedabad,2024-11-05,13.913897435897438,1
438,Ahmedabad,2024-11-06,13.919545454545455,1
438,Ahmedabad,2024-11-07,13.924208333333333,1
438,Ahmedabad,2024-11-08,13.934642857142856,1
438,Ahmedabad,2024-11-09,13.939630434782607,1
438,Ahmedabad,2024-11-10,13.9481,1
438,Ahmedabad,2024-11-11,13.946815789473685,1
438,Ahmedabad,2024-11-12,13.954148936170213,1
438,Ahmedabad,2024-11-13,13.955933333333334,1
438,Ahmedabad,2024-11-14,13.957536585365855,1
438,Ahmedabad,2024-11-15,13.95655319148936,1
438,Ahmedabad,2024-11-16,13.954239130434782,1
438,Ahmedabad,2024-11-17,13.963272727272727,1
438,Ahmedabad,2024-11-18,13.959840909090907,1
438,Ahmedabad,2024-11-19,13.960613636363638,1
438,Ahmedabad,2024-11-20,13.94835,1
438,Ahmedabad,2024-11-21,13.954976744186046,1
438,Ahmedabad,2024-11-22,13.94860975609756,1
438,Ahmedabad,2024-11-23,13.942209302325582,1
438,Ahmedabad,2024-11-24,13.965595238095236,1
438,Ahmedabad,2024-11-25,13.967333333333332,1
438,Ahmedabad,2024-11-26,13.970500000000001,1
438,Ahmedabad,2024-11-27,13.974282608695653,1
438,Ahmedabad,2024-11-28,13.976139534883721,1
438,Ahmedabad,2024-11-29,13.976261904761905,1
438,Ahmedabad,2024-11-30,13.969333333333333,1
438,Ahmedabad,2024-12-01,13.974666666666666,1
438,Ahmedabad,2024-12-02,13.971323529411764,1
438,Ahmedabad,2024-12-03,13.964488372093022,1
438,Ahmedabad,2024-12-04,13.962594594594595,1
438,Ahmedabad,2024-12-05,13.919105263157896,1
438,Ahmedabad,2024-12-06,13.929022727272725,1
438,Ahmedabad,2024-12-07,13.925883720930232,1
438,Ahmedabad,2024-12-08,13.917829268292682,1
438,Ahmedabad,2024-12-09,14.042755555555555,1
438,Ahmedabad,2024-12-10,13.912225000000001,1
438,Ahmedabad,2024-12-11,13.9171914893617,1
438,Ahmedabad,2024-12-12,13.922893617021277,1
438,Ahmedabad,2024-12-13,13.924291666666667,1
438,Ahmedabad,2024-12-14,14.490391304347826,1
438,Ahmedabad,2024-12-15,14.670574468085107,1
438,Ahmedabad,2024-12-16,17.449846153846153,1
438,Ahmedabad,2024-12-17,15.762302325581395,1
438,Ahmedabad,2024-12-18,14.826,1
438,Ahmedabad,2024-12-19,17.619416666666666,1
438,Ahmedabad,2024-12-20,18.082375,1
438,Ahmedabad,2024-12-21,18.780291666666667,1
438,Ahmedabad,2024-12-22,18.99855319148936,1
438,Ahmedabad,2024-12-23,16.215255319148934,1
438,Ahmedabad,2024-12-24,15.245425531914893,1
438,Ahmedabad,2024-12-25,16.354499999999998,1
438,Ahmedabad,2024-12-26,18.29434090909091,1
438,Ahmedabad,2024-12-27,16.664727272727273,1
438,Ahmedabad,2024-12-31,16.50077272727273,1
438,Ahmedabad,2025-01-01,18.568649999999998,1
438,Ahmedabad,2025-01-02,19.058916666666665,1
438,Ahmedabad,2025-01-03,20.050083333333333,1
438,Ahmedabad,2025-01-04,22.022,1
438,Ahmedabad,2025-01-05,21.894666666666666,1
438,Ahmedabad,2025-01-06,21.844883720930234,1
438,Ahmedabad,2025-01-07,21.789468085106382,1
438,Ahmedabad,2025-01-08,21.960791666666665,1
438,Ahmedabad,2025-01-09,21.729595744680854,1
438,Ahmedabad,2025-01-10,22.01540476190476,1
438,Ahmedabad,2025-01-11,22.33777272727273,1
438,Ahmedabad,2025-01-12,23.603,1
438,Ahmedabad,2025-01-13,21.936944444444446,1
438,Ahmedabad,2025-01-14,21.915608695652175,1
438,Ahmedabad,2025-01-15,22.072111111111113,1
438,Ahmedabad,2025-01-16,21.95991489361702,1
438,Ahmedabad,2025-01-17,21.8335,1
438,Ahmedabad,2025-01-18,21.97225581395349,1
438,Ahmedabad,2025-01-19,22.414636363636365,1
438,Ahmedabad,2025-01-20,22.426175,1
438,Ahmedabad,2025-01-21,22.24790625,1
438,Ahmedabad,2025-01-22,22.936,1
438,Ahmedabad,2025-01-23,21.385073170731708,1
438,Ahmedabad,2025-01-24,20.396190476190476,1
438,Ahmedabad,2025-01-25,21.54114285714286,1
438,Ahmedabad,2025-01-26,21.455212121212124,1
438,Ahmedabad,2025-01-27,22.391791666666666,1
438,Ahmedabad,2025-01-28,20.160095238095238,1
438,Ahmedabad,2025-01-29,21.43254347826087,1
438,Ahmedabad,2025-01-30,18.858,1
438,Ahmedabad,2025-01-31,18.31014893617021,1
438,Ahmedabad,2025-02-01,16.43206451612903,1
438,Ahmedabad,2025-02-03,19.0374,1
438,Ahmedabad,2025-02-04,19.495152173913045,1
438,Ahmedabad,2025-02-05,19.15427659574468,1
438,Ahmedabad,2025-02-06,14.932041666666668,1
438,Ahmedabad,2025-02-07,16.03236956521739,1
438,Ahmedabad,2025-02-08,17.180958333333333,1
438,Ahmedabad,2025-02-09,17.172250000000002,1
438,Ahmedabad,2025-02-10,16.333541666666665,1
438,Ahmedabad,2025-02-11,17.16091666666667,1
438,Ahmedabad,2025-02-12,18.408625,1
438,Ahmedabad,2025-02-13,17.16304166666667,1
438,Ahmedabad,2025-02-14,15.505416666666667,1
438,Ahmedabad,2025-02-15,15.52002380952381,1
438,Ahmedabad,2025-02-16,16.880260869565216,1
438,Ahmedabad,2025-02-17,16.240809523809524,1
438,Ahmedabad,2025-02-18,36.3745,1
438,Ahmedabad,2025-02-19,15.531309523809526,1
438,Ahmedabad,2025-02-20,15.755619047619048,1
438,Ahmedabad,2025-02-21,15.224159090909092,1
438,Ahmedabad,2025-02-22,15.211054054054053,1
438,Ahmedabad,2025-02-23,23.809,1
438,Ahmedabad,2025-02-24,13.866212121212122,1
438,Ahmedabad,2025-02-25,15.46258064516129,1
438,Ahmedabad,2025-02-27,13.964653846153848,1
438,Ahmedabad,2025-02-28,13.975066666666667,1
438,Ahmedabad,2025-03-01,13.983186046511628,1
438,Ahmedabad,2025-03-02,13.988999999999999,1
438,Ahmedabad,2025-03-03,13.986608695652174,1
438,Ahmedabad,2025-03-04,13.984875,1
438,Ahmedabad,2025-03-05,13.981913043478261,1
438,Ahmedabad,2025-03-06,13.979897435897437,1
438,Ahmedabad,2025-03-07,13.986608695652174,1
438,Ahmedabad,2025-03-08,13.996903225806452,1
438,Ahmedabad,2025-03-09,13.996666666666668,1
438,Ahmedabad,2025-03-10,13.985585365853659,1
438,Ahmedabad,2025-03-11,13.984326086956521,1
438,Ahmedabad,2025-03-12,14.000428571428571,1
438,Ahmedabad,2025-03-22,14.006799999999998,1
438,Ahmedabad,2025-03-23,14.002125,1
438,Ahmedabad,2025-03-24,13.998434782608696,1
438,Ahmedabad,2025-03-25,13.998333333333333,1
438,Ahmedabad,2025-03-26,13.992054054054055,1
438,Ahmedabad,2025-03-27,13.987261904761905,1
438,Ahmedabad,2025-03-28,13.98938888888889,1
438,Ahmedabad,2025-03-29,13.984525,1
438,Ahmedabad,2025-03-30,13.979702127659573,1
438,Ahmedabad,2025-03-31,13.981777777777777,1
438,Ahmedabad,2025-04-01,13.981217391304346,1
438,Ahmedabad,2025-04-02,13.974155555555555,1
438,Ahmedabad,2025-04-03,13.970363636363636,1
438,Ahmedabad,2025-04-04,13.97545,1
438,Ahmedabad,2025-04-05,13.988733333333334,1
438,Ahmedabad,2025-04-06,13.983688888888889,1
438,Ahmedabad,2025-04-07,13.976553191489362,1
438,Ahmedabad,2025-04-08,13.965069767441861,1
438,Ahmedabad,2025-04-09,13.982977272727272,1
438,Ahmedabad,2025-04-10,13.9875,1
438,Ahmedabad,2025-04-11,13.9835,1
438,Ahmedabad,2025-04-12,13.985608695652173,1
438,Ahmedabad,2025-04-13,13.979521739130435,1
438,Ahmedabad,2025-04-14,13.976108695652176,1
438,Ahmedabad,2025-04-15,13.967208333333334,1
438,Ahmedabad,2025-04-16,13.969648648648647,1
438,Ahmedabad,2025-04-17,13.972178571428572,1
438,Ahmedabad,2025-04-18,13.977444444444446,1
438,Ahmedabad,2025-04-19,13.978272727272726,1
438,Ahmedabad,2025-04-20,13.97495238095238,1
438,Ahmedabad,2025-04-21,13.981344827586208,1
438,Ahmedabad,2025-04-22,13.981250000000001,1
438,Ahmedabad,2025-04-23,13.98541935483871,1
438,Ahmedabad,2025-04-24,13.9775,1
438,Ahmedabad,2025-04-25,13.977166666666667,1
438,Ahmedabad,2025-04-26,13.962142857142856,1
438,Ahmedabad,2025-04-27,13.98135294117647,1
438,Ahmedabad,2025-04-28,13.983484848484848,1
438,Ahmedabad,2025-04-29,13.979,1
438,Ahmedabad,2025-04-30,13.979423076923077,1
438,Ahmedabad,2025-05-01,13.982041666666667,1
438,Ahmedabad,2025-05-02,13.984633333333333,1
438,Ahmedabad,2025-05-03,14.1221,1
438,Ahmedabad,2025-05-04,14.455785714285714,1
438,Ahmedabad,2025-05-06,14.067642857142857,1
438,Ahmedabad,2025-05-07,14.477441176470588,1
438,Ahmedabad,2025-05-08,14.905871794871794,1
438,Ahmedabad,2025-05-09,14.635000000000002,1
438,Ahmedabad,2025-05-10,14.32496551724138,1
438,Ahmedabad,2025-05-11,14.505999999999998,1
438,Ahmedabad,2025-05-12,14.614913043478262,1
438,Ahmedabad,2025-05-13,14.212173913043477,1
438,Ahmedabad,2025-05-14,14.143999999999998,1
438,Ahmedabad,2025-07-21,18.606461538461538,1
438,Ahmedabad,2025-07-22,19.429964285714284,1
438,Ahmedabad,2025-07-23,18.64878125,1
438,Ahmedabad,2025-07-24,18.004967741935484,1
438,Ahmedabad,2025-07-27,21.373166666666666,1
438,Ahmedabad,2025-07-28,21.31358064516129,1
438,Ahmedabad,2025-07-29,19.768241379310346,1
438,Ahmedabad,2025-07-30,18.47753846153846,1
438,Ahmedabad,2025-07-31,17.434433333333335,1
438,Ahmedabad,2025-08-01,17.05078787878788,1
438,Ahmedabad,2025-08-02,17.070115384615384,1
438,Ahmedabad,2025-08-03,19.59295652173913,1
438,Ahmedabad,2025-08-04,18.723344827586207,1
438,Ahmedabad,2025-08-05,18.486521739130435,1
438,Ahmedabad,2025-08-06,18.515516129032257,1
438,Ahmedabad,2025-08-07,18.11114705882353,1
438,Ahmedabad,2025-08-08,18.221384615384615,1
438,Ahmedabad,2025-08-09,18.285217391304347,1
438,Ahmedabad,2025-08-10,17.572,1
438,Ahmedabad,2025-08-11,17.62825,1
438,Ahmedabad,2025-08-12,17.548172413793104,1
438,Ahmedabad,2025-08-13,17.450608695652175,1
438,Ahmedabad,2025-08-14,17.524275862068965,1
438,Ahmedabad,2025-08-15,17.80951515151515,1
438,Ahmedabad,2025-08-16,19.414617647058822,1
438,Ahmedabad,2025-08-17,21.05830769230769,1
438,Ahmedabad,2025-08-18,22.0285,1
438,Ahmedabad,2025-08-24,19.170214285714284,1
438,Ahmedabad,2025-08-25,21.798111111111112,1
438,Ahmedabad,2025-08-27,21.60341935483871,1
438,Ahmedabad,2025-08-28,20.113735294117646,1
438,Ahmedabad,2025-09-01,21.55067857142857,1
438,Ahmedabad,2025-09-02,20.68609375,1
438,Ahmedabad,2025-09-03,19.618000000000002,1
438,Ahmedabad,2025-09-04,19.946727272727273,1
438,Ahmedabad,2025-09-05,21.135590909090908,1
438,Ahmedabad,2025-09-06,19.71208,1
438,Ahmedabad,2025-09-07,23.153499999999998,1
438,Ahmedabad,2025-09-08,22.36861538461539,1
438,Ahmedabad,2025-09-09,21.235599999999998,1
438,Ahmedabad,2025-09-10,20.17021212121212,1
438,Ahmedabad,2025-09-11,20.560314285714284,1
438,Ahmedabad,2025-09-12,19.972314285714283,1
438,Ahmedabad,2025-09-13,35.31609374999999,1
438,Ahmedabad,2025-09-14,18.86238235294118,1
438,Ahmedabad,2025-09-15,18.78477142857143,1
438,Ahmedabad,2025-09-16,19.186914285714288,1
438,Ahmedabad,2025-09-17,19.22172727272727,1
438,Ahmedabad,2025-09-18,18.94767741935484,1
438,Ahmedabad,2025-09-20,18.742173913043477,1
438,Ahmedabad,2025-09-21,18.46504347826087,1
438,Ahmedabad,2025-09-22,18.228173913043477,1
438,Ahmedabad,2025-09-23,18.4831,1
438,Ahmedabad,2025-09-24,18.37804347826087,1
438,Ahmedabad,2025-09-25,18.402260869565218,1
438,Ahmedabad,2025-09-26,18.17155,1
438,Ahmedabad,2025-12-04,16.419083333333333,1
438,Ahmedabad,2025-12-05,16.542608695652174,1
438,Ahmedabad,2025-12-06,16.459954545454547,1
438,Ahmedabad,2025-12-07,16.426,1
439,Amreli,2023-04-22,197.37444444444446,1
439,Amreli,2023-04-23,197.00583333333336,1
439,Amreli,2023-04-24,196.97541666666666,1
439,Amreli,2023-04-25,196.93375,1
439,Amreli,2023-04-26,196.89166666666665,1
439,Amreli,2023-04-27,196.84125000000003,1
439,Amreli,2023-04-28,196.80166666666665,1
439,Amreli,2023-04-29,196.78125,1
439,Amreli,2023-04-30,196.76125000000002,1
439,Amreli,2023-05-01,196.75958333333332,1
439,Amreli,2023-05-02,196.75375,1
439,Amreli,2023-05-03,196.74333333333334,1
439,Amreli,2023-05-04,196.73208333333332,1
439,Amreli,2023-05-05,196.71875,1
439,Amreli,2023-05-06,196.70833333333334,1
439,Amreli,2023-05-07,196.6925,1
439,Amreli,2023-05-08,196.6783333333333,1
439,Amreli,2023-05-09,196.64541666666665,1
439,Amreli,2023-05-10,196.59,1
439,Amreli,2023-05-11,196.5275,1
439,Amreli,2023-05-12,196.46916666666667,1
439,Amreli,2023-05-13,196.40583333333333,1
439,Amreli,2023-05-14,196.34625000000003,1
439,Amreli,2023-05-15,196.29916666666668,1
439,Amreli,2023-05-16,196.27333333333334,1
439,Amreli,2023-05-17,196.25041666666667,1
439,Amreli,2023-05-18,196.23166666666668,1
439,Amreli,2023-05-19,196.21375,1
439,Amreli,2023-05-20,196.19625,1
439,Amreli,2023-05-21,196.1795833333333,1
439,Amreli,2023-05-22,196.1625,1
439,Amreli,2023-05-23,196.1329166666667,1
439,Amreli,2023-05-24,196.07791666666665,1
439,Amreli,2023-05-25,196.0091666666667,1
439,Amreli,2023-05-26,195.94916666666666,1
439,Amreli,2023-05-27,195.89166666666665,1
439,Amreli,2023-05-28,195.8529166666667,1
439,Amreli,2023-05-29,195.84124999999997,1
439,Amreli,2023-05-30,195.82869565217393,1
439,Amreli,2023-05-31,195.80999999999997,1
439,Amreli,2023-06-01,195.79083333333335,1
439,Amreli,2023-06-02,195.76208333333332,1
439,Amreli,2023-06-03,195.74333333333334,1
439,Amreli,2023-06-04,195.735,1
439,Amreli,2023-06-05,195.72708333333333,1
439,Amreli,2023-06-06,195.7125,1
439,Amreli,2023-06-07,195.70291666666665,1
439,Amreli,2023-06-08,195.68875,1
439,Amreli,2023-06-09,195.6725,1
439,Amreli,2023-06-10,195.65416666666667,1
439,Amreli,2023-06-11,195.64124999999999,1
439,Amreli,2023-06-12,195.62333333333333,1
439,Amreli,2023-06-13,195.60375,1
439,Amreli,2023-06-14,195.58695652173913,1
439,Amreli,2023-06-15,195.57791666666665,1
439,Amreli,2023-06-16,195.56708333333333,1
439,Amreli,2023-06-17,195.56708333333333,1
439,Amreli,2023-06-18,195.57416666666666,1
439,Amreli,2023-06-19,195.58166666666668,1
439,Amreli,2023-06-20,195.57541666666668,1
439,Amreli,2023-06-21,195.56041666666667,1
439,Amreli,2023-06-22,195.5525,1
439,Amreli,2023-06-23,195.54375000000002,1
439,Amreli,2023-06-24,195.535,1
439,Amreli,2023-06-25,195.52625,1
439,Amreli,2023-06-26,195.51695652173913,1
439,Amreli,2023-06-27,195.5090909090909,1
439,Amreli,2023-06-28,195.50166666666667,1
439,Amreli,2023-06-29,195.49416666666664,1
439,Amreli,2023-06-30,195.48666666666668,1
439,Amreli,2023-07-01,195.47708333333333,1
439,Amreli,2023-07-02,195.47333333333333,1
439,Amreli,2023-07-03,195.45458333333332,1
439,Amreli,2023-07-04,195.43916666666667,1
439,Amreli,2023-07-05,195.42541666666668,1
439,Amreli,2023-07-06,195.41833333333332,1
439,Amreli,2023-07-07,195.55083333333334,1
439,Amreli,2023-07-08,195.56791666666666,1
439,Amreli,2023-07-09,195.57541666666668,1
439,Amreli,2023-07-10,195.58916666666667,1
439,Amreli,2023-07-11,195.59125000000003,1
439,Amreli,2023-07-12,195.5825,1
439,Amreli,2023-07-13,195.57416666666666,1
439,Amreli,2023-07-14,195.56708333333333,1
439,Amreli,2023-07-15,195.55875,1
439,Amreli,2023-07-16,195.55666666666664,1
439,Amreli,2023-07-17,195.54999999999998,1
439,Amreli,2023-07-18,195.54250000000002,1
439,Amreli,2023-07-19,195.53833333333333,1
439,Amreli,2023-07-20,195.54791666666668,1
439,Amreli,2023-07-21,195.53958333333333,1
439,Amreli,2023-07-22,195.53458333333333,1
439,Amreli,2023-07-23,195.6833333333333,1
439,Amreli,2023-07-24,195.755,1
439,Amreli,2023-07-25,195.80583333333334,1
439,Amreli,2023-07-26,195.82875,1
439,Amreli,2023-07-27,195.82916666666668,1
439,Amreli,2023-07-28,195.82750000000001,1
439,Amreli,2023-07-29,195.86041666666665,1
439,Amreli,2023-07-30,195.9025,1
439,Amreli,2023-07-31,195.91863636363635,1
439,Amreli,2023-08-01,195.93,1
439,Amreli,2023-08-02,195.93666666666664,1
439,Amreli,2023-08-03,195.9375,1
439,Amreli,2023-08-04,195.93666666666664,1
439,Amreli,2023-08-05,195.93772727272727,1
439,Amreli,2023-08-06,195.93916666666667,1
439,Amreli,2023-08-07,195.93041666666667,1
439,Amreli,2023-08-08,195.9275,1
439,Amreli,2023-08-09,195.92541666666668,1
439,Amreli,2023-08-10,195.9283333333333,1
439,Amreli,2023-08-11,195.92499999999998,1
439,Amreli,2023-08-12,195.91791666666666,1
439,Amreli,2023-08-13,195.9125,1
439,Amreli,2023-08-14,195.90333333333334,1
439,Amreli,2023-08-15,195.9025,1
439,Amreli,2023-08-16,195.89374999999998,1
439,Amreli,2023-08-17,195.89166666666665,1
439,Amreli,2023-08-18,195.88708333333332,1
439,Amreli,2023-08-19,195.87833333333333,1
439,Amreli,2023-08-20,195.87833333333333,1
439,Amreli,2023-08-21,195.87291666666667,1
439,Amreli,2023-08-22,195.86541666666668,1
439,Amreli,2023-08-23,195.85708333333335,1
439,Amreli,2023-08-24,195.84583333333333,1
439,Amreli,2023-08-25,195.84083333333334,1
439,Amreli,2023-08-26,195.83541666666667,1
439,Amreli,2023-08-27,195.82833333333335,1
439,Amreli,2023-08-28,195.8225,1
439,Amreli,2023-08-29,195.8125,1
439,Amreli,2023-08-30,195.80208333333334,1
439,Amreli,2023-08-31,195.7925,1
439,Amreli,2023-09-01,195.78291666666667,1
439,Amreli,2023-09-02,195.76818181818183,1
439,Amreli,2023-09-03,195.75142857142856,1
439,Amreli,2023-09-04,195.74200000000002,1
439,Amreli,2023-09-05,195.72230769230768,1
439,Amreli,2023-09-06,195.71083333333334,1
439,Amreli,2023-09-07,195.7145833333333,1
439,Amreli,2023-09-08,195.73958333333334,1
439,Amreli,2023-09-09,195.75458333333333,1
439,Amreli,2023-09-10,195.74458333333334,1
439,Amreli,2023-09-11,195.74041666666668,1
439,Amreli,2023-09-12,195.7279166666667,1
439,Amreli,2023-09-13,195.71958333333336,1
439,Amreli,2023-09-14,195.71708333333333,1
439,Amreli,2023-09-15,195.71541666666667,1
439,Amreli,2023-09-16,195.71958333333336,1
439,Amreli,2023-09-17,195.76791666666668,1
439,Amreli,2023-09-18,195.89916666666667,1
439,Amreli,2023-09-19,196.36708333333334,1
439,Amreli,2023-09-20,196.53625,1
439,Amreli,2023-09-21,196.59708333333333,1
439,Amreli,2023-09-22,196.62458333333333,1
439,Amreli,2023-09-23,196.68083333333334,1
439,Amreli,2023-09-24,197.00125,1
439,Amreli,2023-09-25,197.07416666666666,1
439,Amreli,2023-09-26,197.10739130434783,1
439,Amreli,2023-09-27,197.12666666666667,1
439,Amreli,2023-09-28,197.13375,1
439,Amreli,2023-09-29,197.15166666666667,1
439,Amreli,2023-09-30,197.15791666666667,1
439,Amreli,2023-10-01,197.165,1
439,Amreli,2023-10-02,197.1675,1
439,Amreli,2023-10-03,197.1625,1
439,Amreli,2023-10-04,197.15708333333336,1
439,Amreli,2023-10-05,197.15041666666664,1
439,Amreli,2023-10-06,197.14458333333334,1
439,Amreli,2023-10-07,197.135,1
439,Amreli,2023-10-08,197.13,1
439,Amreli,2023-10-09,197.125,1
439,Amreli,2023-10-10,197.12166666666667,1
439,Amreli,2023-10-11,197.11958333333334,1
439,Amreli,2023-10-12,197.1130434782609,1
439,Amreli,2023-10-13,197.10416666666666,1
439,Amreli,2023-10-14,197.09714285714284,1
439,Amreli,2023-10-15,197.09125000000003,1
439,Amreli,2023-10-16,197.09833333333333,1
439,Amreli,2023-10-17,197.09041666666667,1
439,Amreli,2023-10-18,197.08666666666667,1
439,Amreli,2023-10-19,197.07434782608695,1
439,Amreli,2023-10-20,197.0625,1
439,Amreli,2023-10-21,197.05923076923077,1
439,Amreli,2023-10-22,197.05166666666665,1
439,Amreli,2023-10-23,197.0430769230769,1
439,Amreli,2023-10-24,197.03285714285715,1
439,Amreli,2023-10-25,197.02866666666665,1
439,Amreli,2023-10-26,197.0134782608696,1
439,Amreli,2023-10-27,197.0004347826087,1
439,Amreli,2023-10-28,196.99249999999998,1
439,Amreli,2023-10-29,196.98333333333335,1
439,Amreli,2023-10-30,196.97375,1
439,Amreli,2023-10-31,196.96,1
439,Amreli,2023-11-01,196.94958333333332,1
439,Amreli,2023-11-02,196.93458333333334,1
439,Amreli,2023-11-03,196.92666666666665,1
439,Amreli,2023-11-04,196.91708333333335,1
439,Amreli,2023-11-05,196.90666666666667,1
439,Amreli,2023-11-06,196.89958333333334,1
439,Amreli,2023-11-07,196.8913043478261,1
439,Amreli,2023-11-08,196.88041666666666,1
439,Amreli,2023-11-09,196.86791666666667,1
439,Amreli,2023-11-10,196.85541666666668,1
439,Amreli,2023-11-11,196.84875,1
439,Amreli,2023-11-12,196.83666666666667,1
439,Amreli,2023-11-13,196.82333333333335,1
439,Amreli,2023-11-14,196.81333333333336,1
439,Amreli,2023-11-15,196.8005,1
439,Amreli,2023-11-16,196.78565217391304,1
439,Amreli,2023-11-17,196.77478260869563,1
439,Amreli,2023-11-18,196.76333333333332,1
439,Amreli,2023-11-19,196.7508333333333,1
439,Amreli,2023-11-20,196.7317391304348,1
439,Amreli,2023-11-21,196.70608695652172,1
439,Amreli,2023-11-22,196.6625,1
439,Amreli,2023-11-23,196.6025,1
439,Amreli,2023-11-24,196.53625,1
439,Amreli,2023-11-25,196.475,1
439,Amreli,2023-11-26,196.44416666666666,1
439,Amreli,2024-08-19,194.46947368421053,1
439,Amreli,2024-08-20,194.46782608695653,1
439,Amreli,2024-08-21,194.47722222222222,1
439,Amreli,2024-08-22,194.509375,1
439,Amreli,2024-08-23,194.61117647058822,1
439,Amreli,2024-08-24,194.82294117647058,1
439,Amreli,2024-08-25,195.09727272727275,1
439,Amreli,2024-08-26,197.0525,1
439,Amreli,2024-08-27,199.39666666666668,1
439,Amreli,2024-08-28,199.61458333333334,1
439,Amreli,2024-08-29,199.55166666666665,1
439,Amreli,2024-08-30,199.5354166666667,1
439,Amreli,2024-08-31,199.44458333333333,1
439,Amreli,2024-09-01,199.38083333333336,1
439,Amreli,2024-09-02,199.37136363636364,1
439,Amreli,2024-09-03,199.50375,1
439,Amreli,2024-09-04,199.45833333333334,1
439,Amreli,2024-09-05,199.41347826086957,1
439,Amreli,2024-09-06,199.39,1
439,Amreli,2024-09-07,199.3575,1
439,Amreli,2024-09-08,199.37625,1
439,Amreli,2024-09-09,199.41260869565215,1
439,Amreli,2024-09-10,199.5295652173913,1
439,Amreli,2024-09-11,199.5895652173913,1
439,Amreli,2024-09-12,199.4291304347826,1
439,Amreli,2024-09-13,199.37375,1
439,Amreli,2024-09-14,199.33913043478262,1
439,Amreli,2024-09-15,199.31541666666666,1
439,Amreli,2024-09-16,199.3008695652174,1
439,Amreli,2024-09-17,199.2827777777778,1
439,Amreli,2024-09-18,199.28,1
439,Amreli,2024-09-19,199.32545454545453,1
439,Amreli,2024-09-20,199.31166666666664,1
439,Amreli,2024-09-21,199.30043478260868,1
439,Amreli,2024-09-22,199.27761904761905,1
439,Amreli,2024-09-23,199.26736842105262,1
439,Amreli,2024-09-24,199.25772727272727,1
439,Amreli,2024-09-25,199.25083333333336,1
439,Amreli,2024-09-26,199.25045454545455,1
439,Amreli,2024-09-27,199.25739130434783,1
439,Amreli,2024-09-28,199.294,1
439,Amreli,2024-09-29,199.33714285714285,1
439,Amreli,2024-09-30,199.32111111111112,1
439,Amreli,2024-10-01,199.3015,1
439,Amreli,2024-10-02,199.27809523809523,1
439,Amreli,2024-10-03,199.26,1
439,Amreli,2024-10-04,199.25173913043477,1
439,Amreli,2024-10-05,199.24277777777777,1
439,Amreli,2024-10-06,199.23318181818183,1
439,Amreli,2024-10-07,199.22857142857143,1
439,Amreli,2024-10-08,199.22285714285715,1
439,Amreli,2024-10-09,199.21608695652176,1
439,Amreli,2024-10-10,199.21,1
439,Amreli,2024-10-11,199.20863636363637,1
439,Amreli,2024-10-12,199.20555555555555,1
439,Amreli,2024-10-13,199.2,1
439,Amreli,2024-10-14,199.2005882352941,1
439,Amreli,2024-10-15,199.1981818181818,1
439,Amreli,2024-10-16,199.19222222222223,1
439,Amreli,2024-10-17,199.19333333333333,1
439,Amreli,2024-10-18,199.1878947368421,1
439,Amreli,2024-10-19,199.18571428571425,1
439,Amreli,2024-10-20,199.18800000000002,1
439,Amreli,2024-10-21,199.18499999999997,1
439,Amreli,2024-10-22,199.17909090909095,1
439,Amreli,2024-10-23,199.175,1
439,Amreli,2024-10-24,199.1735,1
439,Amreli,2024-10-25,199.16904761904763,1
439,Amreli,2024-10-26,199.16470588235293,1
439,Amreli,2024-10-27,199.1586956521739,1
439,Amreli,2024-10-28,199.15545454545455,1
439,Amreli,2024-10-29,199.15304347826088,1
439,Amreli,2024-10-30,199.14863636363637,1
439,Amreli,2024-10-31,199.14761904761906,1
439,Amreli,2024-11-01,199.1442105263158,1
439,Amreli,2024-11-02,199.1315,1
439,Amreli,2024-11-03,199.13,1
439,Amreli,2024-11-04,199.119375,1
439,Amreli,2024-11-05,199.1192307692308,1
439,Amreli,2024-11-06,199.11666666666667,1
439,Amreli,2024-11-07,199.108125,1
439,Amreli,2024-11-08,199.10368421052632,1
439,Amreli,2024-11-09,199.09444444444443,1
439,Amreli,2024-11-10,199.08350000000002,1
439,Amreli,2024-11-11,199.0765,1
439,Amreli,2024-11-12,199.0695,1
439,Amreli,2024-11-13,199.06285714285715,1
439,Amreli,2024-11-14,199.054375,1
439,Amreli,2024-11-15,199.0486363636364,1
439,Amreli,2024-11-16,199.03823529411764,1
439,Amreli,2024-11-17,199.03333333333333,1
439,Amreli,2024-11-18,199.0241176470588,1
439,Amreli,2024-11-19,199.0145,1
439,Amreli,2024-11-20,199.006,1
439,Amreli,2024-11-21,198.99235294117648,1
439,Amreli,2024-11-22,198.98529411764707,1
439,Amreli,2024-11-23,198.97899999999998,1
439,Amreli,2024-11-24,198.97263157894736,1
439,Amreli,2024-11-25,198.965625,1
439,Amreli,2024-11-26,198.95466666666667,1
439,Amreli,2024-11-27,198.94588235294117,1
439,Amreli,2024-11-28,198.9313636363636,1
439,Amreli,2024-11-29,198.92649999999998,1
439,Amreli,2024-11-30,198.92,1
439,Amreli,2024-12-01,198.89869565217393,1
439,Amreli,2024-12-02,198.88421052631577,1
439,Amreli,2024-12-03,198.85875000000001,1
439,Amreli,2024-12-04,198.84238095238092,1
439,Amreli,2024-12-05,198.81894736842105,1
439,Amreli,2024-12-06,198.79526315789474,1
439,Amreli,2024-12-07,198.77428571428572,1
439,Amreli,2024-12-08,198.75650000000002,1
439,Amreli,2024-12-09,198.73764705882354,1
439,Amreli,2024-12-10,198.7129411764706,1
439,Amreli,2024-12-11,198.6905,1
439,Amreli,2024-12-12,198.66375,1
439,Amreli,2024-12-13,198.64368421052632,1
439,Amreli,2024-12-14,198.63749999999996,1
439,Amreli,2024-12-15,198.628125,1
439,Amreli,2024-12-16,198.6145,1
439,Amreli,2024-12-17,198.6095238095238,1
439,Amreli,2024-12-18,198.60043478260872,1
439,Amreli,2024-12-19,198.58541666666667,1
439,Amreli,2024-12-20,198.57227272727275,1
439,Amreli,2024-12-21,198.56458333333333,1
439,Amreli,2024-12-22,198.5486956521739,1
439,Amreli,2024-12-23,198.5325,1
439,Amreli,2024-12-24,198.52521739130435,1
439,Amreli,2024-12-25,198.51190476190476,1
439,Amreli,2024-12-26,198.48958333333334,1
439,Amreli,2024-12-27,198.48833333333334,1
439,Amreli,2024-12-28,198.48625,1
439,Amreli,2024-12-29,198.48,1
439,Amreli,2024-12-30,198.46916666666667,1
439,Amreli,2024-12-31,198.46124999999998,1
439,Amreli,2025-01-01,198.4513043478261,1
439,Amreli,2025-01-02,198.43608695652173,1
439,Amreli,2025-01-03,198.40947368421052,1
439,Amreli,2025-01-04,198.3814285714286,1
439,Amreli,2025-01-05,198.3491304347826,1
439,Amreli,2025-01-06,198.32625,1
439,Amreli,2025-01-07,198.2995238095238,1
439,Amreli,2025-01-08,198.27363636363637,1
439,Amreli,2025-01-09,198.24833333333333,1
439,Amreli,2025-01-10,198.21545454545455,1
439,Amreli,2025-01-11,198.1845,1
439,Amreli,2025-01-12,198.1635294117647,1
439,Amreli,2025-01-13,198.15125,1
439,Amreli,2025-01-14,198.141875,1
439,Amreli,2025-01-15,198.13052631578947,1
439,Amreli,2025-01-16,198.12714285714287,1
439,Amreli,2025-01-17,198.11533333333333,1
439,Amreli,2025-01-18,198.10809523809525,1
439,Amreli,2025-01-19,198.10318181818184,1
439,Amreli,2025-01-20,198.09416666666667,1
439,Amreli,2025-01-21,198.082380952381,1
439,Amreli,2025-01-22,198.07375000000002,1
439,Amreli,2025-01-23,198.06363636363633,1
439,Amreli,2025-01-24,198.04333333333332,1
439,Amreli,2025-01-25,198.01458333333335,1
439,Amreli,2025-01-26,197.96833333333333,1
439,Amreli,2025-01-27,197.93217391304347,1
439,Amreli,2025-01-28,197.89944444444444,1
439,Amreli,2025-01-29,197.87818181818182,1
439,Amreli,2025-01-30,197.83565217391305,1
439,Amreli,2025-01-31,197.80285714285714,1
439,Amreli,2025-02-01,197.76565217391303,1
439,Amreli,2025-02-02,197.7242857142857,1
439,Amreli,2025-02-03,197.71055555555554,1
439,Amreli,2025-02-04,197.704,1
439,Amreli,2025-02-05,197.6953333333333,1
439,Amreli,2025-02-06,197.68478260869566,1
439,Amreli,2025-02-07,197.67666666666665,1
439,Amreli,2025-02-08,197.66291666666666,1
439,Amreli,2025-02-09,197.655,1
439,Amreli,2025-02-10,197.64291666666668,1
439,Amreli,2025-02-11,197.61541666666668,1
439,Amreli,2025-02-12,197.5791304347826,1
439,Amreli,2025-02-13,197.5391666666667,1
439,Amreli,2025-02-14,197.49869565217392,1
439,Amreli,2025-02-15,197.45541666666668,1
439,Amreli,2025-02-16,197.41583333333332,1
439,Amreli,2025-02-17,197.3717391304348,1
439,Amreli,2025-02-18,197.32391304347826,1
439,Amreli,2025-02-19,197.2975,1
439,Amreli,2025-02-20,197.28434782608696,1
439,Amreli,2025-02-21,197.25875,1
439,Amreli,2025-02-22,197.24249999999998,1
439,Amreli,2025-02-23,197.23600000000002,1
439,Amreli,2025-02-24,197.22363636363636,1
439,Amreli,2025-02-25,197.21636363636364,1
439,Amreli,2025-02-26,197.2023076923077,1
439,Amreli,2025-02-27,197.19875,1
439,Amreli,2025-02-28,197.18583333333333,1
439,Amreli,2025-03-01,197.16791666666666,1
439,Amreli,2025-03-02,197.13041666666666,1
439,Amreli,2025-03-03,197.10375,1
439,Amreli,2025-03-04,197.07391304347826,1
439,Amreli,2025-03-05,197.03217391304347,1
439,Amreli,2025-03-06,196.98521739130433,1
439,Amreli,2025-03-07,196.9568181818182,1
439,Amreli,2025-03-08,196.92458333333332,1
439,Amreli,2025-03-09,196.89954545454546,1
439,Amreli,2025-03-10,196.8695652173913,1
439,Amreli,2025-03-11,196.8473913043478,1
439,Amreli,2025-03-12,196.8282608695652,1
439,Amreli,2025-03-13,196.799,1
439,Amreli,2025-03-14,196.77941176470588,1
439,Amreli,2025-03-15,196.77454545454546,1
439,Amreli,2025-03-16,196.767,1
439,Amreli,2025-03-17,196.7569565217391,1
439,Amreli,2025-03-18,196.74565217391302,1
439,Amreli,2025-03-19,196.73375,1
439,Amreli,2025-03-20,196.72363636363636,1
439,Amreli,2025-03-21,196.71714285714287,1
439,Amreli,2025-03-22,196.70954545454543,1
439,Amreli,2025-03-23,196.69529411764708,1
439,Amreli,2025-03-24,196.6852380952381,1
439,Amreli,2025-03-25,196.67473684210526,1
439,Amreli,2025-03-26,196.66695652173914,1
439,Amreli,2025-03-27,196.65263157894736,1
439,Amreli,2025-03-28,196.6435,1
439,Amreli,2025-03-29,196.62647058823526,1
439,Amreli,2025-03-30,196.62,1
439,Amreli,2025-03-31,196.60125000000002,1
439,Amreli,2025-04-01,196.59318181818182,1
439,Amreli,2025-04-02,196.58,1
439,Amreli,2025-04-03,196.57428571428574,1
439,Amreli,2025-04-04,196.5595,1
439,Amreli,2025-04-05,196.55391304347825,1
439,Amreli,2025-04-06,196.53583333333333,1
439,Amreli,2025-04-07,196.5086956521739,1
439,Amreli,2025-04-08,196.4631818181818,1
439,Amreli,2025-04-09,196.40571428571425,1
439,Amreli,2025-04-10,196.35111111111112,1
439,Amreli,2025-04-11,196.3078260869565,1
439,Amreli,2025-04-12,196.27958333333333,1
439,Amreli,2025-04-13,196.24749999999997,1
439,Amreli,2025-04-14,196.21375,1
439,Amreli,2025-04-15,196.15857142857143,1
439,Amreli,2025-04-16,196.10608695652175,1
439,Amreli,2025-04-17,196.05695652173915,1
439,Amreli,2025-04-18,196.01625,1
439,Amreli,2025-04-19,195.99916666666664,1
439,Amreli,2025-04-20,195.98217391304348,1
439,Amreli,2025-04-21,195.93800000000002,1
439,Amreli,2025-04-22,195.90499999999997,1
439,Amreli,2025-04-23,195.865,1
439,Amreli,2025-04-24,195.8521052631579,1
439,Amreli,2025-04-25,195.83428571428573,1
439,Amreli,2025-04-26,195.81444444444446,1
439,Amreli,2025-04-27,195.76217391304345,1
439,Amreli,2025-04-28,195.6966666666667,1
439,Amreli,2025-04-29,195.627,1
439,Amreli,2025-04-30,195.56882352941176,1
439,Amreli,2025-05-01,195.505,1
439,Amreli,2025-05-02,195.44857142857143,1
439,Amreli,2025-05-03,195.39631578947368,1
439,Amreli,2025-05-04,195.3608695652174,1
439,Amreli,2025-05-05,195.352,1
439,Amreli,2025-05-06,195.35368421052632,1
439,Amreli,2025-05-07,195.34541666666667,1
439,Amreli,2025-05-08,195.34421052631578,1
439,Amreli,2025-05-09,195.3425,1
439,Amreli,2025-05-10,195.34625,1
439,Amreli,2025-05-11,195.33666666666667,1
439,Amreli,2025-05-12,195.33200000000002,1
439,Amreli,2025-05-13,195.31499999999997,1
439,Amreli,2025-05-14,195.30521739130435,1
439,Amreli,2025-05-15,195.3013043478261,1
439,Amreli,2025-05-16,195.292,1
439,Amreli,2025-05-17,195.21222222222224,1
439,Amreli,2025-05-18,195.11999999999998,1
439,Amreli,2025-05-19,195.01136363636363,1
439,Amreli,2025-05-20,194.9425,1
439,Amreli,2025-05-21,194.87571428571428,1
439,Amreli,2025-05-22,194.8375,1
439,Amreli,2025-05-23,194.7904347826087,1
439,Amreli,2025-05-24,194.79,1
439,Amreli,2025-05-25,194.7675,1
439,Amreli,2025-05-26,194.7564285714286,1
439,Amreli,2025-05-27,194.74750000000003,1
439,Amreli,2025-05-28,194.74869565217392,1
439,Amreli,2025-05-29,194.78421052631577,1
439,Amreli,2025-05-30,194.71916666666667,1
439,Amreli,2025-05-31,194.7125,1
439,Amreli,2025-06-01,194.69608695652175,1
439,Amreli,2025-06-02,194.7895652173913,1
439,Amreli,2025-06-03,194.746,1
439,Amreli,2025-06-04,194.7275,1
439,Amreli,2025-06-05,194.73,1
439,Amreli,2025-06-10,194.66833333333332,1
439,Amreli,2025-06-11,194.65833333333333,1
439,Amreli,2025-06-12,194.64833333333334,1
439,Amreli,2025-06-13,194.63799999999998,1
439,Amreli,2025-06-14,194.66458333333333,1
439,Amreli,2025-06-15,194.64,1
439,Amreli,2025-06-16,194.69208333333333,1
439,Amreli,2025-06-17,194.61947368421053,1
439,Amreli,2025-06-18,194.62708333333333,1
439,Amreli,2025-06-19,194.655,1
439,Amreli,2025-06-20,194.65041666666664,1
439,Amreli,2025-06-21,194.64954545454546,1
439,Amreli,2025-06-22,194.65315789473684,1
439,Amreli,2025-06-23,194.65047619047618,1
439,Amreli,2025-06-24,194.67125,1
439,Amreli,2025-06-25,194.66086956521738,1
439,Amreli,2025-06-26,194.7,1
439,Amreli,2025-06-27,196.14083333333335,1
439,Amreli,2025-06-28,196.30478260869566,1
439,Amreli,2025-06-29,196.33260869565217,1
439,Amreli,2025-06-30,196.34416666666667,1
439,Amreli,2025-07-01,196.3575,1
439,Amreli,2025-07-02,196.36111111111111,1
439,Amreli,2025-07-03,196.36958333333334,1
439,Amreli,2025-07-04,196.37791666666666,1
439,Amreli,2025-07-05,196.385,1
439,Amreli,2025-08-04,197.29875,1
439,Amreli,2025-08-05,197.28125,1
439,Amreli,2025-08-06,197.28,1
439,Amreli,2025-08-07,197.27583333333334,1
439,Amreli,2025-08-08,197.2795238095238,1
439,Amreli,2025-08-09,197.27434782608697,1
439,Amreli,2025-08-10,197.27041666666665,1
439,Amreli,2025-08-11,197.27818181818182,1
439,Amreli,2025-08-12,197.29999999999998,1
439,Amreli,2025-08-13,197.29833333333332,1
439,Amreli,2025-08-14,197.29916666666668,1
439,Amreli,2025-08-17,197.32777777777778,1
439,Amreli,2025-08-18,197.34,1
439,Amreli,2025-08-20,197.3495652173913,1
439,Amreli,2025-08-21,197.56791666666666,1
439,Amreli,2025-08-22,197.79958333333332,1
439,Amreli,2025-08-23,197.94083333333333,1
439,Amreli,2025-08-24,198.16791666666666,1
439,Amreli,2025-08-25,198.65333333333334,1
439,Amreli,2025-08-27,199.423,1
439,Amreli,2025-08-28,199.4364705882353,1
439,Amreli,2025-10-24,199.115,1
439,Amreli,2025-10-25,199.1178260869565,1
439,Amreli,2025-10-26,199.11166666666668,1
439,Amreli,2025-10-27,199.15125,1
439,Amreli,2025-10-28,199.2279166666667,1
439,Amreli,2025-10-29,199.23,1
439,Amreli,2025-10-30,199.22,1
439,Amreli,2025-10-31,199.2175,1
439,Amreli,2025-11-01,199.2130434782609,1
439,Amreli,2025-11-02,199.21478260869569,1
439,Amreli,2025-11-03,199.20954545454543,1
439,Amreli,2025-11-04,199.20304347826087,1
439,Amreli,2025-11-05,199.1986956521739,1
439,Amreli,2025-11-06,199.1925,1
439,Amreli,2025-11-07,199.186875,1
439,Amreli,2025-11-08,199.18999999999997,1
439,Amreli,2025-11-09,199.18,1
439,Amreli,2025-11-10,199.17545454545453,1
439,Amreli,2025-11-11,199.174,1
439,Amreli,2025-11-12,199.15666666666667,1
439,Amreli,2025-11-13,199.16199999999998,1
439,Amreli,2025-11-14,199.158,1
439,Amreli,2025-11-15,199.14315789473685,1
439,Amreli,2025-11-16,199.14190476190478,1
439,Amreli,2025-11-17,199.13916666666668,1
439,Amreli,2025-11-18,199.14266666666666,1
439,Amreli,2025-11-19,199.13625,1
439,Amreli,2025-11-20,199.12869565217392,1
439,Amreli,2025-11-21,199.12739130434784,1
439,Amreli,2025-11-22,199.11916666666664,1
439,Amreli,2025-11-23,199.11666666666667,1
439,Amreli,2025-11-24,199.11249999999998,1
439,Amreli,2025-11-25,199.10304347826087,1
439,Amreli,2025-11-26,199.09208333333333,1
439,Amreli,2025-11-27,199.08714285714288,1
439,Amreli,2025-12-01,199.00545454545454,1
439,Amreli,2025-12-02,198.98875,1
439,Amreli,2025-12-03,198.95727272727274,1
439,Amreli,2025-12-04,198.926,1
439,Amreli,2025-12-05,198.9117391304348,1
439,Amreli,2025-12-06,198.90666666666667,1
439,Amreli,2025-12-07,198.89695652173913,1
439,Amreli,2025-12-08,198.88863636363638,1
439,Amreli,2025-12-09,198.88277777777776,1
439,Amreli,2025-12-10,198.86173913043476,1
439,Amreli,2025-12-11,198.84478260869565,1
439,Amreli,2025-12-12,198.82173913043476,1
439,Amreli,2025-12-13,198.79583333333335,1
439,Amreli,2025-12-14,198.78478260869565,1
439,Amreli,2025-12-15,198.77478260869563,1
439,Amreli,2025-12-16,198.7694736842105,1
439,Amreli,2025-12-17,198.756,1
439,Amreli,2025-12-18,198.746,1
439,Amreli,2025-12-19,198.7225,1
439,Amreli,2025-12-20,198.70000000000002,1
439,Amreli,2025-12-21,198.67666666666665,1
439,Amreli,2025-12-22,198.6547619047619,1
439,Amreli,2025-12-23,198.62869565217392,1
439,Amreli,2025-12-24,198.61708333333334,1
439,Amreli,2025-12-25,198.60375,1
439,Amreli,2025-12-26,198.5908695652174,1
439,Amreli,2025-12-27,198.56909090909093,1
439,Amreli,2025-12-28,198.53947368421052,1
439,Amreli,2025-12-29,198.51708333333332,1
439,Amreli,2025-12-30,198.498,1
439,Amreli,2025-12-31,198.48700000000002,1
441,Banaskantha,2021-01-01,253.932,1
441,Banaskantha,2021-01-08,253.935,1
441,Banaskantha,2021-01-09,253.928,1
441,Banaskantha,2021-01-10,253.93,1
441,Banaskantha,2021-01-11,253.931,1
441,Banaskantha,2021-01-16,253.995,1
441,Banaskantha,2021-01-31,253.923,1
441,Banaskantha,2021-03-27,253.991,1
441,Banaskantha,2021-04-02,253.989,1
441,Banaskantha,2021-05-15,253.951,1
441,Banaskantha,2021-05-27,262.552,1
441,Banaskantha,2021-06-01,253.949,1
441,Banaskantha,2021-06-04,85.34621052631579,1
441,Banaskantha,2021-06-05,168.97810256410258,1
441,Banaskantha,2021-06-06,260.243,1
441,Banaskantha,2021-06-07,260.24163636363636,1
441,Banaskantha,2021-06-13,254.00184210526314,1
441,Banaskantha,2021-06-14,254.0008723404255,1
441,Banaskantha,2021-06-15,253.99795833333334,1
441,Banaskantha,2021-06-16,254.0029574468085,1
441,Banaskantha,2021-06-17,254.001875,1
441,Banaskantha,2021-06-18,253.99854545454545,1
441,Banaskantha,2021-06-19,253.99024999999997,1
441,Banaskantha,2021-06-20,254.00075,1
441,Banaskantha,2021-06-21,254.01579166666667,1
441,Banaskantha,2021-06-22,254.00127659574466,1
441,Banaskantha,2021-06-23,253.992,1
441,Banaskantha,2021-06-24,253.99029166666665,1
441,Banaskantha,2021-06-25,253.9946666666667,1
441,Banaskantha,2021-06-26,253.992125,1
441,Banaskantha,2021-06-27,253.99848936170213,1
441,Banaskantha,2021-06-28,253.99723684210528,1
441,Banaskantha,2021-06-29,254.0037692307692,1
441,Banaskantha,2021-06-30,254.00608510638298,1
441,Banaskantha,2021-07-01,254.00320833333333,1
441,Banaskantha,2021-07-02,254.00334782608698,1
441,Banaskantha,2021-07-03,254.00087499999998,1
441,Banaskantha,2021-07-04,254.00221276595744,1
441,Banaskantha,2021-07-05,254.00254545454547,1
441,Banaskantha,2021-07-06,254.00311111111108,1
441,Banaskantha,2021-07-07,254.00260606060604,1
441,Banaskantha,2021-07-08,254.00061904761904,1
441,Banaskantha,2021-07-09,254.0058780487805,1
441,Banaskantha,2021-07-10,254.01025,1
441,Banaskantha,2021-07-11,254.00376744186048,1
441,Banaskantha,2021-07-12,253.99634146341464,1
441,Banaskantha,2021-07-13,253.995375,1
441,Banaskantha,2021-07-14,253.99828260869566,1
441,Banaskantha,2021-07-15,254.0001914893617,1
441,Banaskantha,2021-07-16,253.9914680851064,1
441,Banaskantha,2021-07-17,254.00883333333334,1
441,Banaskantha,2021-07-18,254.00929166666666,1
441,Banaskantha,2021-07-19,253.99847826086958,1
441,Banaskantha,2021-07-20,254.00170833333334,1
441,Banaskantha,2021-07-21,254.0003829787234,1
441,Banaskantha,2021-07-22,254.015625,1
441,Banaskantha,2021-07-23,254.01454166666667,1
441,Banaskantha,2021-07-24,254.01916666666668,1
441,Banaskantha,2021-07-25,254.00208333333333,1
441,Banaskantha,2021-07-26,253.9946666666667,1
441,Banaskantha,2021-07-27,253.995375,1
441,Banaskantha,2021-07-28,253.99644680851065,1
441,Banaskantha,2021-07-29,253.9896222222222,1
441,Banaskantha,2021-07-30,253.99362499999998,1
441,Banaskantha,2021-07-31,253.99991666666665,1
441,Banaskantha,2021-08-01,253.99827659574467,1
441,Banaskantha,2021-08-02,253.99633333333335,1
441,Banaskantha,2021-08-03,250.9272765957447,1
441,Banaskantha,2021-08-04,253.99604166666666,1
441,Banaskantha,2021-08-05,253.993875,1
441,Banaskantha,2021-08-06,253.90386956521738,1
441,Banaskantha,2021-08-07,253.99782978723402,1
441,Banaskantha,2021-08-08,253.92728571428572,1
441,Banaskantha,2021-08-09,253.97986666666665,1
441,Banaskantha,2021-08-10,254.00608333333332,1
441,Banaskantha,2021-08-11,254.00527659574468,1
441,Banaskantha,2021-08-12,254.00031914893617,1
441,Banaskantha,2021-08-13,254.02528125,1
441,Banaskantha,2021-08-14,254.00228571428573,1
441,Banaskantha,2021-08-15,254.0184285714286,1
441,Banaskantha,2021-08-16,254.0152857142857,1
441,Banaskantha,2021-08-17,254.01414285714287,1
441,Banaskantha,2021-08-18,254.02473076923076,1
441,Banaskantha,2021-08-19,253.99991666666665,1
441,Banaskantha,2021-08-20,254.01504166666666,1
441,Banaskantha,2021-08-21,253.99847916666667,1
441,Banaskantha,2021-08-22,254.011125,1
441,Banaskantha,2021-08-23,254.06272340425534,1
441,Banaskantha,2021-08-24,254.04082608695654,1
441,Banaskantha,2021-08-25,254.02495833333333,1
441,Banaskantha,2021-08-26,254.03282978723402,1
441,Banaskantha,2021-08-27,254.04220833333332,1
441,Banaskantha,2021-08-28,253.9874583333333,1
441,Banaskantha,2021-08-29,254.07717021276596,1
441,Banaskantha,2021-08-30,254.0725,1
441,Banaskantha,2021-08-31,254.0604255319149,1
441,Banaskantha,2021-09-01,253.96036956521738,1
441,Banaskantha,2021-09-02,253.9888936170213,1
441,Banaskantha,2021-09-03,253.9582340425532,1
441,Banaskantha,2021-09-04,254.00054166666666,1
441,Banaskantha,2021-09-05,253.9166595744681,1
441,Banaskantha,2021-09-06,253.96016666666665,1
441,Banaskantha,2021-09-07,253.9056875,1
441,Banaskantha,2021-09-08,253.98445833333335,1
441,Banaskantha,2021-09-09,253.98940909090908,1
441,Banaskantha,2021-09-10,254.00252631578945,1
441,Banaskantha,2021-09-11,253.96020833333333,1
441,Banaskantha,2021-09-12,254.05954166666666,1
441,Banaskantha,2021-09-13,254.01216666666667,1
441,Banaskantha,2021-09-14,253.94912499999998,1
441,Banaskantha,2021-09-15,253.94947826086954,1
441,Banaskantha,2021-09-16,253.96136363636361,1
441,Banaskantha,2021-09-17,253.9841739130435,1
441,Banaskantha,2021-09-18,253.9561666666667,1
441,Banaskantha,2021-09-19,253.97182608695653,1
441,Banaskantha,2021-09-20,253.972125,1
441,Banaskantha,2021-09-21,253.983625,1
441,Banaskantha,2021-09-22,254.22191304347828,1
441,Banaskantha,2021-09-23,254.0167391304348,1
441,Banaskantha,2021-09-24,253.97058333333334,1
441,Banaskantha,2021-09-25,254.04690476190476,1
441,Banaskantha,2021-09-26,254.109,1
441,Banaskantha,2021-09-27,254.19975,1
441,Banaskantha,2021-09-28,254.05236363636365,1
441,Banaskantha,2021-09-29,254.01691304347827,1
441,Banaskantha,2021-09-30,253.99233333333333,1
441,Banaskantha,2021-10-01,253.9834090909091,1
441,Banaskantha,2021-10-02,253.99690476190477,1
441,Banaskantha,2021-10-03,253.980375,1
441,Banaskantha,2021-10-04,253.963,1
441,Banaskantha,2021-10-05,253.95341666666664,1
441,Banaskantha,2021-10-06,253.94686206896552,1
441,Banaskantha,2021-10-07,253.9392962962963,1
441,Banaskantha,2021-10-08,253.93433333333334,1
441,Banaskantha,2021-10-09,253.92914814814816,1
441,Banaskantha,2021-10-10,253.92933333333335,1
441,Banaskantha,2021-10-11,253.92916000000002,1
441,Banaskantha,2021-10-12,253.92125,1
441,Banaskantha,2021-10-13,253.91524,1
441,Banaskantha,2021-10-14,253.90658333333332,1
441,Banaskantha,2021-10-15,253.90216666666666,1
441,Banaskantha,2021-10-16,253.90867999999998,1
441,Banaskantha,2021-10-17,253.9294,1
441,Banaskantha,2021-10-18,253.9273076923077,1
441,Banaskantha,2021-10-19,253.92768,1
441,Banaskantha,2021-10-20,253.9301304347826,1
441,Banaskantha,2021-10-21,253.9294166666667,1
441,Banaskantha,2021-10-22,253.93141666666668,1
441,Banaskantha,2021-10-23,253.931375,1
441,Banaskantha,2021-10-24,253.9335652173913,1
441,Banaskantha,2021-10-25,253.93041666666667,1
441,Banaskantha,2021-10-26,253.9315,1
441,Banaskantha,2021-10-27,253.92583333333334,1
441,Banaskantha,2021-10-28,253.91820833333335,1
441,Banaskantha,2021-10-29,253.91885714285715,1
441,Banaskantha,2021-10-30,253.91241666666667,1
441,Banaskantha,2021-10-31,253.91141666666667,1
441,Banaskantha,2021-11-01,253.92091666666667,1
441,Banaskantha,2021-11-02,253.90016666666668,1
441,Banaskantha,2021-11-03,253.880375,1
441,Banaskantha,2021-11-04,253.8814583333333,1
441,Banaskantha,2021-11-05,253.87995833333332,1
441,Banaskantha,2021-11-06,253.87108695652174,1
441,Banaskantha,2021-11-07,253.86086363636366,1
441,Banaskantha,2021-11-08,253.86254545454543,1
441,Banaskantha,2021-11-09,253.85573913043478,1
441,Banaskantha,2021-11-10,253.85890909090907,1
441,Banaskantha,2021-11-11,253.84652000000003,1
441,Banaskantha,2021-11-12,253.861,1
441,Banaskantha,2021-11-13,253.86460869565218,1
441,Banaskantha,2021-11-14,253.8603043478261,1
441,Banaskantha,2021-11-15,253.86929166666667,1
441,Banaskantha,2021-11-16,253.86447826086956,1
441,Banaskantha,2021-11-17,253.86556521739132,1
441,Banaskantha,2021-11-18,253.91858333333334,1
441,Banaskantha,2021-11-19,254.01325,1
441,Banaskantha,2021-11-20,254.01792,1
441,Banaskantha,2021-11-21,253.9584347826087,1
441,Banaskantha,2021-11-22,253.94222727272728,1
441,Banaskantha,2021-11-23,253.93304166666667,1
441,Banaskantha,2021-11-24,253.92717391304348,1
441,Banaskantha,2021-11-25,253.92658333333335,1
441,Banaskantha,2021-11-26,259.4951304347826,1
441,Banaskantha,2021-11-27,253.92841666666666,1
441,Banaskantha,2021-11-28,253.92466666666667,1
441,Banaskantha,2021-11-29,253.92336,1
441,Banaskantha,2021-11-30,253.9198181818182,1
441,Banaskantha,2021-12-01,253.91854166666667,1
441,Banaskantha,2021-12-02,253.91973913043475,1
441,Banaskantha,2021-12-03,253.91816666666668,1
441,Banaskantha,2021-12-04,253.9126666666667,1
441,Banaskantha,2021-12-05,253.906125,1
441,Banaskantha,2021-12-06,253.90141666666668,1
441,Banaskantha,2021-12-07,253.89526086956522,1
441,Banaskantha,2021-12-08,253.89863636363634,1
441,Banaskantha,2021-12-09,253.89816666666664,1
441,Banaskantha,2021-12-10,253.8913043478261,1
441,Banaskantha,2021-12-11,253.88621739130434,1
441,Banaskantha,2021-12-12,253.88229166666667,1
441,Banaskantha,2021-12-13,253.88354545454547,1
441,Banaskantha,2021-12-14,253.8858695652174,1
441,Banaskantha,2021-12-15,253.88191304347825,1
441,Banaskantha,2021-12-16,253.88278260869566,1
441,Banaskantha,2021-12-17,253.87924999999998,1
441,Banaskantha,2021-12-18,253.87327272727273,1
441,Banaskantha,2021-12-19,253.87560869565218,1
441,Banaskantha,2021-12-20,253.86950000000002,1
441,Banaskantha,2021-12-21,253.87021739130435,1
441,Banaskantha,2021-12-22,253.8680416666667,1
441,Banaskantha,2021-12-23,253.863125,1
441,Banaskantha,2021-12-24,253.85524999999998,1
441,Banaskantha,2021-12-25,253.85230434782608,1
441,Banaskantha,2021-12-26,253.84933333333333,1
441,Banaskantha,2021-12-27,253.84879166666667,1
441,Banaskantha,2021-12-28,253.87558333333334,1
441,Banaskantha,2021-12-29,253.8750434782609,1
441,Banaskantha,2021-12-30,253.8723043478261,1
441,Banaskantha,2021-12-31,253.87008333333333,1
441,Banaskantha,2022-01-01,253.86559090909088,1
441,Banaskantha,2022-01-02,253.86745833333336,1
441,Banaskantha,2022-01-03,253.86558333333335,1
441,Banaskantha,2022-01-04,253.86283333333333,1
441,Banaskantha,2022-01-05,253.853375,1
441,Banaskantha,2022-01-06,253.87333333333333,1
441,Banaskantha,2022-01-07,253.8795217391304,1
441,Banaskantha,2022-01-08,253.87704545454545,1
441,Banaskantha,2022-01-09,253.86974999999998,1
441,Banaskantha,2022-01-10,253.8598260869565,1
441,Banaskantha,2022-01-11,253.84604166666668,1
441,Banaskantha,2022-01-12,253.84854166666665,1
441,Banaskantha,2022-01-13,253.84508333333335,1
441,Banaskantha,2022-01-14,253.84286363636363,1
441,Banaskantha,2022-01-15,253.8334090909091,1
441,Banaskantha,2022-01-16,253.83495833333333,1
441,Banaskantha,2022-01-17,253.83986363636362,1
441,Banaskantha,2022-01-18,253.84658333333334,1
441,Banaskantha,2022-01-19,253.85786363636365,1
441,Banaskantha,2022-01-20,253.86352173913042,1
441,Banaskantha,2022-01-21,253.85891304347825,1
441,Banaskantha,2022-01-22,253.8569375,1
441,Banaskantha,2022-01-23,253.85120833333335,1
441,Banaskantha,2022-01-24,253.85102083333334,1
441,Banaskantha,2022-01-25,253.85052173913044,1
441,Banaskantha,2022-01-26,253.84410869565218,1
441,Banaskantha,2022-01-27,253.84335416666667,1
441,Banaskantha,2022-01-28,253.8426086956522,1
441,Banaskantha,2022-01-29,253.84110416666667,1
441,Banaskantha,2022-01-30,253.8351304347826,1
441,Banaskantha,2022-01-31,253.8419347826087,1
441,Banaskantha,2022-02-01,253.81679166666666,1
441,Banaskantha,2022-02-02,253.81866666666667,1
441,Banaskantha,2022-02-03,253.83930952380953,1
441,Banaskantha,2022-02-04,253.8412291666667,1
441,Banaskantha,2022-02-05,253.82658333333333,1
441,Banaskantha,2022-02-06,253.82833333333335,1
441,Banaskantha,2022-02-07,253.82471739130435,1
441,Banaskantha,2022-02-08,253.8263125,1
441,Banaskantha,2022-02-09,253.80356,1
441,Banaskantha,2022-02-10,253.8285,1
441,Banaskantha,2022-02-11,253.80457142857142,1
441,Banaskantha,2022-02-12,253.79021739130437,1
441,Banaskantha,2022-02-13,253.79120833333332,1
441,Banaskantha,2022-02-14,253.80133333333333,1
441,Banaskantha,2022-02-15,253.81004166666665,1
441,Banaskantha,2022-02-16,253.8228333333333,1
441,Banaskantha,2022-02-17,253.85717391304348,1
441,Banaskantha,2022-02-18,253.85687499999997,1
441,Banaskantha,2022-02-19,253.85170833333333,1
441,Banaskantha,2022-02-20,253.88295652173912,1
441,Banaskantha,2022-02-21,253.85220833333332,1
441,Banaskantha,2022-02-22,253.81565217391307,1
441,Banaskantha,2022-02-23,253.8616956521739,1
441,Banaskantha,2022-02-24,253.86426086956521,1
441,Banaskantha,2022-02-25,253.85931818181817,1
441,Banaskantha,2022-02-26,253.86990476190476,1
441,Banaskantha,2022-02-27,253.87104347826084,1
441,Banaskantha,2022-02-28,253.82996,1
441,Banaskantha,2022-03-01,253.86373333333333,1
441,Banaskantha,2022-03-02,253.8370425531915,1
441,Banaskantha,2022-03-03,253.85168181818182,1
441,Banaskantha,2022-03-04,253.85299999999998,1
441,Banaskantha,2022-03-05,253.87495454545453,1
441,Banaskantha,2022-03-06,253.94271111111112,1
441,Banaskantha,2022-03-07,253.82919565217392,1
441,Banaskantha,2022-03-08,253.84936363636362,1
441,Banaskantha,2022-03-09,253.86544897959183,1
441,Banaskantha,2022-03-10,253.89322222222222,1
441,Banaskantha,2022-03-11,253.9824130434783,1
441,Banaskantha,2022-03-12,270.6513695652174,1
441,Banaskantha,2022-03-13,253.9823777777778,1
441,Banaskantha,2022-03-14,253.97933333333333,1
441,Banaskantha,2022-03-15,253.98126086956523,1
441,Banaskantha,2022-03-16,253.95033333333336,1
441,Banaskantha,2022-03-17,253.90171739130435,1
441,Banaskantha,2022-03-18,253.7964468085106,1
441,Banaskantha,2022-03-19,253.79061702127657,1
441,Banaskantha,2022-03-20,253.8339347826087,1
441,Banaskantha,2022-03-21,253.84068085106384,1
441,Banaskantha,2022-03-22,253.84110638297875,1
441,Banaskantha,2022-03-23,253.84935555555555,1
441,Banaskantha,2022-03-24,253.85145833333334,1
441,Banaskantha,2022-03-25,253.8017076923077,1
441,Banaskantha,2022-03-26,253.82896923076925,1
441,Banaskantha,2022-03-27,253.74294285714288,1
441,Banaskantha,2022-03-28,253.79357746478874,1
441,Banaskantha,2022-03-29,253.79145714285713,1
441,Banaskantha,2022-03-30,253.80479166666666,1
441,Banaskantha,2022-03-31,253.84064788732397,1
441,Banaskantha,2022-04-01,253.78853061224493,1
441,Banaskantha,2022-04-02,253.79219565217392,1
441,Banaskantha,2022-04-03,253.79516666666666,1
441,Banaskantha,2022-04-04,253.79211627906977,1
441,Banaskantha,2022-04-05,253.82195833333333,1
441,Banaskantha,2022-04-06,253.8492391304348,1
441,Banaskantha,2022-04-07,263.13381250000003,1
441,Banaskantha,2022-04-08,253.855375,1
441,Banaskantha,2022-04-09,253.85847826086956,1
441,Banaskantha,2022-04-10,253.83438461538464,1
441,Banaskantha,2022-04-11,253.24335714285712,1
441,Banaskantha,2022-04-12,253.80483333333333,1
441,Banaskantha,2022-04-13,253.83751063829786,1
441,Banaskantha,2022-04-14,253.83883333333333,1
441,Banaskantha,2022-04-15,253.8481489361702,1
441,Banaskantha,2022-04-16,253.82116666666664,1
441,Banaskantha,2022-04-17,253.84021276595743,1
441,Banaskantha,2022-04-18,253.85502127659575,1
441,Banaskantha,2022-04-19,253.85455555555555,1
441,Banaskantha,2022-04-20,253.84354545454545,1
441,Banaskantha,2022-04-21,257.90725531914893,1
441,Banaskantha,2022-04-22,253.81352173913044,1
441,Banaskantha,2022-04-23,253.80814285714283,1
441,Banaskantha,2022-04-24,253.82864102564105,1
441,Banaskantha,2022-04-25,253.84204347826088,1
441,Banaskantha,2022-04-26,253.84317391304347,1
441,Banaskantha,2022-04-27,253.81509523809524,1
441,Banaskantha,2022-04-28,253.8322972972973,1
441,Banaskantha,2022-04-29,253.8382222222222,1
441,Banaskantha,2022-04-30,253.77690909090913,1
441,Banaskantha,2022-05-01,253.86166666666668,1
441,Banaskantha,2022-05-02,253.8750714285714,1
441,Banaskantha,2022-05-03,253.882,1
441,Banaskantha,2022-05-04,253.86133333333336,1
441,Banaskantha,2022-05-05,253.857,1
441,Banaskantha,2022-05-06,253.85930769230768,1
441,Banaskantha,2022-05-07,253.8381875,1
441,Banaskantha,2022-05-08,253.83061538461536,1
441,Banaskantha,2022-05-09,253.8059,1
441,Banaskantha,2022-05-10,253.78178947368423,1
441,Banaskantha,2022-05-11,253.77611764705884,1
441,Banaskantha,2022-05-12,253.81438461538463,1
441,Banaskantha,2022-05-13,253.84591891891895,1
441,Banaskantha,2022-05-14,253.83530952380954,1
441,Banaskantha,2022-05-15,253.83,1
441,Banaskantha,2022-05-16,253.82036,1
441,Banaskantha,2022-05-17,253.80249999999998,1
441,Banaskantha,2022-05-18,253.7364,1
441,Banaskantha,2022-05-19,253.77139130434784,1
441,Banaskantha,2022-05-20,253.74671428571432,1
441,Banaskantha,2022-05-21,253.8392608695652,1
441,Banaskantha,2022-05-22,253.8151111111111,1
441,Banaskantha,2022-05-23,253.81455555555556,1
441,Banaskantha,2022-05-24,253.76046153846153,1
441,Banaskantha,2022-05-25,253.71784615384615,1
441,Banaskantha,2022-05-26,253.75715,1
441,Banaskantha,2022-05-27,253.85485714285713,1
441,Banaskantha,2022-05-28,253.8266111111111,1
441,Banaskantha,2022-05-29,253.81676,1
441,Banaskantha,2022-05-30,253.81354545454545,1
441,Banaskantha,2022-05-31,253.82964705882355,1
441,Banaskantha,2022-06-01,253.83571428571432,1
441,Banaskantha,2022-06-02,253.85427272727273,1
441,Banaskantha,2022-06-03,253.85395,1
441,Banaskantha,2022-06-04,253.8542,1
441,Banaskantha,2022-06-05,253.85904999999997,1
441,Banaskantha,2022-06-06,253.85954166666667,1
441,Banaskantha,2022-06-07,253.864,1
441,Banaskantha,2022-06-08,253.8655714285714,1
441,Banaskantha,2022-06-09,253.86238095238093,1
441,Banaskantha,2022-06-10,253.85866666666666,1
441,Banaskantha,2022-06-11,253.8608409090909,1
441,Banaskantha,2022-06-12,253.8403076923077,1
441,Banaskantha,2022-06-13,253.89360606060606,1
441,Banaskantha,2022-06-14,253.83053125,1
441,Banaskantha,2022-06-15,253.75695555555555,1
441,Banaskantha,2022-06-16,253.81935135135137,1
441,Banaskantha,2022-06-17,253.79567647058823,1
441,Banaskantha,2022-06-18,253.66582926829267,1
441,Banaskantha,2022-06-19,253.81243589743588,1
441,Banaskantha,2022-06-20,253.82122727272727,1
441,Banaskantha,2022-06-21,253.72633333333332,1
441,Banaskantha,2022-06-22,253.85522222222224,1
441,Banaskantha,2022-06-23,253.8715238095238,1
441,Banaskantha,2022-06-24,253.86946153846154,1
441,Banaskantha,2022-06-25,253.8687435897436,1
441,Banaskantha,2022-06-26,253.85928205128207,1
441,Banaskantha,2022-06-27,253.86445454545455,1
441,Banaskantha,2022-06-28,253.86535714285716,1
441,Banaskantha,2022-06-29,253.86595555555556,1
441,Banaskantha,2022-06-30,253.86494117647058,1
441,Banaskantha,2022-07-01,252.23627272727273,1
441,Banaskantha,2022-07-02,253.9904210526316,1
441,Banaskantha,2022-07-03,253.89583783783786,1
441,Banaskantha,2022-07-04,253.89016279069767,1
441,Banaskantha,2022-07-05,254.00239534883718,1
441,Banaskantha,2022-07-06,253.9026046511628,1
441,Banaskantha,2022-07-07,253.3537837837838,1
441,Banaskantha,2022-07-08,253.98464285714286,1
441,Banaskantha,2022-07-09,253.84261904761902,1
441,Banaskantha,2022-07-10,253.8150512820513,1
441,Banaskantha,2022-07-11,253.95306451612905,1
441,Banaskantha,2022-07-12,270.36293023255814,1
441,Banaskantha,2022-07-13,253.95554545454544,1
441,Banaskantha,2022-07-14,248.7064761904762,1
441,Banaskantha,2022-07-15,253.8587777777778,1
441,Banaskantha,2022-07-16,253.8461136363636,1
441,Banaskantha,2022-07-17,253.8191666666667,1
441,Banaskantha,2022-07-18,253.83513333333335,1
441,Banaskantha,2022-07-19,254.0412105263158,1
441,Banaskantha,2022-07-20,253.9758372093023,1
441,Banaskantha,2022-07-21,253.96036111111113,1
441,Banaskantha,2022-07-22,249.118525,1
441,Banaskantha,2022-07-23,253.94256410256412,1
441,Banaskantha,2022-07-24,253.9366829268293,1
441,Banaskantha,2022-07-25,253.98125,1
441,Banaskantha,2022-07-26,254.03020454545455,1
441,Banaskantha,2022-07-27,254.0820238095238,1
441,Banaskantha,2022-07-28,254.03066666666666,1
441,Banaskantha,2022-07-29,254.00268888888888,1
441,Banaskantha,2022-07-30,253.98558139534887,1
441,Banaskantha,2022-07-31,253.97822727272725,1
441,Banaskantha,2022-08-01,253.96924444444446,1
441,Banaskantha,2022-08-02,253.96376086956522,1
441,Banaskantha,2022-08-03,253.96161904761908,1
441,Banaskantha,2022-08-04,253.964175,1
441,Banaskantha,2022-08-05,254.04125531914895,1
441,Banaskantha,2022-08-06,254.02448837209303,1
441,Banaskantha,2022-08-07,253.97236956521738,1
441,Banaskantha,2022-08-08,254.09789999999998,1
441,Banaskantha,2022-08-09,254.09762857142854,1
441,Banaskantha,2022-08-10,254.0998918918919,1
441,Banaskantha,2022-08-11,254.18929268292683,1
441,Banaskantha,2022-08-12,254.09964285714284,1
441,Banaskantha,2022-08-13,254.1988536585366,1
441,Banaskantha,2022-08-14,254.10417391304347,1
441,Banaskantha,2022-08-15,254.06385714285716,1
441,Banaskantha,2022-08-16,254.32845000000003,1
441,Banaskantha,2022-08-17,254.6882162162162,1
441,Banaskantha,2022-08-18,254.31644736842105,1
441,Banaskantha,2022-08-19,254.2265238095238,1
441,Banaskantha,2022-08-20,254.1533043478261,1
441,Banaskantha,2022-08-21,254.10202564102562,1
441,Banaskantha,2022-08-22,254.06982222222223,1
441,Banaskantha,2022-08-23,254.29040625,1
441,Banaskantha,2022-08-24,254.42370833333334,1
441,Banaskantha,2022-08-25,254.29566666666668,1
441,Banaskantha,2022-08-26,254.204125,1
441,Banaskantha,2022-08-27,254.144125,1
441,Banaskantha,2022-08-28,254.0952,1
441,Banaskantha,2022-08-29,254.0632857142857,1
441,Banaskantha,2022-08-30,254.03326666666666,1
441,Banaskantha,2022-08-31,254.00893548387097,1
441,Banaskantha,2022-09-01,253.98588372093025,1
441,Banaskantha,2022-09-02,253.96935714285715,1
441,Banaskantha,2022-09-03,253.95091111111108,1
441,Banaskantha,2022-09-04,253.93434883720928,1
441,Banaskantha,2022-09-05,253.91968085106384,1
441,Banaskantha,2022-09-06,253.90495348837212,1
441,Banaskantha,2022-09-07,253.8914888888889,1
441,Banaskantha,2022-09-08,253.87658695652175,1
441,Banaskantha,2022-09-09,253.86633333333336,1
441,Banaskantha,2022-09-10,253.86287234042553,1
441,Banaskantha,2022-09-11,253.98470212765955,1
441,Banaskantha,2022-09-12,254.06021739130435,1
441,Banaskantha,2022-09-13,253.95468085106384,1
441,Banaskantha,2022-09-14,253.9093333333333,1
441,Banaskantha,2022-09-15,253.95123913043477,1
441,Banaskantha,2022-09-16,253.90557142857142,1
441,Banaskantha,2022-09-17,253.88857446808512,1
441,Banaskantha,2022-09-18,253.8790909090909,1
441,Banaskantha,2022-09-19,253.871625,1
441,Banaskantha,2022-09-20,253.908125,1
441,Banaskantha,2022-09-21,253.899125,1
441,Banaskantha,2022-09-22,253.891375,1
441,Banaskantha,2022-09-23,253.8841666666667,1
441,Banaskantha,2022-09-24,253.87750000000003,1
441,Banaskantha,2022-09-25,253.871625,1
441,Banaskantha,2022-09-26,253.86670833333335,1
441,Banaskantha,2022-09-27,253.86264,1
441,Banaskantha,2022-09-28,253.8595,1
441,Banaskantha,2022-09-29,253.85625000000002,1
441,Banaskantha,2022-09-30,253.8488695652174,1
441,Banaskantha,2022-10-01,253.84320833333334,1
441,Banaskantha,2022-10-02,253.83933333333334,1
441,Banaskantha,2022-10-03,253.834625,1
441,Banaskantha,2022-10-04,253.83033333333333,1
441,Banaskantha,2022-10-05,253.82716666666667,1
441,Banaskantha,2022-10-06,253.82595833333335,1
441,Banaskantha,2022-10-07,253.82683333333333,1
441,Banaskantha,2022-10-08,253.8529166666667,1
441,Banaskantha,2022-10-09,253.84545833333334,1
441,Banaskantha,2022-10-10,253.8370909090909,1
441,Banaskantha,2022-10-11,253.83100000000002,1
441,Banaskantha,2022-10-12,253.82555263157892,1
441,Banaskantha,2022-10-13,253.82091489361704,1
441,Banaskantha,2022-10-14,253.8148,1
441,Banaskantha,2022-10-15,253.80421739130435,1
441,Banaskantha,2022-10-16,253.79955319148937,1
441,Banaskantha,2022-10-17,253.79451063829788,1
441,Banaskantha,2022-10-18,253.79215,1
441,Banaskantha,2022-10-19,253.78746666666666,1
441,Banaskantha,2022-10-20,253.7852978723404,1
441,Banaskantha,2022-10-21,253.7820416666667,1
441,Banaskantha,2022-10-22,253.7795744680851,1
441,Banaskantha,2022-10-23,253.77599999999998,1
441,Banaskantha,2022-10-24,253.77517391304346,1
441,Banaskantha,2022-10-25,253.772675,1
441,Banaskantha,2022-10-26,253.7697619047619,1
441,Banaskantha,2022-10-27,253.76420833333336,1
441,Banaskantha,2022-10-28,253.7608510638298,1
441,Banaskantha,2022-10-29,253.75837777777778,1
441,Banaskantha,2022-10-30,253.75166666666667,1
441,Banaskantha,2022-10-31,253.74774285714287,1
441,Banaskantha,2022-11-01,253.74966666666668,1
441,Banaskantha,2022-11-02,253.74712499999998,1
441,Banaskantha,2022-11-03,253.74653658536585,1
441,Banaskantha,2022-11-04,253.746,1
441,Banaskantha,2022-11-05,253.7453846153846,1
441,Banaskantha,2022-11-06,253.74227272727276,1
441,Banaskantha,2022-11-07,253.74118604651164,1
441,Banaskantha,2022-11-08,253.73917073170733,1
441,Banaskantha,2022-11-09,253.7397894736842,1
441,Banaskantha,2022-11-10,253.73438095238097,1
441,Banaskantha,2022-11-11,253.73425,1
441,Banaskantha,2022-11-12,253.73353333333333,1
441,Banaskantha,2022-11-13,253.73462500000002,1
441,Banaskantha,2022-11-14,253.73246808510638,1
441,Banaskantha,2022-11-15,253.73125581395348,1
441,Banaskantha,2022-11-16,253.72939473684212,1
441,Banaskantha,2022-11-17,253.72578378378375,1
441,Banaskantha,2022-11-18,253.72507142857143,1
441,Banaskantha,2022-11-19,253.72714583333334,1
441,Banaskantha,2022-11-20,253.7250652173913,1
441,Banaskantha,2022-11-21,253.72538297872342,1
441,Banaskantha,2022-11-22,253.72330952380955,1
441,Banaskantha,2022-11-23,253.72256097560975,1
441,Banaskantha,2022-11-24,253.71999999999997,1
441,Banaskantha,2022-11-25,253.71527659574468,1
441,Banaskantha,2022-11-26,253.71416666666667,1
441,Banaskantha,2022-11-27,253.7167916666667,1
441,Banaskantha,2022-11-28,253.71951282051282,1
441,Banaskantha,2022-11-29,253.72309090909087,1
441,Banaskantha,2022-11-30,253.7188235294118,1
441,Banaskantha,2022-12-01,253.71496153846152,1
441,Banaskantha,2022-12-02,253.71817647058822,1
441,Banaskantha,2022-12-03,253.71327027027027,1
441,Banaskantha,2022-12-04,253.71124999999998,1
441,Banaskantha,2022-12-05,253.7151904761905,1
441,Banaskantha,2022-12-06,253.71263636363636,1
441,Banaskantha,2022-12-07,253.71002857142858,1
441,Banaskantha,2022-12-08,253.70912195121952,1
441,Banaskantha,2022-12-09,253.70780952380954,1
441,Banaskantha,2022-12-10,253.70295833333333,1
441,Banaskantha,2022-12-11,253.70462222222224,1
441,Banaskantha,2022-12-12,253.7055,1
441,Banaskantha,2022-12-13,253.70316666666668,1
441,Banaskantha,2022-12-14,253.70317021276594,1
441,Banaskantha,2022-12-15,253.7012340425532,1
441,Banaskantha,2022-12-16,253.696972972973,1
441,Banaskantha,2022-12-17,253.6917297297297,1
441,Banaskantha,2022-12-18,253.69053571428572,1
441,Banaskantha,2022-12-19,253.68733333333336,1
441,Banaskantha,2022-12-20,253.69183333333334,1
441,Banaskantha,2022-12-21,253.69431111111112,1
441,Banaskantha,2022-12-22,253.69369047619048,1
441,Banaskantha,2022-12-23,253.69774999999998,1
441,Banaskantha,2022-12-24,253.69600000000003,1
441,Banaskantha,2022-12-25,253.6939761904762,1
441,Banaskantha,2022-12-26,253.69834999999998,1
441,Banaskantha,2022-12-27,253.69260975609757,1
441,Banaskantha,2022-12-28,253.68694444444444,1
441,Banaskantha,2022-12-29,253.6908536585366,1
441,Banaskantha,2022-12-30,253.68908333333334,1
441,Banaskantha,2022-12-31,253.6875777777778,1
441,Banaskantha,2023-01-01,253.68491489361705,1
441,Banaskantha,2023-01-02,253.68687179487182,1
441,Banaskantha,2023-01-03,253.686225,1
441,Banaskantha,2023-01-04,253.68246341463413,1
441,Banaskantha,2023-01-05,253.6882105263158,1
441,Banaskantha,2023-01-06,253.68339534883722,1
441,Banaskantha,2023-01-07,253.6883170731707,1
441,Banaskantha,2023-01-08,253.695825,1
441,Banaskantha,2023-01-09,253.6968285714286,1
441,Banaskantha,2023-01-10,253.69476190476192,1
441,Banaskantha,2023-01-11,253.69622222222222,1
441,Banaskantha,2023-01-12,253.693875,1
441,Banaskantha,2023-01-13,253.6933,1
441,Banaskantha,2023-01-14,253.6901891891892,1
441,Banaskantha,2023-01-15,253.68878947368418,1
441,Banaskantha,2023-01-16,253.6870625,1
441,Banaskantha,2023-01-17,253.67654761904765,1
441,Banaskantha,2023-01-18,253.68495454545456,1
441,Banaskantha,2023-01-19,253.68408108108108,1
441,Banaskantha,2023-01-20,253.6811,1
441,Banaskantha,2023-01-21,253.67816666666667,1
441,Banaskantha,2023-01-22,253.68436111111112,1
441,Banaskantha,2023-01-23,253.67835,1
441,Banaskantha,2023-01-24,253.67623076923076,1
441,Banaskantha,2023-01-25,253.67700000000002,1
441,Banaskantha,2023-01-26,253.67541666666668,1
441,Banaskantha,2023-01-27,253.67074468085104,1
441,Banaskantha,2023-01-28,253.6731333333333,1
441,Banaskantha,2023-01-29,253.70000000000002,1
441,Banaskantha,2023-01-30,253.70388571428572,1
441,Banaskantha,2023-01-31,253.69307142857144,1
441,Banaskantha,2023-02-01,253.69679166666666,1
441,Banaskantha,2023-02-02,253.69537209302325,1
441,Banaskantha,2023-02-03,253.69419565217393,1
441,Banaskantha,2023-02-04,253.69502439024387,1
441,Banaskantha,2023-02-05,253.69304347826085,1
441,Banaskantha,2023-03-13,252.6616875,1
441,Banaskantha,2023-03-14,252.26019565217393,1
441,Banaskantha,2023-03-15,253.38936363636364,1
441,Banaskantha,2023-03-16,253.7729347826087,1
441,Banaskantha,2023-03-17,253.38233333333332,1
441,Banaskantha,2023-03-18,253.8051818181818,1
441,Banaskantha,2023-03-19,252.9218947368421,1
441,Banaskantha,2023-03-20,253.81033333333335,1
441,Banaskantha,2023-03-21,253.77245238095236,1
441,Banaskantha,2023-03-22,253.75017777777776,1
441,Banaskantha,2023-03-23,252.9875652173913,1
441,Banaskantha,2023-03-24,253.78729545454544,1
441,Banaskantha,2023-03-25,253.7143181818182,1
441,Banaskantha,2023-03-26,253.71232558139533,1
441,Banaskantha,2023-03-27,253.3846,1
441,Banaskantha,2023-03-28,253.73158536585368,1
441,Banaskantha,2023-03-29,253.77902380952384,1
441,Banaskantha,2023-03-30,253.78121739130435,1
441,Banaskantha,2023-03-31,253.78382857142856,1
441,Banaskantha,2023-04-01,253.80825581395348,1
441,Banaskantha,2023-04-02,253.76541666666665,1
441,Banaskantha,2023-04-03,253.77686363636366,1
441,Banaskantha,2023-04-04,253.77448648648652,1
441,Banaskantha,2023-04-05,253.78465714285713,1
441,Banaskantha,2023-04-06,253.7588333333333,1
441,Banaskantha,2023-04-07,253.7794090909091,1
441,Banaskantha,2023-04-08,253.36852272727273,1
441,Banaskantha,2023-04-09,253.5897021276596,1
441,Banaskantha,2023-04-10,251.90307142857142,1
441,Banaskantha,2023-04-11,253.73486046511627,1
441,Banaskantha,2023-04-12,253.771625,1
441,Banaskantha,2023-04-13,253.5708048780488,1
441,Banaskantha,2023-04-14,253.78736363636364,1
441,Banaskantha,2023-04-15,253.78033333333332,1
441,Banaskantha,2023-04-16,252.85144736842105,1
441,Banaskantha,2023-04-17,252.31814285714285,1
441,Banaskantha,2023-04-18,253.72367441860467,1
441,Banaskantha,2023-04-19,253.0942142857143,1
441,Banaskantha,2023-04-20,253.68997777777778,1
441,Banaskantha,2023-04-21,253.59613953488372,1
441,Banaskantha,2023-04-22,253.66175675675677,1
441,Banaskantha,2023-04-23,252.51279310344827,1
441,Banaskantha,2023-04-24,253.62315555555554,1
441,Banaskantha,2023-04-25,253.6134888888889,1
441,Banaskantha,2023-04-26,252.760975,1
441,Banaskantha,2023-04-27,253.6585945945946,1
441,Banaskantha,2023-04-28,253.34345161290324,1
441,Banaskantha,2023-04-29,253.3342962962963,1
441,Banaskantha,2023-04-30,253.72097619047622,1
441,Banaskantha,2023-05-01,253.02029787234042,1
441,Banaskantha,2023-05-02,253.3197234042553,1
441,Banaskantha,2023-05-03,253.82365853658538,1
441,Banaskantha,2023-05-04,253.78632499999998,1
441,Banaskantha,2023-05-05,253.78506382978722,1
441,Banaskantha,2023-05-06,253.7704,1
441,Banaskantha,2023-05-07,253.40633333333335,1
441,Banaskantha,2023-05-08,253.77070833333335,1
441,Banaskantha,2023-05-09,253.7716888888889,1
441,Banaskantha,2023-05-10,253.7198043478261,1
441,Banaskantha,2023-05-11,253.34365217391306,1
441,Banaskantha,2023-05-12,253.71306666666666,1
441,Banaskantha,2023-05-13,253.66666666666666,1
441,Banaskantha,2023-05-14,253.69594736842106,1
441,Banaskantha,2023-05-15,253.6976153846154,1
441,Banaskantha,2023-05-16,253.75238888888887,1
441,Banaskantha,2023-05-17,253.7517727272727,1
441,Banaskantha,2023-05-18,253.6415,1
441,Banaskantha,2023-05-19,253.63976923076922,1
441,Banaskantha,2023-05-20,253.70086666666666,1
441,Banaskantha,2023-05-21,253.73221875000002,1
441,Banaskantha,2023-05-22,253.71075,1
441,Banaskantha,2023-05-23,253.7282619047619,1
441,Banaskantha,2023-05-24,253.71184375,1
441,Banaskantha,2023-05-25,253.67653846153846,1
441,Banaskantha,2023-05-26,253.68346875,1
441,Banaskantha,2023-05-27,253.67552941176473,1
441,Banaskantha,2023-05-29,253.8084117647059,1
441,Banaskantha,2023-05-30,253.77023684210528,1
441,Banaskantha,2023-05-31,253.76541666666665,1
441,Banaskantha,2023-06-01,253.77305128205126,1
441,Banaskantha,2023-06-02,253.76166666666666,1
441,Banaskantha,2023-06-03,253.7670238095238,1
441,Banaskantha,2023-06-04,253.75970833333335,1
441,Banaskantha,2023-06-05,253.76359523809523,1
441,Banaskantha,2023-06-06,253.76764864864865,1
441,Banaskantha,2023-06-07,253.7651063829787,1
441,Banaskantha,2023-06-08,253.763,1
441,Banaskantha,2023-06-09,253.76671794871794,1
441,Banaskantha,2023-06-10,253.7597368421053,1
441,Banaskantha,2023-06-11,253.75829166666665,1
441,Banaskantha,2023-06-12,253.716075,1
441,Banaskantha,2023-06-13,253.71826086956523,1
441,Banaskantha,2023-06-14,253.7283783783784,1
441,Banaskantha,2023-06-15,253.76181395348837,1
441,Banaskantha,2023-06-16,253.76999999999998,1
441,Banaskantha,2023-06-17,254.53876923076922,1
441,Banaskantha,2023-06-19,254.1700588235294,1
441,Banaskantha,2023-06-20,254.0413870967742,1
441,Banaskantha,2023-06-21,253.9927037037037,1
441,Banaskantha,2023-06-22,253.96436111111112,1
441,Banaskantha,2023-06-23,253.9491111111111,1
441,Banaskantha,2023-06-24,253.9373846153846,1
441,Banaskantha,2023-06-25,253.92941463414633,1
441,Banaskantha,2023-06-26,253.93866666666665,1
441,Banaskantha,2023-06-27,253.8847111111111,1
441,Banaskantha,2023-06-28,253.90653333333333,1
441,Banaskantha,2023-06-29,253.89634782608695,1
441,Banaskantha,2023-06-30,253.91920454545453,1
441,Banaskantha,2023-07-01,253.42936363636363,1
441,Banaskantha,2023-07-02,253.99360416666664,1
441,Banaskantha,2023-07-03,253.90553333333332,1
441,Banaskantha,2023-07-04,253.1228888888889,1
441,Banaskantha,2023-07-05,249.16206382978723,1
441,Banaskantha,2023-07-06,254.03519999999997,1
441,Banaskantha,2023-07-07,253.99804255319148,1
441,Banaskantha,2023-07-08,253.95145714285712,1
441,Banaskantha,2023-07-09,254.04004166666667,1
441,Banaskantha,2023-07-10,254.2200588235294,1
441,Banaskantha,2023-07-11,254.18108333333333,1
441,Banaskantha,2023-07-12,254.1345128205128,1
441,Banaskantha,2023-07-13,254.1034347826087,1
441,Banaskantha,2023-07-14,254.082,1
441,Banaskantha,2023-07-15,254.05020512820514,1
441,Banaskantha,2023-07-16,254.02664444444446,1
441,Banaskantha,2023-07-17,254.02245714285715,1
441,Banaskantha,2023-07-18,254.0199166666667,1
441,Banaskantha,2023-07-19,254.06666666666666,1
441,Banaskantha,2023-07-20,254.01732258064516,1
441,Banaskantha,2023-07-21,254.04602777777777,1
441,Banaskantha,2023-07-22,254.0116842105263,1
441,Banaskantha,2023-07-23,254.08083333333332,1
441,Banaskantha,2023-07-24,254.08463829787232,1
441,Banaskantha,2023-07-25,253.55408333333332,1
441,Banaskantha,2023-07-26,254.04471111111113,1
441,Banaskantha,2023-07-27,254.09521739130432,1
441,Banaskantha,2023-07-28,254.12626315789475,1
441,Banaskantha,2023-07-29,254.13347222222222,1
441,Banaskantha,2023-07-30,254.22805555555553,1
441,Banaskantha,2023-07-31,254.20076190476192,1
441,Banaskantha,2023-08-01,254.23704166666667,1
441,Banaskantha,2023-08-02,254.1817234042553,1
441,Banaskantha,2023-08-03,254.16004166666667,1
441,Banaskantha,2023-08-04,254.1447297297297,1
441,Banaskantha,2023-08-05,254.1313157894737,1
441,Banaskantha,2023-08-06,254.11937209302326,1
441,Banaskantha,2023-08-07,254.10665789473683,1
441,Banaskantha,2023-08-08,254.09312903225805,1
441,Banaskantha,2023-08-09,254.08411764705883,1
441,Banaskantha,2023-08-10,254.0793488372093,1
441,Banaskantha,2023-08-11,254.07020512820512,1
441,Banaskantha,2023-08-12,254.05745945945947,1
441,Banaskantha,2023-08-13,254.05371739130433,1
441,Banaskantha,2023-08-14,254.04195555555555,1
441,Banaskantha,2023-08-15,254.02821428571428,1
441,Banaskantha,2023-08-16,254.01891111111112,1
441,Banaskantha,2023-08-17,254.01734883720928,1
441,Banaskantha,2023-08-18,254.00999999999996,1
441,Banaskantha,2023-08-19,253.99904347826086,1
441,Banaskantha,2023-08-20,253.99973913043476,1
441,Banaskantha,2023-08-21,254.00252272727275,1
441,Banaskantha,2023-08-22,253.99321739130434,1
441,Banaskantha,2023-08-23,253.94379545454547,1
441,Banaskantha,2023-08-24,253.97775609756096,1
441,Banaskantha,2023-08-25,253.95485714285712,1
441,Banaskantha,2023-08-26,253.96451162790697,1
441,Banaskantha,2023-08-27,253.9490810810811,1
441,Banaskantha,2023-08-28,253.916,1
441,Banaskantha,2023-08-29,248.12930303030302,1
441,Banaskantha,2023-08-30,253.93156756756758,1
441,Banaskantha,2023-08-31,253.89002564102563,1
441,Banaskantha,2023-09-01,253.88934285714288,1
441,Banaskantha,2023-09-02,253.90339393939394,1
441,Banaskantha,2023-09-03,253.9032083333333,1
441,Banaskantha,2023-09-04,253.87853571428573,1
441,Banaskantha,2023-09-05,249.998,1
441,Banaskantha,2023-09-06,253.8756304347826,1
441,Banaskantha,2023-09-07,253.87163636363638,1
441,Banaskantha,2023-09-08,256.4673043478261,1
441,Banaskantha,2023-09-09,253.9148636363636,1
441,Banaskantha,2023-09-10,253.8864358974359,1
441,Banaskantha,2023-09-11,253.88173333333333,1
441,Banaskantha,2023-09-12,253.90321428571428,1
441,Banaskantha,2023-09-13,253.8771081081081,1
441,Banaskantha,2023-09-14,253.88032432432433,1
441,Banaskantha,2023-09-15,253.87994736842106,1
441,Banaskantha,2023-09-16,253.8765,1
441,Banaskantha,2023-09-17,253.9659677419355,1
441,Banaskantha,2023-09-18,253.94378048780487,1
441,Banaskantha,2023-09-19,254.0685,1
441,Banaskantha,2023-09-20,254.02833333333334,1
441,Banaskantha,2023-09-21,254.00489655172413,1
441,Banaskantha,2023-09-22,253.96712195121953,1
441,Banaskantha,2023-09-23,253.9598085106383,1
441,Banaskantha,2023-09-24,253.94233333333332,1
441,Banaskantha,2023-09-25,253.84926086956523,1
441,Banaskantha,2023-09-26,253.87023255813955,1
441,Banaskantha,2023-09-27,253.94211904761903,1
441,Banaskantha,2023-09-28,253.9608333333333,1
441,Banaskantha,2023-09-29,253.89788372093025,1
441,Banaskantha,2023-09-30,253.89334042553193,1
441,Banaskantha,2023-10-01,253.77934042553193,1
441,Banaskantha,2023-10-02,253.75854347826086,1
441,Banaskantha,2023-10-03,253.84542499999998,1
441,Banaskantha,2023-10-04,253.50002127659576,1
441,Banaskantha,2023-10-05,253.87832558139536,1
441,Banaskantha,2023-10-06,253.79479999999998,1
441,Banaskantha,2023-10-07,253.81776086956523,1
441,Banaskantha,2023-10-08,253.89520833333333,1
441,Banaskantha,2023-10-09,253.84132558139535,1
441,Banaskantha,2023-10-10,253.85462500000003,1
441,Banaskantha,2023-10-11,253.8898333333333,1
441,Banaskantha,2023-10-12,253.88093333333333,1
441,Banaskantha,2023-10-13,253.87641860465115,1
441,Banaskantha,2023-10-14,253.87533333333332,1
441,Banaskantha,2023-10-15,253.8864893617021,1
441,Banaskantha,2023-10-16,253.86166666666668,1
441,Banaskantha,2023-10-17,253.85054166666666,1
441,Banaskantha,2023-10-18,253.8252888888889,1
441,Banaskantha,2023-10-19,253.82506382978724,1
441,Banaskantha,2023-10-20,253.78928947368422,1
441,Banaskantha,2023-10-21,253.7634193548387,1
441,Banaskantha,2023-10-22,253.80483333333333,1
441,Banaskantha,2023-10-23,253.8555357142857,1
441,Banaskantha,2023-10-24,253.7664166666667,1
441,Banaskantha,2023-10-25,253.8278529411765,1
441,Banaskantha,2023-10-26,253.8211463414634,1
441,Banaskantha,2023-10-27,253.8265,1
441,Banaskantha,2023-10-28,253.83685,1
441,Banaskantha,2023-10-29,253.8080476190476,1
441,Banaskantha,2023-10-30,253.80686666666665,1
441,Banaskantha,2023-10-31,253.8198,1
441,Banaskantha,2023-11-01,253.78711363636364,1
441,Banaskantha,2023-11-02,253.82084444444445,1
441,Banaskantha,2023-11-03,253.81672093023258,1
441,Banaskantha,2023-11-04,253.80254347826084,1
441,Banaskantha,2023-11-05,253.75165853658535,1
441,Banaskantha,2023-11-06,253.73878260869566,1
441,Banaskantha,2023-11-07,253.72658139534886,1
441,Banaskantha,2023-11-08,253.70155263157895,1
441,Banaskantha,2023-11-09,253.68970833333333,1
441,Banaskantha,2023-11-10,253.6655581395349,1
441,Banaskantha,2023-11-11,253.68480952380955,1
441,Banaskantha,2023-11-12,253.7049347826087,1
441,Banaskantha,2023-11-13,253.69495833333335,1
441,Banaskantha,2023-11-14,253.67378723404255,1
441,Banaskantha,2023-11-15,253.73320833333332,1
441,Banaskantha,2023-11-16,253.6681904761905,1
441,Banaskantha,2023-11-17,253.65502127659573,1
441,Banaskantha,2023-11-18,253.63033333333337,1
441,Banaskantha,2023-11-19,253.68002941176468,1
441,Banaskantha,2023-11-20,253.729,1
441,Banaskantha,2023-11-21,253.40354347826087,1
441,Banaskantha,2023-11-22,253.81178723404255,1
441,Banaskantha,2023-11-23,253.05895833333332,1
441,Banaskantha,2023-11-24,253.7098085106383,1
441,Banaskantha,2023-11-25,253.71676595744682,1
441,Banaskantha,2023-11-26,253.76845833333334,1
441,Banaskantha,2023-11-27,253.88425531914893,1
441,Banaskantha,2023-11-28,253.77423404255316,1
441,Banaskantha,2023-11-29,253.7261914893617,1
441,Banaskantha,2023-11-30,253.85508333333334,1
441,Banaskantha,2023-12-01,253.82820833333335,1
441,Banaskantha,2023-12-02,253.82420833333333,1
441,Banaskantha,2023-12-03,253.83239130434785,1
441,Banaskantha,2023-12-04,253.83079166666667,1
441,Banaskantha,2023-12-05,253.84245652173914,1
441,Banaskantha,2023-12-06,253.82375609756096,1
441,Banaskantha,2023-12-07,252.88673809523812,1
441,Banaskantha,2023-12-08,252.96329166666666,1
441,Banaskantha,2023-12-09,253.30887499999997,1
441,Banaskantha,2023-12-10,253.70783333333335,1
441,Banaskantha,2023-12-11,253.688,1
441,Banaskantha,2023-12-12,252.63283333333334,1
441,Banaskantha,2023-12-13,253.73806382978725,1
441,Banaskantha,2023-12-14,253.75075,1
441,Banaskantha,2023-12-15,253.78620833333332,1
441,Banaskantha,2023-12-16,253.72848936170212,1
441,Banaskantha,2023-12-17,253.77100000000002,1
441,Banaskantha,2023-12-18,253.78238636363633,1
441,Banaskantha,2023-12-19,253.7768085106383,1
441,Banaskantha,2023-12-20,253.74028571428573,1
441,Banaskantha,2023-12-21,253.74671428571426,1
441,Banaskantha,2023-12-22,252.4066875,1
441,Banaskantha,2023-12-23,253.75086363636365,1
441,Banaskantha,2023-12-24,253.71141860465116,1
441,Banaskantha,2023-12-25,253.73851063829787,1
441,Banaskantha,2023-12-26,253.71031914893618,1
441,Banaskantha,2023-12-27,253.70316666666668,1
441,Banaskantha,2023-12-28,253.74447826086956,1
441,Banaskantha,2023-12-29,253.69188372093024,1
441,Banaskantha,2023-12-30,253.70428260869568,1
441,Banaskantha,2023-12-31,253.68302127659572,1
441,Banaskantha,2024-01-01,253.69017021276596,1
441,Banaskantha,2024-01-02,253.72026315789475,1
441,Banaskantha,2024-01-03,253.7090487804878,1
441,Banaskantha,2024-01-04,253.70006382978724,1
441,Banaskantha,2024-01-05,253.7179583333333,1
441,Banaskantha,2024-01-06,253.68639024390242,1
441,Banaskantha,2024-01-07,253.6920465116279,1
441,Banaskantha,2024-01-08,253.68312500000002,1
441,Banaskantha,2024-01-09,253.73454166666667,1
441,Banaskantha,2024-01-10,253.76968181818182,1
441,Banaskantha,2024-01-11,253.76649999999998,1
441,Banaskantha,2024-01-12,253.76720833333331,1
441,Banaskantha,2024-01-13,253.76844680851065,1
441,Banaskantha,2024-01-14,253.76732558139537,1
441,Banaskantha,2024-01-15,253.76629999999997,1
441,Banaskantha,2024-01-16,253.76488235294116,1
441,Banaskantha,2024-01-17,253.76767441860466,1
441,Banaskantha,2024-01-18,253.76958333333334,1
441,Banaskantha,2024-01-19,253.76858333333334,1
441,Banaskantha,2024-01-20,253.766625,1
441,Banaskantha,2024-01-21,253.7602608695652,1
441,Banaskantha,2024-01-22,253.76345833333335,1
441,Banaskantha,2024-01-23,253.77272499999998,1
441,Banaskantha,2024-01-24,253.76874999999998,1
441,Banaskantha,2024-01-25,253.76229166666667,1
441,Banaskantha,2024-01-26,253.764975,1
441,Banaskantha,2024-01-27,253.75997674418605,1
441,Banaskantha,2024-01-28,253.7485217391304,1
441,Banaskantha,2024-01-29,253.74005263157892,1
441,Banaskantha,2024-01-30,253.7526315789474,1
441,Banaskantha,2024-01-31,253.74945454545457,1
441,Banaskantha,2024-02-01,253.74854761904763,1
441,Banaskantha,2024-02-02,253.7506956521739,1
441,Banaskantha,2024-02-03,253.75234042553194,1
441,Banaskantha,2024-02-04,253.75087499999998,1
441,Banaskantha,2024-02-05,253.75255555555555,1
441,Banaskantha,2024-02-06,253.752375,1
441,Banaskantha,2024-02-07,253.7526511627907,1
441,Banaskantha,2024-02-08,253.74207142857142,1
441,Banaskantha,2024-02-09,253.7462142857143,1
441,Banaskantha,2024-02-10,253.73208333333332,1
441,Banaskantha,2024-02-11,253.73166666666668,1
441,Banaskantha,2024-02-12,253.72813333333332,1
441,Banaskantha,2024-02-13,253.72989583333333,1
441,Banaskantha,2024-02-14,253.73024999999998,1
441,Banaskantha,2024-02-15,253.71525,1
441,Banaskantha,2024-02-16,253.7160930232558,1
441,Banaskantha,2024-02-17,253.70862499999998,1
441,Banaskantha,2024-02-18,253.69945833333335,1
441,Banaskantha,2024-02-19,253.69191666666666,1
441,Banaskantha,2024-02-20,253.68338297872342,1
441,Banaskantha,2024-02-21,253.67925531914892,1
441,Banaskantha,2024-02-22,253.66524242424242,1
441,Banaskantha,2024-02-23,253.66355,1
441,Banaskantha,2024-02-24,253.67112765957447,1
441,Banaskantha,2024-02-25,253.67529545454545,1
441,Banaskantha,2024-02-26,253.67045652173914,1
441,Banaskantha,2024-02-27,253.66488636363636,1
441,Banaskantha,2024-02-28,253.67658333333335,1
441,Banaskantha,2024-02-29,253.67533333333333,1
441,Banaskantha,2024-03-01,253.6645,1
441,Banaskantha,2024-03-02,253.663125,1
441,Banaskantha,2024-03-03,253.6496304347826,1
441,Banaskantha,2024-03-04,253.66529166666666,1
441,Banaskantha,2024-03-05,253.66308333333333,1
441,Banaskantha,2024-03-06,253.65641666666667,1
441,Banaskantha,2024-03-07,253.66023404255318,1
441,Banaskantha,2024-03-08,253.665,1
441,Banaskantha,2024-03-09,253.674625,1
441,Banaskantha,2024-03-10,253.67155555555553,1
441,Banaskantha,2024-03-11,253.6668260869565,1
441,Banaskantha,2024-03-12,253.6609347826087,1
441,Banaskantha,2024-03-13,253.66075,1
441,Banaskantha,2024-03-14,253.658625,1
441,Banaskantha,2024-03-15,253.6557234042553,1
441,Banaskantha,2024-03-16,253.6520416666667,1
441,Banaskantha,2024-03-17,253.6525,1
441,Banaskantha,2024-03-18,253.64362500000001,1
441,Banaskantha,2024-03-19,253.65,1
441,Banaskantha,2024-03-20,253.6551489361702,1
441,Banaskantha,2024-03-21,253.66358333333335,1
441,Banaskantha,2024-03-22,253.66860975609757,1
441,Banaskantha,2024-03-23,253.66827906976746,1
441,Banaskantha,2024-03-24,253.671875,1
441,Banaskantha,2024-03-25,253.66161538461537,1
441,Banaskantha,2024-03-26,253.65987804878048,1
441,Banaskantha,2024-03-27,253.6653023255814,1
441,Banaskantha,2024-03-28,253.6674857142857,1
441,Banaskantha,2024-03-29,253.65840476190476,1
441,Banaskantha,2024-03-30,253.66176595744682,1
441,Banaskantha,2024-03-31,253.6639583333333,1
441,Banaskantha,2024-04-01,253.66563829787233,1
441,Banaskantha,2024-04-02,253.66759574468085,1
441,Banaskantha,2024-04-03,253.67119148936172,1
441,Banaskantha,2024-04-04,253.67437500000003,1
441,Banaskantha,2024-04-05,253.6746086956522,1
441,Banaskantha,2024-04-06,253.67708333333334,1
441,Banaskantha,2024-04-07,253.67816279069768,1
441,Banaskantha,2024-04-08,253.7636666666667,1
441,Banaskantha,2024-04-09,253.77454166666666,1
441,Banaskantha,2024-04-10,254.13508333333334,1
441,Banaskantha,2024-04-11,254.13195833333336,1
441,Banaskantha,2024-04-12,253.7771304347826,1
441,Banaskantha,2024-04-13,256.24291666666664,1
441,Banaskantha,2024-04-14,262.25975,1
441,Banaskantha,2024-04-15,256.6656551724138,1
441,Banaskantha,2024-04-16,253.72354285714286,1
441,Banaskantha,2024-04-17,250.72678125000002,1
441,Banaskantha,2024-04-18,253.73494117647056,1
441,Banaskantha,2024-04-19,253.7253448275862,1
441,Banaskantha,2024-04-20,253.72082758620692,1
441,Banaskantha,2024-04-21,253.72011538461538,1
441,Banaskantha,2024-04-22,253.72176923076924,1
441,Banaskantha,2024-04-23,253.71984615384613,1
441,Banaskantha,2024-05-12,253.42228571428572,1
441,Banaskantha,2024-05-13,253.45725641025643,1
441,Banaskantha,2024-05-17,384.0,1
441,Banaskantha,2024-06-12,253.4787777777778,1
441,Banaskantha,2024-06-13,253.62666666666667,1
441,Banaskantha,2024-06-14,253.77333333333334,1
441,Banaskantha,2024-06-15,253.72866666666667,1
441,Banaskantha,2024-06-16,253.61844444444444,1
441,Banaskantha,2024-06-17,253.74599999999998,1
441,Banaskantha,2024-06-18,253.514,1
441,Banaskantha,2024-06-19,253.679625,1
441,Banaskantha,2024-06-20,253.621,1
441,Banaskantha,2024-06-21,253.707,1
441,Banaskantha,2024-06-22,253.76999999999998,1
441,Banaskantha,2024-06-23,253.63466666666667,1
441,Banaskantha,2024-06-24,253.67933333333335,1
441,Banaskantha,2024-06-25,253.57816666666668,1
441,Banaskantha,2024-06-26,253.69342857142857,1
441,Banaskantha,2024-06-27,253.75133333333335,1
441,Banaskantha,2024-06-28,253.74316666666667,1
441,Banaskantha,2024-06-29,253.702,1
441,Banaskantha,2024-06-30,253.691375,1
441,Banaskantha,2024-07-01,253.68983333333335,1
441,Banaskantha,2024-07-02,253.70120000000003,1
441,Banaskantha,2024-07-03,253.7117142857143,1
441,Banaskantha,2024-07-04,253.8167,1
441,Banaskantha,2024-07-05,253.725125,1
441,Banaskantha,2024-07-06,253.8009,1
441,Banaskantha,2024-07-07,253.74079999999998,1
441,Banaskantha,2024-07-08,253.7321,1
441,Banaskantha,2024-07-09,253.7282857142857,1
441,Banaskantha,2024-07-10,298.034,1
441,Banaskantha,2024-07-11,252.3540833333333,1
441,Banaskantha,2024-07-12,253.9205428571429,1
441,Banaskantha,2024-07-13,253.76024242424242,1
441,Banaskantha,2024-07-14,246.37609375,1
441,Banaskantha,2024-07-15,253.7371923076923,1
441,Banaskantha,2024-07-16,253.73651351351353,1
441,Banaskantha,2024-07-17,253.91240000000002,1
441,Banaskantha,2024-07-18,253.7734074074074,1
441,Banaskantha,2024-07-19,253.7581739130435,1
441,Banaskantha,2024-07-20,253.75245833333335,1
441,Banaskantha,2024-07-21,253.747375,1
441,Banaskantha,2024-07-22,253.74539130434783,1
441,Banaskantha,2024-07-23,253.765,1
441,Banaskantha,2024-07-24,253.76216666666667,1
441,Banaskantha,2024-07-25,253.76209375,1
441,Banaskantha,2024-07-26,261.4450277777778,1
441,Banaskantha,2024-07-27,253.75403125,1
441,Banaskantha,2024-07-28,253.7529655172414,1
441,Banaskantha,2024-07-29,253.87548387096774,1
441,Banaskantha,2024-07-30,253.79247500000002,1
441,Banaskantha,2024-07-31,253.7835135135135,1
441,Banaskantha,2024-08-01,253.77313636363635,1
441,Banaskantha,2024-08-02,253.77637777777778,1
441,Banaskantha,2024-08-03,253.82399999999998,1
441,Banaskantha,2024-08-04,253.84648648648647,1
441,Banaskantha,2024-08-05,262.4598372093023,1
441,Banaskantha,2024-08-06,253.87085000000002,1
441,Banaskantha,2024-08-07,253.85731578947366,1
441,Banaskantha,2024-08-08,253.84771428571426,1
441,Banaskantha,2024-08-09,253.72158823529412,1
441,Banaskantha,2024-08-10,253.83742307692307,1
441,Banaskantha,2024-08-11,248.49937037037037,1
441,Banaskantha,2024-08-12,253.83048484848487,1
441,Banaskantha,2024-08-13,253.87897142857142,1
441,Banaskantha,2024-08-14,260.59576315789474,1
441,Banaskantha,2024-08-15,253.84662790697675,1
441,Banaskantha,2024-08-16,253.84143243243244,1
441,Banaskantha,2024-08-17,253.84092857142858,1
441,Banaskantha,2024-08-18,253.84015384615384,1
441,Banaskantha,2024-08-19,253.82973333333334,1
441,Banaskantha,2024-08-20,253.82375,1
441,Banaskantha,2024-08-21,253.83047222222226,1
441,Banaskantha,2024-08-22,253.82787096774192,1
441,Banaskantha,2024-08-23,253.90046153846154,1
441,Banaskantha,2024-08-24,253.93940476190477,1
441,Banaskantha,2024-08-25,253.92746875,1
441,Banaskantha,2024-08-26,254.01940476190478,1
441,Banaskantha,2024-08-27,254.11997499999998,1
441,Banaskantha,2024-08-28,254.1936551724138,1
441,Banaskantha,2024-08-29,254.25687179487178,1
441,Banaskantha,2024-08-30,254.26660975609758,1
441,Banaskantha,2024-08-31,254.1827317073171,1
441,Banaskantha,2024-09-01,270.3433333333333,1
441,Banaskantha,2024-09-02,254.10890476190477,1
441,Banaskantha,2024-09-03,254.13180851063828,1
441,Banaskantha,2024-09-04,254.28085714285712,1
441,Banaskantha,2024-09-05,254.23919999999998,1
441,Banaskantha,2024-09-06,254.16025,1
441,Banaskantha,2024-09-07,254.137875,1
441,Banaskantha,2024-09-08,254.11442857142856,1
441,Banaskantha,2024-09-09,254.096875,1
441,Banaskantha,2024-09-10,254.11,1
441,Banaskantha,2024-09-11,254.07524999999998,1
441,Banaskantha,2024-09-12,254.06075,1
441,Banaskantha,2024-09-13,254.05033333333333,1
441,Banaskantha,2024-09-14,254.04,1
441,Banaskantha,2024-09-15,254.03116666666665,1
441,Banaskantha,2024-09-16,254.01655555555556,1
441,Banaskantha,2024-09-17,254.00662499999999,1
441,Banaskantha,2024-09-18,253.99785714285716,1
441,Banaskantha,2024-09-19,253.97,1
441,Banaskantha,2024-09-20,253.96658695652172,1
441,Banaskantha,2024-09-21,253.95882608695652,1
441,Banaskantha,2024-09-22,253.9495744680851,1
441,Banaskantha,2024-09-23,253.93904255319148,1
441,Banaskantha,2024-09-24,253.9312380952381,1
441,Banaskantha,2024-09-25,253.92569444444447,1
441,Banaskantha,2024-09-26,253.9379512195122,1
441,Banaskantha,2024-09-27,254.060875,1
441,Banaskantha,2024-09-28,253.99786666666668,1
441,Banaskantha,2024-09-29,253.98764285714284,1
441,Banaskantha,2024-09-30,253.97075609756095,1
441,Banaskantha,2024-10-01,253.94928260869565,1
441,Banaskantha,2024-10-02,253.9388222222222,1
441,Banaskantha,2024-10-03,253.9316153846154,1
441,Banaskantha,2024-10-04,253.92574468085107,1
441,Banaskantha,2024-10-05,253.91934042553194,1
441,Banaskantha,2024-10-06,253.91206666666665,1
441,Banaskantha,2024-10-07,253.90454166666666,1
441,Banaskantha,2024-10-08,253.89891304347827,1
441,Banaskantha,2024-10-09,253.89350000000002,1
441,Banaskantha,2024-10-10,253.89114893617023,1
441,Banaskantha,2024-10-11,253.89356521739128,1
441,Banaskantha,2024-10-12,253.8934347826087,1
441,Banaskantha,2024-10-13,253.89182978723403,1
441,Banaskantha,2024-10-14,253.88637777777774,1
441,Banaskantha,2024-10-15,253.87933333333334,1
441,Banaskantha,2024-10-16,253.87379545454544,1
441,Banaskantha,2024-10-17,253.86802325581397,1
441,Banaskantha,2024-10-18,253.86257446808509,1
441,Banaskantha,2024-10-19,253.85755555555556,1
441,Banaskantha,2024-10-20,253.85549999999998,1
441,Banaskantha,2024-10-21,253.85658536585368,1
441,Banaskantha,2024-10-22,253.85946666666666,1
441,Banaskantha,2024-10-23,253.85306818181817,1
441,Banaskantha,2024-10-24,253.84934146341465,1
441,Banaskantha,2024-10-25,253.8450975609756,1
441,Banaskantha,2024-10-26,253.84190243902438,1
441,Banaskantha,2024-10-27,253.8384761904762,1
441,Banaskantha,2024-10-28,253.8376388888889,1
441,Banaskantha,2024-10-29,253.8325294117647,1
441,Banaskantha,2024-10-30,253.82908333333333,1
441,Banaskantha,2024-10-31,253.82537777777776,1
441,Banaskantha,2024-11-01,253.82504347826085,1
441,Banaskantha,2024-11-02,253.82246666666668,1
441,Banaskantha,2024-11-03,253.81584782608698,1
441,Banaskantha,2024-11-04,253.81288372093022,1
441,Banaskantha,2024-11-05,253.80849999999998,1
441,Banaskantha,2024-11-06,253.80902127659573,1
441,Banaskantha,2024-11-07,253.80931914893617,1
441,Banaskantha,2024-11-08,253.80873913043476,1
441,Banaskantha,2024-11-09,253.8061590909091,1
441,Banaskantha,2024-11-10,253.80704761904764,1
441,Banaskantha,2024-11-11,253.8049,1
441,Banaskantha,2024-11-12,253.80513636363636,1
441,Banaskantha,2024-11-13,253.8051111111111,1
441,Banaskantha,2024-11-14,253.80454545454543,1
441,Banaskantha,2024-11-15,253.80578260869567,1
441,Banaskantha,2024-11-16,253.80376744186046,1
441,Banaskantha,2024-11-17,253.80057777777776,1
441,Banaskantha,2024-11-18,253.8018260869565,1
441,Banaskantha,2024-11-19,253.80091489361703,1
441,Banaskantha,2024-11-20,253.79609302325582,1
441,Banaskantha,2024-11-21,253.79404761904763,1
441,Banaskantha,2024-11-22,253.79297727272726,1
441,Banaskantha,2024-11-23,253.79213043478262,1
441,Banaskantha,2024-11-24,253.79202173913046,1
441,Banaskantha,2024-11-25,253.79086363636364,1
441,Banaskantha,2024-11-26,253.79006666666666,1
441,Banaskantha,2024-11-27,253.78542222222225,1
441,Banaskantha,2024-11-28,253.78344186046513,1
441,Banaskantha,2024-11-29,253.78379487179487,1
441,Banaskantha,2024-11-30,253.78285,1
441,Banaskantha,2024-12-01,253.78238888888887,1
441,Banaskantha,2024-12-02,253.78008333333335,1
441,Banaskantha,2024-12-03,253.77546341463415,1
441,Banaskantha,2024-12-04,253.77489999999997,1
441,Banaskantha,2024-12-05,253.77509999999998,1
441,Banaskantha,2024-12-06,253.77240476190477,1
441,Banaskantha,2024-12-07,253.7722619047619,1
441,Banaskantha,2024-12-08,253.770375,1
441,Banaskantha,2024-12-09,253.76386666666667,1
441,Banaskantha,2024-12-10,253.7718604651163,1
441,Banaskantha,2024-12-11,253.7704222222222,1
441,Banaskantha,2024-12-12,253.7673913043478,1
441,Banaskantha,2024-12-13,253.76797872340424,1
441,Banaskantha,2024-12-14,253.7751086956522,1
441,Banaskantha,2024-12-15,253.77482978723404,1
441,Banaskantha,2024-12-16,253.7717,1
441,Banaskantha,2024-12-17,253.76416666666665,1
441,Banaskantha,2024-12-18,253.7675833333333,1
441,Banaskantha,2024-12-19,253.77242222222222,1
441,Banaskantha,2024-12-20,253.77416666666667,1
441,Banaskantha,2024-12-21,253.76675,1
441,Banaskantha,2024-12-22,253.76775,1
441,Banaskantha,2024-12-23,253.76804347826086,1
441,Banaskantha,2024-12-24,253.77093617021276,1
441,Banaskantha,2024-12-25,253.77493617021278,1
441,Banaskantha,2024-12-26,253.773975,1
441,Banaskantha,2024-12-27,253.78008333333332,1
441,Banaskantha,2024-12-31,253.75912,1
441,Banaskantha,2025-01-01,253.75653488372095,1
441,Banaskantha,2025-01-02,253.75549999999998,1
441,Banaskantha,2025-01-03,253.753875,1
441,Banaskantha,2025-01-04,253.75615789473684,1
441,Banaskantha,2025-01-05,253.75225,1
441,Banaskantha,2025-01-06,253.75293023255816,1
441,Banaskantha,2025-01-07,253.75245833333335,1
441,Banaskantha,2025-01-08,253.75106382978723,1
441,Banaskantha,2025-01-09,253.75025000000002,1
441,Banaskantha,2025-01-10,253.74839024390246,1
441,Banaskantha,2025-01-11,253.74361111111114,1
441,Banaskantha,2025-01-12,253.74380000000002,1
441,Banaskantha,2025-01-13,253.74671875,1
441,Banaskantha,2025-01-14,253.7459523809524,1
441,Banaskantha,2025-01-15,253.7506,1
441,Banaskantha,2025-01-16,253.74281818181817,1
441,Banaskantha,2025-01-17,253.74728571428574,1
441,Banaskantha,2025-01-18,253.7463695652174,1
441,Banaskantha,2025-01-19,253.74907142857143,1
441,Banaskantha,2025-01-20,253.74582500000002,1
441,Banaskantha,2025-01-21,273.4364102564103,1
441,Banaskantha,2025-01-22,253.7395,1
441,Banaskantha,2025-01-23,253.73781818181817,1
441,Banaskantha,2025-01-24,253.7427027027027,1
441,Banaskantha,2025-01-25,253.74344444444446,1
441,Banaskantha,2025-01-26,253.7436388888889,1
441,Banaskantha,2025-01-27,253.73691666666664,1
441,Banaskantha,2025-01-28,253.7325142857143,1
441,Banaskantha,2025-01-29,253.73479166666667,1
441,Banaskantha,2025-01-30,253.72748936170214,1
441,Banaskantha,2025-01-31,253.72632608695653,1
441,Banaskantha,2025-02-01,253.72075757575757,1
441,Banaskantha,2025-02-03,253.7264347826087,1
441,Banaskantha,2025-02-04,253.72973333333331,1
441,Banaskantha,2025-02-05,253.72768085106384,1
441,Banaskantha,2025-02-06,260.4536595744681,1
441,Banaskantha,2025-02-07,253.7268666666667,1
441,Banaskantha,2025-02-08,253.72182222222222,1
441,Banaskantha,2025-02-09,249.72495833333335,1
441,Banaskantha,2025-02-10,253.71932608695653,1
441,Banaskantha,2025-02-11,253.70200000000003,1
441,Banaskantha,2025-02-12,253.67936170212766,1
441,Banaskantha,2025-02-13,253.23070833333335,1
441,Banaskantha,2025-02-14,253.695347826087,1
441,Banaskantha,2025-02-15,253.6789534883721,1
441,Banaskantha,2025-02-16,253.66879166666664,1
441,Banaskantha,2025-02-17,253.6745238095238,1
441,Banaskantha,2025-02-18,257.54280851063834,1
441,Banaskantha,2025-02-19,253.66227906976744,1
441,Banaskantha,2025-02-20,253.64407692307694,1
441,Banaskantha,2025-02-21,259.4438409090909,1
441,Banaskantha,2025-02-22,253.5943783783784,1
441,Banaskantha,2025-02-23,253.586,1
441,Banaskantha,2025-02-24,253.61033333333333,1
441,Banaskantha,2025-02-25,253.6338,1
441,Banaskantha,2025-02-27,253.64941379310343,1
441,Banaskantha,2025-02-28,253.62268888888892,1
441,Banaskantha,2025-03-01,253.60602272727274,1
441,Banaskantha,2025-03-02,253.62171428571432,1
441,Banaskantha,2025-03-03,253.6167777777778,1
441,Banaskantha,2025-03-04,253.61161702127663,1
441,Banaskantha,2025-03-05,253.59345652173914,1
441,Banaskantha,2025-03-06,253.56307894736844,1
441,Banaskantha,2025-03-07,253.54378260869564,1
441,Banaskantha,2025-03-08,253.57446875,1
441,Banaskantha,2025-03-09,253.58190909090908,1
441,Banaskantha,2025-03-10,253.58188095238097,1
441,Banaskantha,2025-03-11,253.57444680851063,1
441,Banaskantha,2025-03-12,253.56421739130434,1
441,Banaskantha,2025-03-13,253.55171739130438,1
441,Banaskantha,2025-03-14,253.54564444444443,1
441,Banaskantha,2025-03-15,253.53788636363635,1
441,Banaskantha,2025-03-16,253.5221904761905,1
441,Banaskantha,2025-03-17,253.50434782608693,1
441,Banaskantha,2025-03-18,253.4678913043478,1
441,Banaskantha,2025-03-19,253.4726590909091,1
441,Banaskantha,2025-03-20,253.42322857142858,1
441,Banaskantha,2025-03-21,253.43087500000001,1
441,Banaskantha,2025-03-22,253.43620833333333,1
441,Banaskantha,2025-03-23,253.4278181818182,1
441,Banaskantha,2025-03-24,253.45204761904765,1
441,Banaskantha,2025-03-25,253.42460714285716,1
441,Banaskantha,2025-03-26,253.39810256410257,1
441,Banaskantha,2025-03-27,253.3298048780488,1
441,Banaskantha,2025-03-28,253.30530555555555,1
441,Banaskantha,2025-03-29,253.32505263157896,1
441,Banaskantha,2025-03-30,253.4137234042553,1
441,Banaskantha,2025-03-31,253.51643478260868,1
441,Banaskantha,2025-04-01,253.5863488372093,1
441,Banaskantha,2025-04-02,253.56158695652175,1
441,Banaskantha,2025-04-03,253.3924545454545,1
441,Banaskantha,2025-04-04,253.37422499999997,1
441,Banaskantha,2025-04-05,253.37704347826084,1
441,Banaskantha,2025-04-06,253.39529787234042,1
441,Banaskantha,2025-04-07,253.41378048780487,1
441,Banaskantha,2025-04-08,253.5014893617021,1
441,Banaskantha,2025-04-09,253.54463043478262,1
441,Banaskantha,2025-04-10,253.5172608695652,1
441,Banaskantha,2025-04-11,253.43964444444444,1
441,Banaskantha,2025-04-12,253.4086818181818,1
441,Banaskantha,2025-04-13,253.42640425531914,1
441,Banaskantha,2025-04-14,253.50187234042554,1
441,Banaskantha,2025-04-15,253.4786511627907,1
441,Banaskantha,2025-04-16,249.34027272727272,1
441,Banaskantha,2025-04-17,253.41642857142858,1
441,Banaskantha,2025-04-18,253.38669696969697,1
441,Banaskantha,2025-04-19,253.4262380952381,1
441,Banaskantha,2025-04-20,253.5984,1
441,Banaskantha,2025-04-21,253.53563636363634,1
441,Banaskantha,2025-04-22,253.49715,1
441,Banaskantha,2025-04-23,253.4766590909091,1
441,Banaskantha,2025-04-24,253.4290666666667,1
441,Banaskantha,2025-04-25,253.42538235294117,1
441,Banaskantha,2025-04-26,253.51451515151513,1
441,Banaskantha,2025-04-27,253.4777111111111,1
441,Banaskantha,2025-04-28,253.5041956521739,1
441,Banaskantha,2025-04-29,253.4902857142857,1
441,Banaskantha,2025-04-30,253.54776923076923,1
441,Banaskantha,2025-05-01,253.64007407407408,1
441,Banaskantha,2025-05-02,253.60041935483872,1
441,Banaskantha,2025-05-03,253.53885,1
441,Banaskantha,2025-05-04,253.518,1
441,Banaskantha,2025-05-06,253.5358125,1
441,Banaskantha,2025-05-07,253.66188235294115,1
441,Banaskantha,2025-05-08,253.75825,1
441,Banaskantha,2025-05-09,253.81175862068966,1
441,Banaskantha,2025-05-10,253.75213513513512,1
441,Banaskantha,2025-05-11,253.72644,1
441,Banaskantha,2025-05-12,253.7329090909091,1
441,Banaskantha,2025-05-13,253.7271363636364,1
441,Banaskantha,2025-05-14,253.72452631578946,1
441,Banaskantha,2025-05-15,253.79114285714283,1
441,Banaskantha,2025-05-16,253.738,1
441,Banaskantha,2025-05-17,253.72510000000003,1
441,Banaskantha,2025-05-18,253.71134999999998,1
441,Banaskantha,2025-05-19,253.71157894736845,1
441,Banaskantha,2025-05-20,253.70045833333333,1
441,Banaskantha,2025-05-21,253.7249210526316,1
441,Banaskantha,2025-05-22,253.70064516129034,1
441,Banaskantha,2025-05-23,253.69997222222224,1
441,Banaskantha,2025-05-24,253.69805714285715,1
441,Banaskantha,2025-05-25,253.69865789473687,1
441,Banaskantha,2025-05-26,253.7077222222222,1
441,Banaskantha,2025-05-27,253.70073684210527,1
441,Banaskantha,2025-05-28,253.69623684210526,1
441,Banaskantha,2025-05-29,253.83397297297296,1
441,Banaskantha,2025-05-30,253.74897777777778,1
441,Banaskantha,2025-05-31,253.73293103448276,1
441,Banaskantha,2025-06-01,253.72472972972975,1
441,Banaskantha,2025-06-02,253.72557777777777,1
441,Banaskantha,2025-06-03,253.72375,1
441,Banaskantha,2025-06-04,253.71942857142858,1
441,Banaskantha,2025-06-05,253.71936842105262,1
441,Banaskantha,2025-06-06,253.71658695652172,1
441,Banaskantha,2025-06-07,253.71288636363636,1
441,Banaskantha,2025-06-08,253.70425581395347,1
441,Banaskantha,2025-06-09,253.67624324324325,1
441,Banaskantha,2025-06-10,253.6765581395349,1
441,Banaskantha,2025-06-11,253.6770666666667,1
441,Banaskantha,2025-06-12,253.67826086956524,1
441,Banaskantha,2025-06-13,253.6836511627907,1
441,Banaskantha,2025-06-14,253.68516279069766,1
441,Banaskantha,2025-06-15,253.68733333333336,1
441,Banaskantha,2025-06-16,253.7289130434783,1
441,Banaskantha,2025-06-17,253.70708695652175,1
441,Banaskantha,2025-06-18,253.6947555555556,1
441,Banaskantha,2025-06-19,253.76557575757573,1
441,Banaskantha,2025-06-20,253.74121875,1
441,Banaskantha,2025-06-21,253.73093939393937,1
441,Banaskantha,2025-06-22,253.87007692307694,1
441,Banaskantha,2025-06-23,253.7653333333333,1
441,Banaskantha,2025-06-24,253.75417647058822,1
441,Banaskantha,2025-06-25,253.75725,1
441,Banaskantha,2025-06-26,253.8684705882353,1
441,Banaskantha,2025-06-27,253.93896,1
441,Banaskantha,2025-06-28,253.81060000000002,1
441,Banaskantha,2025-06-29,253.89834615384615,1
441,Banaskantha,2025-06-30,253.83712,1
441,Banaskantha,2025-07-01,253.81660869565218,1
441,Banaskantha,2025-07-02,253.80669230769232,1
441,Banaskantha,2025-07-03,253.85416666666666,1
441,Banaskantha,2025-07-04,253.83139285714287,1
441,Banaskantha,2025-07-05,253.93475,1
441,Banaskantha,2025-07-06,254.15026086956522,1
441,Banaskantha,2025-07-07,253.9431304347826,1
441,Banaskantha,2025-07-08,253.90485714285714,1
441,Banaskantha,2025-07-09,253.88845,1
441,Banaskantha,2025-07-10,253.87579999999997,1
441,Banaskantha,2025-07-11,253.86696875,1
441,Banaskantha,2025-07-12,253.860375,1
441,Banaskantha,2025-07-13,253.88312499999998,1
441,Banaskantha,2025-07-14,253.88683333333333,1
441,Banaskantha,2025-07-15,253.9055,1
441,Banaskantha,2025-07-20,253.90262500000003,1
441,Banaskantha,2025-07-21,253.90841666666665,1
441,Banaskantha,2025-07-22,253.9006666666667,1
441,Banaskantha,2025-07-23,253.89464705882352,1
441,Banaskantha,2025-07-24,253.89166666666668,1
441,Banaskantha,2025-07-27,253.91196969696966,1
441,Banaskantha,2025-07-28,253.89668749999998,1
441,Banaskantha,2025-07-29,253.8910357142857,1
441,Banaskantha,2025-07-30,253.88864,1
441,Banaskantha,2025-07-31,253.89286666666666,1
441,Banaskantha,2025-08-01,253.89114285714288,1
441,Banaskantha,2025-08-02,253.88692592592594,1
441,Banaskantha,2025-08-03,253.88595833333332,1
441,Banaskantha,2025-08-04,253.886,1
441,Banaskantha,2025-08-05,253.88182608695652,1
441,Banaskantha,2025-08-06,253.87751515151515,1
441,Banaskantha,2025-08-07,253.87422580645162,1
441,Banaskantha,2025-08-08,253.73140740740743,1
441,Banaskantha,2025-08-09,253.86704166666667,1
441,Banaskantha,2025-08-10,253.86391304347825,1
441,Banaskantha,2025-08-11,253.86090243902441,1
441,Banaskantha,2025-08-12,253.85842424242423,1
441,Banaskantha,2025-08-13,253.85604166666667,1
441,Banaskantha,2025-08-14,253.85286206896552,1
441,Banaskantha,2025-08-15,253.86953571428572,1
441,Banaskantha,2025-08-16,253.87658823529412,1
441,Banaskantha,2025-08-17,253.89242307692308,1
441,Banaskantha,2025-08-18,253.913,1
441,Banaskantha,2025-08-20,253.90341935483872,1
441,Banaskantha,2025-08-21,253.925303030303,1
441,Banaskantha,2025-08-22,253.90761764705883,1
441,Banaskantha,2025-08-23,253.91322857142856,1
441,Banaskantha,2025-08-24,254.16757575757578,1
441,Banaskantha,2025-08-25,254.37589285714284,1
441,Banaskantha,2025-08-27,254.17930434782608,1
441,Banaskantha,2025-08-28,254.148,1
441,Banaskantha,2025-09-01,254.11816666666667,1
441,Banaskantha,2025-09-02,254.09737500000003,1
441,Banaskantha,2025-09-03,254.10383333333334,1
441,Banaskantha,2025-09-04,254.10430434782612,1
441,Banaskantha,2025-09-05,254.07352173913043,1
441,Banaskantha,2025-09-06,254.29404166666666,1
441,Banaskantha,2025-09-07,254.6385,1
441,Banaskantha,2025-09-08,254.53095833333336,1
441,Banaskantha,2025-09-09,254.423375,1
441,Banaskantha,2025-09-10,254.34754166666667,1
441,Banaskantha,2025-09-11,254.29758333333334,1
441,Banaskantha,2025-09-12,254.25804166666668,1
441,Banaskantha,2025-09-13,254.22574999999998,1
441,Banaskantha,2025-09-14,254.197375,1
441,Banaskantha,2025-09-15,254.17325000000002,1
441,Banaskantha,2025-09-16,254.15224999999998,1
441,Banaskantha,2025-09-17,254.13241666666667,1
441,Banaskantha,2025-09-18,254.11429166666667,1
441,Banaskantha,2025-09-20,254.08239130434785,1
441,Banaskantha,2025-09-21,254.069,1
441,Banaskantha,2025-09-22,254.05540909090908,1
441,Banaskantha,2025-09-23,254.043,1
441,Banaskantha,2025-09-24,254.03125,1
441,Banaskantha,2025-09-25,254.02134782608695,1
441,Banaskantha,2025-09-26,254.01075,1
441,Banaskantha,2025-09-27,253.99758333333332,1
441,Banaskantha,2025-09-28,253.9897083333333,1
441,Banaskantha,2025-09-29,253.99054166666667,1
441,Banaskantha,2025-09-30,253.99266666666668,1
441,Banaskantha,2025-10-01,253.98677272727272,1
441,Banaskantha,2025-10-02,253.97616666666667,1
441,Banaskantha,2025-10-03,253.96465217391304,1
441,Banaskantha,2025-10-04,253.96979166666665,1
441,Banaskantha,2025-10-05,253.967125,1
441,Banaskantha,2025-10-06,253.97195833333333,1
441,Banaskantha,2025-10-07,253.95486363636363,1
441,Banaskantha,2025-10-08,253.94478260869565,1
441,Banaskantha,2025-10-09,253.93758333333335,1
441,Banaskantha,2025-10-10,253.93056521739132,1
441,Banaskantha,2025-10-11,253.92039130434782,1
441,Banaskantha,2025-10-12,253.91531818181818,1
441,Banaskantha,2025-10-13,253.909125,1
441,Banaskantha,2025-10-14,253.90404166666667,1
441,Banaskantha,2025-10-15,253.9005,1
441,Banaskantha,2025-10-16,253.90349999999998,1
441,Banaskantha,2025-10-17,253.891375,1
441,Banaskantha,2025-10-18,253.88641666666663,1
441,Banaskantha,2025-10-19,253.88400000000001,1
441,Banaskantha,2025-10-20,253.88137500000002,1
441,Banaskantha,2025-10-21,253.880125,1
441,Banaskantha,2025-10-22,253.87645833333332,1
441,Banaskantha,2025-10-23,253.869,1
441,Banaskantha,2025-10-24,253.86558333333335,1
441,Banaskantha,2025-10-25,253.86341666666667,1
441,Banaskantha,2025-10-26,253.86179166666668,1
441,Banaskantha,2025-10-27,253.86841666666666,1
441,Banaskantha,2025-10-28,253.88121739130435,1
441,Banaskantha,2025-10-29,253.87516666666667,1
441,Banaskantha,2025-10-30,253.874875,1
441,Banaskantha,2025-10-31,253.88213636363636,1
441,Banaskantha,2025-11-01,253.8745416666667,1
441,Banaskantha,2025-11-02,253.87187500000002,1
441,Banaskantha,2025-11-03,253.87866666666665,1
441,Banaskantha,2025-11-04,253.87820833333333,1
441,Banaskantha,2025-11-05,253.8698,1
441,Banaskantha,2025-11-07,253.86031818181817,1
441,Banaskantha,2025-11-08,253.858,1
441,Banaskantha,2025-11-09,253.85558333333333,1
441,Banaskantha,2025-11-10,253.850375,1
441,Banaskantha,2025-11-11,253.84691666666666,1
441,Banaskantha,2025-11-12,253.8441304347826,1
441,Banaskantha,2025-11-13,253.84109523809522,1
441,Banaskantha,2025-11-14,253.83966666666663,1
441,Banaskantha,2025-11-15,253.84414285714288,1
441,Banaskantha,2025-11-22,253.844,1
441,Banaskantha,2025-11-23,253.83633333333333,1
441,Banaskantha,2025-11-24,253.8337391304348,1
441,Banaskantha,2025-11-25,253.83327272727274,1
441,Banaskantha,2025-11-26,253.83218181818182,1
441,Banaskantha,2025-11-27,253.83346666666665,1
441,Banaskantha,2025-11-30,253.82999999999998,1
441,Banaskantha,2025-12-01,253.82894117647058,1
441,Banaskantha,2025-12-02,253.82771428571428,1
441,Banaskantha,2025-12-03,253.82533333333333,1
441,Banaskantha,2025-12-04,253.8323043478261,1
441,Banaskantha,2025-12-05,253.83179166666665,1
441,Banaskantha,2025-12-06,253.83463636363638,1
441,Banaskantha,2025-12-07,253.82934782608694,1
441,Banaskantha,2025-12-08,253.8306086956522,1
441,Banaskantha,2025-12-09,253.82745833333334,1
441,Banaskantha,2025-12-10,253.823625,1
441,Banaskantha,2025-12-11,253.82483333333334,1
441,Banaskantha,2025-12-12,253.82304166666665,1
441,Banaskantha,2025-12-13,253.81695833333333,1
441,Banaskantha,2025-12-14,253.81195833333334,1
441,Banaskantha,2025-12-15,253.81025,1
441,Banaskantha,2025-12-16,253.80670833333332,1
441,Banaskantha,2025-12-17,253.8071666666667,1
441,Banaskantha,2025-12-18,253.81154166666667,1
441,Banaskantha,2025-12-19,253.81204347826085,1
441,Banaskantha,2025-12-20,253.8094166666667,1
441,Banaskantha,2025-12-21,253.81133333333332,1
441,Banaskantha,2025-12-22,253.80416666666667,1
441,Banaskantha,2025-12-23,253.81341666666665,1
441,Banaskantha,2025-12-24,253.83004347826088,1
441,Banaskantha,2025-12-25,253.82529166666666,1
441,Banaskantha,2025-12-26,253.832,1
441,Banaskantha,2025-12-27,253.82529166666666,1
441,Banaskantha,2025-12-28,253.82220833333335,1
441,Banaskantha,2025-12-29,253.81308333333334,1
441,Banaskantha,2025-12-30,253.81429166666666,1
441,Banaskantha,2025-12-31,253.81429166666666,1
446,Gandhinagar,2021-01-01,51.704,1
446,Gandhinagar,2021-01-02,51.5055,1
446,Gandhinagar,2021-01-05,51.821,1
446,Gandhinagar,2021-01-06,63.86,1
446,Gandhinagar,2021-01-07,64.236,1
446,Gandhinagar,2021-01-08,63.938,1
446,Gandhinagar,2021-01-12,51.867,1
446,Gandhinagar,2021-01-22,51.751,1
446,Gandhinagar,2021-01-26,51.519,1
446,Gandhinagar,2021-02-14,51.535,1
446,Gandhinagar,2021-02-25,70.632,1
446,Gandhinagar,2021-02-27,51.404,1
446,Gandhinagar,2021-03-01,69.26,1
446,Gandhinagar,2021-03-02,51.5,1
446,Gandhinagar,2021-03-04,67.56605882352942,2
446,Gandhinagar,2021-03-05,66.41856,1
446,Gandhinagar,2021-03-06,67.38940000000001,1
446,Gandhinagar,2021-03-07,67.40544,1
446,Gandhinagar,2021-03-08,69.08722727272728,2
446,Gandhinagar,2021-03-09,70.77491666666667,1
446,Gandhinagar,2021-03-10,69.46638888888889,1
446,Gandhinagar,2021-03-13,63.315,1
446,Gandhinagar,2021-03-14,64.38,1
446,Gandhinagar,2021-03-15,51.105,1
446,Gandhinagar,2021-03-17,50.961,1
446,Gandhinagar,2021-03-19,60.38549999999999,2
446,Gandhinagar,2021-03-20,63.25,1
446,Gandhinagar,2021-03-23,63.944,1
446,Gandhinagar,2021-03-25,64.134,1
446,Gandhinagar,2021-03-27,34.392875000000004,2
446,Gandhinagar,2021-03-28,31.74516129032258,1
446,Gandhinagar,2021-03-29,51.89529166666667,1
446,Gandhinagar,2021-03-30,51.75870833333334,1
446,Gandhinagar,2021-03-31,51.76083333333333,1
446,Gandhinagar,2021-04-01,51.75091666666666,1
446,Gandhinagar,2021-04-02,52.55875,1
446,Gandhinagar,2021-04-03,52.219719999999995,2
446,Gandhinagar,2021-04-04,51.74120833333333,1
446,Gandhinagar,2021-04-05,52.56568,2
446,Gandhinagar,2021-04-06,51.776375,1
446,Gandhinagar,2021-04-07,31.35485185185185,2
446,Gandhinagar,2021-04-08,51.880875,1
446,Gandhinagar,2021-04-09,52.239625,2
446,Gandhinagar,2021-04-10,51.772470588235294,2
446,Gandhinagar,2021-04-11,51.122687500000005,1
446,Gandhinagar,2021-04-12,51.20827083333333,1
446,Gandhinagar,2021-04-13,51.143541666666664,1
446,Gandhinagar,2021-04-14,51.769020833333336,2
446,Gandhinagar,2021-04-15,51.299125,1
446,Gandhinagar,2021-04-16,51.41177083333333,1
446,Gandhinagar,2021-04-17,51.249249999999996,1
446,Gandhinagar,2021-04-18,51.1860625,1
446,Gandhinagar,2021-04-19,51.066854166666666,1
446,Gandhinagar,2021-04-20,51.217479166666664,1
446,Gandhinagar,2021-04-21,51.22479591836734,1
446,Gandhinagar,2021-04-22,51.25265957446808,1
446,Gandhinagar,2021-04-23,51.104,1
446,Gandhinagar,2021-04-24,51.10027083333333,1
446,Gandhinagar,2021-04-25,51.249770833333336,1
446,Gandhinagar,2021-04-26,51.15441666666666,1
446,Gandhinagar,2021-04-27,51.139354166666664,1
446,Gandhinagar,2021-04-28,51.165979166666666,1
446,Gandhinagar,2021-04-29,55.03555737704918,2
446,Gandhinagar,2021-04-30,60.19514583333333,3
446,Gandhinagar,2021-05-01,60.016670103092785,2
446,Gandhinagar,2021-05-02,59.97314583333334,2
446,Gandhinagar,2021-05-03,60.01,2
446,Gandhinagar,2021-05-04,60.08490721649484,3
446,Gandhinagar,2021-05-05,60.02142708333333,2
446,Gandhinagar,2021-05-06,60.03842708333334,2
446,Gandhinagar,2021-05-07,60.39069565217391,2
446,Gandhinagar,2021-05-11,58.074999999999996,2
446,Gandhinagar,2021-05-14,64.41,1
446,Gandhinagar,2021-05-19,57.917,2
446,Gandhinagar,2021-05-20,60.27622916666667,2
446,Gandhinagar,2021-05-21,60.20831182795698,2
446,Gandhinagar,2021-05-22,60.377968421052636,2
446,Gandhinagar,2021-05-23,60.3525,2
446,Gandhinagar,2021-05-24,60.28836458333333,2
446,Gandhinagar,2021-05-25,60.25171875,2
446,Gandhinagar,2021-05-26,60.28122916666666,2
446,Gandhinagar,2021-05-27,60.06189690721649,3
446,Gandhinagar,2021-05-28,60.339614583333336,2
446,Gandhinagar,2021-05-29,60.11204123711341,2
446,Gandhinagar,2021-05-30,60.131375,2
446,Gandhinagar,2021-05-31,66.10335869565218,2
446,Gandhinagar,2021-06-01,72.73653424657535,2
446,Gandhinagar,2021-06-02,68.03647826086956,2
446,Gandhinagar,2021-06-03,58.96135294117647,2
446,Gandhinagar,2021-06-04,60.29052577319588,2
446,Gandhinagar,2021-06-05,56.437525252525255,3
446,Gandhinagar,2021-06-06,48.33048333333333,3
446,Gandhinagar,2021-06-07,54.77533018867925,3
446,Gandhinagar,2021-06-08,60.31769791666667,2
446,Gandhinagar,2021-06-09,60.081864583333335,2
446,Gandhinagar,2021-06-10,60.1290618556701,2
446,Gandhinagar,2021-06-11,60.300031249999996,2
446,Gandhinagar,2021-06-12,60.28773333333333,2
446,Gandhinagar,2021-06-13,60.20790410958904,2
446,Gandhinagar,2021-06-14,60.3408125,2
446,Gandhinagar,2021-06-15,60.35332291666666,2
446,Gandhinagar,2021-06-16,60.35397872340426,2
446,Gandhinagar,2021-06-17,60.303,2
446,Gandhinagar,2021-06-18,60.447758620689655,2
446,Gandhinagar,2021-06-19,60.56221276595745,2
446,Gandhinagar,2021-06-20,60.430395833333336,2
446,Gandhinagar,2021-06-21,60.3908125,2
446,Gandhinagar,2021-06-22,60.28868421052632,2
446,Gandhinagar,2021-06-23,55.97283653846154,3
446,Gandhinagar,2021-06-24,49.37710924369748,3
446,Gandhinagar,2021-06-25,53.06781818181818,3
446,Gandhinagar,2021-06-26,60.38157291666667,2
446,Gandhinagar,2021-06-27,60.38677083333334,2
446,Gandhinagar,2021-06-28,60.42902564102564,2
446,Gandhinagar,2021-06-29,60.421187499999995,2
446,Gandhinagar,2021-06-30,59.826402061855674,3
446,Gandhinagar,2021-07-01,60.62715957446809,2
446,Gandhinagar,2021-07-02,60.40506382978723,2
446,Gandhinagar,2021-07-03,60.31013541666667,2
446,Gandhinagar,2021-07-04,60.392115789473685,2
446,Gandhinagar,2021-07-05,60.34437878787878,2
446,Gandhinagar,2021-07-06,60.41731081081082,2
446,Gandhinagar,2021-07-07,60.341454545454546,2
446,Gandhinagar,2021-07-08,60.42624137931034,3
446,Gandhinagar,2021-07-09,61.52188095238095,3
446,Gandhinagar,2021-07-10,61.49364335664336,3
446,Gandhinagar,2021-07-11,61.465210937500004,3
446,Gandhinagar,2021-07-12,61.66499193548387,3
446,Gandhinagar,2021-07-13,61.59966901408451,3
446,Gandhinagar,2021-07-14,61.619394160583944,3
446,Gandhinagar,2021-07-15,61.679841726618704,3
446,Gandhinagar,2021-07-16,61.5895390070922,3
446,Gandhinagar,2021-07-17,61.69281560283688,3
446,Gandhinagar,2021-07-18,61.608741258741254,3
446,Gandhinagar,2021-07-19,61.73665714285714,3
446,Gandhinagar,2021-07-20,61.74459722222222,3
446,Gandhinagar,2021-07-21,61.667125000000006,3
446,Gandhinagar,2021-07-22,61.63358741258742,3
446,Gandhinagar,2021-07-23,61.77013571428571,3
446,Gandhinagar,2021-07-24,61.67983216783217,3
446,Gandhinagar,2021-07-25,61.74521126760563,3
446,Gandhinagar,2021-07-26,61.72768085106382,3
446,Gandhinagar,2021-07-27,61.71095833333334,3
446,Gandhinagar,2021-07-28,61.79951724137931,3
446,Gandhinagar,2021-07-29,61.82597202797203,3
446,Gandhinagar,2021-07-30,61.752468965517245,3
446,Gandhinagar,2021-07-31,61.74820138888889,3
446,Gandhinagar,2021-08-01,61.780232394366195,3
446,Gandhinagar,2021-08-02,61.65507586206897,3
446,Gandhinagar,2021-08-03,61.6883309859155,3
446,Gandhinagar,2021-08-04,61.695626760563385,3
446,Gandhinagar,2021-08-05,61.741514084507045,3
446,Gandhinagar,2021-08-06,61.58061805555556,3
446,Gandhinagar,2021-08-07,61.62397222222223,3
446,Gandhinagar,2021-08-08,61.56797872340425,3
446,Gandhinagar,2021-08-09,61.72397916666667,3
446,Gandhinagar,2021-08-10,61.68856944444445,3
446,Gandhinagar,2021-08-11,61.62576923076924,3
446,Gandhinagar,2021-08-12,61.76863888888889,3
446,Gandhinagar,2021-08-13,61.73225874125874,3
446,Gandhinagar,2021-08-14,61.7545944055944,3
446,Gandhinagar,2021-08-15,61.745676691729315,3
446,Gandhinagar,2021-08-16,61.87333566433567,3
446,Gandhinagar,2021-08-17,61.80129166666667,3
446,Gandhinagar,2021-08-18,61.90645652173913,3
446,Gandhinagar,2021-08-19,61.73325874125874,3
446,Gandhinagar,2021-08-20,61.89169230769231,3
446,Gandhinagar,2021-08-21,61.720692857142865,3
446,Gandhinagar,2021-08-22,67.15527586206896,3
446,Gandhinagar,2021-08-23,61.79784615384616,3
446,Gandhinagar,2021-08-24,61.81816666666667,3
446,Gandhinagar,2021-08-25,61.90327083333333,3
446,Gandhinagar,2021-08-26,61.972187500000004,3
446,Gandhinagar,2021-08-27,61.854323943661974,3
446,Gandhinagar,2021-08-28,62.07864084507042,3
446,Gandhinagar,2021-08-29,61.89993706293707,3
446,Gandhinagar,2021-08-30,61.965624999999996,3
446,Gandhinagar,2021-08-31,61.91625352112676,3
446,Gandhinagar,2021-09-01,61.83102158273382,3
446,Gandhinagar,2021-09-02,61.76111188811189,3
446,Gandhinagar,2021-09-03,61.92572727272728,3
446,Gandhinagar,2021-09-04,61.96333333333333,3
446,Gandhinagar,2021-09-05,61.90936111111111,3
446,Gandhinagar,2021-09-06,61.935839160839166,3
446,Gandhinagar,2021-09-07,61.92579166666667,3
446,Gandhinagar,2021-09-08,62.07090845070422,3
446,Gandhinagar,2021-09-09,61.951076923076926,3
446,Gandhinagar,2021-09-10,61.975458333333336,3
446,Gandhinagar,2021-09-11,62.019342657342655,3
446,Gandhinagar,2021-09-12,62.20028873239437,3
446,Gandhinagar,2021-09-13,62.14273571428571,3
446,Gandhinagar,2021-09-14,61.84416197183098,3
446,Gandhinagar,2021-09-15,61.818861111111104,3
446,Gandhinagar,2021-09-16,61.715871428571425,3
446,Gandhinagar,2021-09-17,61.60004964539007,3
446,Gandhinagar,2021-09-18,61.48315172413793,3
446,Gandhinagar,2021-09-19,61.5827972027972,3
446,Gandhinagar,2021-09-20,61.57738888888889,3
446,Gandhinagar,2021-09-21,61.54098601398602,3
446,Gandhinagar,2021-09-22,61.503678571428566,3
446,Gandhinagar,2021-09-23,61.50421126760563,3
446,Gandhinagar,2021-09-24,61.61033333333334,3
446,Gandhinagar,2021-09-25,61.88913986013986,3
446,Gandhinagar,2021-09-26,61.829626760563386,3
446,Gandhinagar,2021-09-27,61.879246478873235,3
446,Gandhinagar,2021-09-28,61.910678571428576,3
446,Gandhinagar,2021-09-29,61.81710638297872,3
446,Gandhinagar,2021-09-30,61.89698561151079,3
446,Gandhinagar,2021-10-01,61.87345833333333,3
446,Gandhinagar,2021-10-02,61.84820833333333,3
446,Gandhinagar,2021-10-03,61.75524475524475,3
446,Gandhinagar,2021-10-04,62.079659259259266,3
446,Gandhinagar,2021-10-05,61.75626351351351,3
446,Gandhinagar,2021-10-06,61.9305875,3
446,Gandhinagar,2021-10-07,61.72286274509804,3
446,Gandhinagar,2021-10-08,62.23016,3
446,Gandhinagar,2021-10-09,62.135840764331206,3
446,Gandhinagar,2021-10-10,61.83420134228188,3
446,Gandhinagar,2021-10-11,61.608402597402595,3
446,Gandhinagar,2021-10-12,61.627831081081084,3
446,Gandhinagar,2021-10-13,61.95906206896552,3
446,Gandhinagar,2021-10-14,61.899845070422536,3
446,Gandhinagar,2021-10-15,61.65940410958903,3
446,Gandhinagar,2021-10-16,61.75990070921986,3
446,Gandhinagar,2021-10-17,61.773520833333336,3
446,Gandhinagar,2021-10-18,61.73511111111111,3
446,Gandhinagar,2021-10-19,61.485676258992804,3
446,Gandhinagar,2021-10-20,61.50055,3
446,Gandhinagar,2021-10-21,61.46902127659574,3
446,Gandhinagar,2021-10-22,61.46317361111111,3
446,Gandhinagar,2021-10-23,61.464342657342655,3
446,Gandhinagar,2021-10-24,61.497513698630144,3
446,Gandhinagar,2021-10-25,61.3935034965035,3
446,Gandhinagar,2021-10-26,61.5101914893617,3
446,Gandhinagar,2021-10-27,61.558375000000005,3
446,Gandhinagar,2021-10-28,61.657520833333336,3
446,Gandhinagar,2021-10-29,61.80501438848921,3
446,Gandhinagar,2021-10-30,61.83513970588235,3
446,Gandhinagar,2021-10-31,61.452827586206894,3
446,Gandhinagar,2021-11-01,61.726086330935246,3
446,Gandhinagar,2021-11-02,61.398154929577466,3
446,Gandhinagar,2021-11-03,61.51709722222222,3
446,Gandhinagar,2021-11-04,60.81855303030303,3
446,Gandhinagar,2021-11-05,60.73640909090909,3
446,Gandhinagar,2021-11-06,61.5141448275862,3
446,Gandhinagar,2021-11-07,61.3805693430657,3
446,Gandhinagar,2021-11-08,61.61338405797102,3
446,Gandhinagar,2021-11-09,61.39574468085106,3
446,Gandhinagar,2021-11-10,61.53333333333333,3
446,Gandhinagar,2021-11-11,61.54165068493151,3
446,Gandhinagar,2021-11-12,61.53339583333333,3
446,Gandhinagar,2021-11-13,61.4348439716312,3
446,Gandhinagar,2021-11-14,61.455359154929575,3
446,Gandhinagar,2021-11-15,61.42845205479452,3
446,Gandhinagar,2021-11-16,61.40470629370629,3
446,Gandhinagar,2021-11-17,61.45824822695035,3
446,Gandhinagar,2021-11-18,61.464454545454544,3
446,Gandhinagar,2021-11-19,61.622542253521125,3
446,Gandhinagar,2021-11-20,61.29380419580419,3
446,Gandhinagar,2021-11-21,61.546174825174816,3
446,Gandhinagar,2021-11-22,61.377921985815604,3
446,Gandhinagar,2021-11-23,61.48241258741259,3
446,Gandhinagar,2021-11-24,61.37020979020979,3
446,Gandhinagar,2021-11-25,61.64243262411348,3
446,Gandhinagar,2021-11-26,61.48851388888889,3
446,Gandhinagar,2021-11-27,61.641666666666666,3
446,Gandhinagar,2021-11-28,61.55467586206896,3
446,Gandhinagar,2021-11-29,61.339253521126764,3
446,Gandhinagar,2021-11-30,61.516834482758625,3
446,Gandhinagar,2021-12-01,61.438746478873234,3
446,Gandhinagar,2021-12-02,61.38598571428572,3
446,Gandhinagar,2021-12-03,61.464366197183104,3
446,Gandhinagar,2021-12-04,61.44198611111111,3
446,Gandhinagar,2021-12-05,61.512762237762246,3
446,Gandhinagar,2021-12-06,61.46272727272727,3
446,Gandhinagar,2021-12-07,61.52070833333333,3
446,Gandhinagar,2021-12-08,61.465643356643355,3
446,Gandhinagar,2021-12-09,61.49118881118881,3
446,Gandhinagar,2021-12-10,61.45747552447553,3
446,Gandhinagar,2021-12-11,61.54200709219859,3
446,Gandhinagar,2021-12-12,61.53622463768116,3
446,Gandhinagar,2021-12-13,61.37674468085106,3
446,Gandhinagar,2021-12-14,61.45555244755245,3
446,Gandhinagar,2021-12-15,61.54256338028169,3
446,Gandhinagar,2021-12-16,61.55255244755244,3
446,Gandhinagar,2021-12-17,61.47677622377623,3
446,Gandhinagar,2021-12-18,61.45827272727272,3
446,Gandhinagar,2021-12-19,61.53527972027972,3
446,Gandhinagar,2021-12-20,61.59722535211268,3
446,Gandhinagar,2021-12-21,61.52920833333334,3
446,Gandhinagar,2021-12-22,61.55156944444444,3
446,Gandhinagar,2021-12-23,61.44618881118881,3
446,Gandhinagar,2021-12-24,61.59884137931035,3
446,Gandhinagar,2021-12-25,61.478153846153845,3
446,Gandhinagar,2021-12-26,61.55838461538462,3
446,Gandhinagar,2021-12-27,61.4485034965035,3
446,Gandhinagar,2021-12-28,61.522104895104896,3
446,Gandhinagar,2021-12-29,61.60654545454546,3
446,Gandhinagar,2021-12-30,61.53531690140845,3
446,Gandhinagar,2021-12-31,61.632394366197175,3
446,Gandhinagar,2022-01-01,61.523847222222216,3
446,Gandhinagar,2022-01-02,61.493013986013985,3
446,Gandhinagar,2022-01-03,61.59020422535211,3
446,Gandhinagar,2022-01-04,61.52002127659575,3
446,Gandhinagar,2022-01-05,61.48783216783217,3
446,Gandhinagar,2022-01-06,61.3980985915493,3
446,Gandhinagar,2022-01-07,61.471000000000004,3
446,Gandhinagar,2022-01-08,61.515375,3
446,Gandhinagar,2022-01-09,61.55535915492958,3
446,Gandhinagar,2022-01-10,61.42971328671329,3
446,Gandhinagar,2022-01-11,61.55360992907801,3
446,Gandhinagar,2022-01-12,61.32836363636364,3
446,Gandhinagar,2022-01-13,61.295359712230216,3
446,Gandhinagar,2022-01-14,61.416398601398605,3
446,Gandhinagar,2022-01-15,61.419556338028165,3
446,Gandhinagar,2022-01-16,61.50804861111111,3
446,Gandhinagar,2022-01-17,61.446074626865666,3
446,Gandhinagar,2022-01-18,61.63423076923077,3
446,Gandhinagar,2022-01-19,61.50334265734265,3
446,Gandhinagar,2022-01-20,61.662578571428575,3
446,Gandhinagar,2022-01-21,61.45116783216783,3
446,Gandhinagar,2022-01-22,61.62760992907802,3
446,Gandhinagar,2022-01-23,61.44943055555556,3
446,Gandhinagar,2022-01-24,61.49109154929578,3
446,Gandhinagar,2022-01-25,61.462711267605634,3
446,Gandhinagar,2022-01-26,61.509055555555555,3
446,Gandhinagar,2022-01-27,61.5043309352518,3
446,Gandhinagar,2022-01-28,61.4610985915493,3
446,Gandhinagar,2022-01-29,61.310007042253524,3
446,Gandhinagar,2022-01-30,61.49977697841727,3
446,Gandhinagar,2022-01-31,61.41377372262774,3
446,Gandhinagar,2022-02-01,61.431741258741255,3
446,Gandhinagar,2022-02-02,61.63164335664336,3
446,Gandhinagar,2022-02-03,61.49878169014084,3
446,Gandhinagar,2022-02-04,61.47436170212766,3
446,Gandhinagar,2022-02-05,61.57039726027397,3
446,Gandhinagar,2022-02-06,61.540527777777775,3
446,Gandhinagar,2022-02-07,61.616328671328674,3
446,Gandhinagar,2022-02-08,61.47655555555556,3
446,Gandhinagar,2022-02-09,61.418736111111116,3
446,Gandhinagar,2022-02-10,61.363633802816906,3
446,Gandhinagar,2022-02-11,61.46537121212121,3
446,Gandhinagar,2022-02-12,61.559716312056736,3
446,Gandhinagar,2022-02-13,61.57183216783218,3
446,Gandhinagar,2022-02-14,61.65911971830985,3
446,Gandhinagar,2022-02-15,61.525513888888895,3
446,Gandhinagar,2022-02-16,61.58495833333333,3
446,Gandhinagar,2022-02-17,61.50926950354611,3
446,Gandhinagar,2022-02-18,61.4966275862069,3
446,Gandhinagar,2022-02-19,61.48694444444445,3
446,Gandhinagar,2022-02-20,61.444583333333334,3
446,Gandhinagar,2022-02-21,61.45130555555555,3
446,Gandhinagar,2022-02-22,61.74867605633803,3
446,Gandhinagar,2022-02-23,61.58526056338028,3
446,Gandhinagar,2022-02-24,61.357021276595745,3
446,Gandhinagar,2022-02-25,61.635970588235296,3
446,Gandhinagar,2022-02-26,61.48230656934306,3
446,Gandhinagar,2022-02-27,61.4745035971223,3
446,Gandhinagar,2022-02-28,61.465762237762235,3
446,Gandhinagar,2022-03-01,61.59358208955224,3
446,Gandhinagar,2022-03-02,62.054021739130434,3
446,Gandhinagar,2022-03-03,61.45906766917293,3
446,Gandhinagar,2022-03-04,61.57176865671642,3
446,Gandhinagar,2022-03-05,62.95562589928058,3
446,Gandhinagar,2022-03-06,61.437036496350366,3
446,Gandhinagar,2022-03-07,61.74232116788321,3
446,Gandhinagar,2022-03-08,61.72562142857142,3
446,Gandhinagar,2022-03-09,61.48851773049645,3
446,Gandhinagar,2022-03-10,61.39312781954887,3
446,Gandhinagar,2022-03-11,61.514,3
446,Gandhinagar,2022-03-12,61.45697857142858,3
446,Gandhinagar,2022-03-13,61.31364925373135,3
446,Gandhinagar,2022-03-14,61.43922377622377,3
446,Gandhinagar,2022-03-15,61.57391911764706,3
446,Gandhinagar,2022-03-16,61.59659708737864,3
446,Gandhinagar,2022-03-17,61.376321951219516,3
446,Gandhinagar,2022-03-18,61.54424413145539,3
446,Gandhinagar,2022-03-19,61.578157142857144,3
446,Gandhinagar,2022-03-20,61.51879439252337,3
446,Gandhinagar,2022-03-21,61.5218,3
446,Gandhinagar,2022-03-22,63.32900485436893,3
446,Gandhinagar,2022-03-23,61.54945145631068,3
446,Gandhinagar,2022-03-24,61.54415311004785,3
446,Gandhinagar,2022-03-25,61.22604972375691,3
446,Gandhinagar,2022-03-26,61.20298324022347,3
446,Gandhinagar,2022-03-27,61.18018085106383,3
446,Gandhinagar,2022-03-28,63.31466666666667,3
446,Gandhinagar,2022-03-29,61.360151351351355,3
446,Gandhinagar,2022-03-30,61.9615632183908,3
446,Gandhinagar,2022-03-31,61.29064772727273,3
446,Gandhinagar,2022-04-01,61.410032558139534,3
446,Gandhinagar,2022-04-02,61.42187906976744,3
446,Gandhinagar,2022-04-03,61.506679425837326,3
446,Gandhinagar,2022-04-04,61.42910135135135,3
446,Gandhinagar,2022-04-05,61.500174825174824,3
446,Gandhinagar,2022-04-06,61.324110294117645,3
446,Gandhinagar,2022-04-07,61.412728571428566,3
446,Gandhinagar,2022-04-08,61.54405555555555,3
446,Gandhinagar,2022-04-09,61.58322302158273,3
446,Gandhinagar,2022-04-10,61.19321,3
446,Gandhinagar,2022-04-11,61.7571652892562,3
446,Gandhinagar,2022-04-12,61.81346853146852,3
446,Gandhinagar,2022-04-13,61.59556428571429,3
446,Gandhinagar,2022-04-14,61.490398550724635,3
446,Gandhinagar,2022-04-15,61.416773049645386,3
446,Gandhinagar,2022-04-16,61.610617021276596,3
446,Gandhinagar,2022-04-17,61.514692307692314,3
446,Gandhinagar,2022-04-18,61.61418439716312,3
446,Gandhinagar,2022-04-19,61.586485915492965,3
446,Gandhinagar,2022-04-20,61.65953125,3
446,Gandhinagar,2022-04-21,61.30758955223881,3
446,Gandhinagar,2022-04-22,61.466865248226945,3
446,Gandhinagar,2022-04-23,61.44105303030303,3
446,Gandhinagar,2022-04-24,61.148815126050415,3
446,Gandhinagar,2022-04-25,61.585302816901404,3
446,Gandhinagar,2022-04-26,61.689644927536236,3
446,Gandhinagar,2022-04-27,61.55590476190476,3
446,Gandhinagar,2022-04-28,61.613254545454545,3
446,Gandhinagar,2022-04-29,60.853375,3
446,Gandhinagar,2022-04-30,60.80102173913044,3
446,Gandhinagar,2022-05-01,62.58911538461538,3
446,Gandhinagar,2022-05-02,61.369403846153844,3
446,Gandhinagar,2022-05-03,58.557500000000005,2
446,Gandhinagar,2022-05-04,58.20247500000001,3
446,Gandhinagar,2022-05-05,57.84891836734693,3
446,Gandhinagar,2022-05-06,59.04623529411765,3
446,Gandhinagar,2022-05-07,58.99594736842105,3
446,Gandhinagar,2022-05-08,59.45408641975308,3
446,Gandhinagar,2022-05-09,59.97789361702128,3
446,Gandhinagar,2022-05-10,60.26237362637363,3
446,Gandhinagar,2022-05-11,60.67575,3
446,Gandhinagar,2022-05-12,61.100157894736846,3
446,Gandhinagar,2022-05-13,61.3429349593496,3
446,Gandhinagar,2022-05-14,61.49019047619048,3
446,Gandhinagar,2022-05-15,60.30632773109244,3
446,Gandhinagar,2022-05-16,60.437168224299064,3
446,Gandhinagar,2022-05-17,60.049058823529414,3
446,Gandhinagar,2022-05-18,59.67760824742268,3
446,Gandhinagar,2022-05-19,59.783904109589045,3
446,Gandhinagar,2022-05-20,60.406207547169814,3
446,Gandhinagar,2022-05-21,60.49709,3
446,Gandhinagar,2022-05-22,60.60188118811881,3
446,Gandhinagar,2022-05-23,60.18680412371134,3
446,Gandhinagar,2022-05-24,59.203309859154935,3
446,Gandhinagar,2022-05-25,60.37254838709677,3
446,Gandhinagar,2022-05-26,61.02382432432432,3
446,Gandhinagar,2022-05-27,58.892582089552235,3
446,Gandhinagar,2022-05-28,60.559783783783786,3
446,Gandhinagar,2022-05-29,60.76309708737864,3
446,Gandhinagar,2022-05-30,67.702,3
446,Gandhinagar,2022-05-31,60.701902439024394,3
446,Gandhinagar,2022-06-01,60.59388983050847,3
446,Gandhinagar,2022-06-02,60.18348235294117,3
446,Gandhinagar,2022-06-03,59.939,3
446,Gandhinagar,2022-06-04,59.837107843137254,3
446,Gandhinagar,2022-06-05,60.19607070707071,3
446,Gandhinagar,2022-06-06,59.935679611650485,3
446,Gandhinagar,2022-06-07,60.754000000000005,3
446,Gandhinagar,2022-06-08,61.42881060606061,3
446,Gandhinagar,2022-06-09,61.357296875,3
446,Gandhinagar,2022-06-10,61.63019672131148,3
446,Gandhinagar,2022-06-11,61.536319999999996,3
446,Gandhinagar,2022-06-12,61.420049019607845,3
446,Gandhinagar,2022-06-13,61.466010526315785,3
446,Gandhinagar,2022-06-14,61.55853409090909,3
446,Gandhinagar,2022-06-15,61.444984251968506,3
446,Gandhinagar,2022-06-16,61.59890322580645,3
446,Gandhinagar,2022-06-17,61.360934426229505,3
446,Gandhinagar,2022-06-18,61.25833858267717,3
446,Gandhinagar,2022-06-19,61.29907438016529,3
446,Gandhinagar,2022-06-20,61.3358253968254,3
446,Gandhinagar,2022-06-21,61.395992,3
446,Gandhinagar,2022-06-22,61.381055999999994,3
446,Gandhinagar,2022-06-23,61.74481967213115,3
446,Gandhinagar,2022-06-24,61.39289915966387,3
446,Gandhinagar,2022-06-25,61.38640677966102,3
446,Gandhinagar,2022-06-26,61.64953982300885,3
446,Gandhinagar,2022-06-27,61.381271999999996,3
446,Gandhinagar,2022-06-28,61.54226984126984,3
446,Gandhinagar,2022-06-29,61.42198529411764,3
446,Gandhinagar,2022-06-30,61.34466956521739,3
446,Gandhinagar,2022-07-01,61.562762962962964,3
446,Gandhinagar,2022-07-02,61.457304,3
446,Gandhinagar,2022-07-03,61.52360576923077,3
446,Gandhinagar,2022-07-04,61.42361983471074,3
446,Gandhinagar,2022-07-05,61.60569291338582,3
446,Gandhinagar,2022-07-06,61.405750000000005,3
446,Gandhinagar,2022-07-07,61.85709523809523,3
446,Gandhinagar,2022-07-08,61.62284210526316,3
446,Gandhinagar,2022-07-09,61.514451327433626,3
446,Gandhinagar,2022-07-10,61.47014285714286,3
446,Gandhinagar,2022-07-11,65.52228571428572,3
446,Gandhinagar,2022-07-12,61.751056451612904,3
446,Gandhinagar,2022-07-13,63.15229457364341,3
446,Gandhinagar,2022-07-14,67.9673524590164,3
446,Gandhinagar,2022-07-15,67.49663503649636,3
446,Gandhinagar,2022-07-16,61.51958778625954,3
446,Gandhinagar,2022-07-17,62.119716417910446,3
446,Gandhinagar,2022-07-18,61.6184776119403,3
446,Gandhinagar,2022-07-19,61.463888888888896,3
446,Gandhinagar,2022-07-20,62.30852592592593,3
446,Gandhinagar,2022-07-21,61.8889537037037,3
446,Gandhinagar,2022-07-22,62.123525,3
446,Gandhinagar,2022-07-23,61.76262393162393,3
446,Gandhinagar,2022-07-24,61.978315384615385,3
446,Gandhinagar,2022-07-25,61.87043609022557,3
446,Gandhinagar,2022-07-26,62.001850393700785,3
446,Gandhinagar,2022-07-27,62.446443478260875,3
446,Gandhinagar,2022-07-28,61.74103305785124,3
446,Gandhinagar,2022-07-29,61.95600735294118,3
446,Gandhinagar,2022-07-30,62.06708130081301,3
446,Gandhinagar,2022-07-31,61.68624409448819,3
446,Gandhinagar,2022-08-01,61.76502919708029,3
446,Gandhinagar,2022-08-02,61.770578571428565,3
446,Gandhinagar,2022-08-03,61.780680000000004,3
446,Gandhinagar,2022-08-04,61.94746218487395,3
446,Gandhinagar,2022-08-05,61.96569565217391,3
446,Gandhinagar,2022-08-06,61.99067669172933,3
446,Gandhinagar,2022-08-07,61.87514503816794,3
446,Gandhinagar,2022-08-08,61.6489923076923,3
446,Gandhinagar,2022-08-09,61.701348623853214,3
446,Gandhinagar,2022-08-10,61.73179166666667,3
446,Gandhinagar,2022-08-11,61.92142635658915,3
446,Gandhinagar,2022-08-12,61.868024590163934,3
446,Gandhinagar,2022-08-13,62.144188976377954,3
446,Gandhinagar,2022-08-14,62.9919552238806,3
446,Gandhinagar,2022-08-15,63.006159999999994,3
446,Gandhinagar,2022-08-16,63.09638260869565,3
446,Gandhinagar,2022-08-17,63.062691666666666,3
446,Gandhinagar,2022-08-18,66.96976033057851,3
446,Gandhinagar,2022-08-19,62.60609774436091,3
446,Gandhinagar,2022-08-20,62.76013669064748,3
446,Gandhinagar,2022-08-21,62.685048780487804,3
446,Gandhinagar,2022-08-22,62.77756834532374,3
446,Gandhinagar,2022-08-23,62.67419230769231,3
446,Gandhinagar,2022-08-24,62.98577777777777,3
446,Gandhinagar,2022-08-25,62.813916666666664,3
446,Gandhinagar,2022-08-26,63.03854166666666,3
446,Gandhinagar,2022-08-27,62.92508333333333,3
446,Gandhinagar,2022-08-28,62.79591011235955,3
446,Gandhinagar,2022-08-29,62.757019417475725,3
446,Gandhinagar,2022-08-30,62.73220833333334,3
446,Gandhinagar,2022-08-31,62.79482882882883,3
446,Gandhinagar,2022-09-01,62.59193181818182,3
446,Gandhinagar,2022-09-02,62.69952892561984,3
446,Gandhinagar,2022-09-03,62.7233,3
446,Gandhinagar,2022-09-04,62.78160714285714,3
446,Gandhinagar,2022-09-05,62.87749624060151,3
446,Gandhinagar,2022-09-06,62.88287050359712,3
446,Gandhinagar,2022-09-07,62.695708955223886,3
446,Gandhinagar,2022-09-08,62.662194244604315,3
446,Gandhinagar,2022-09-09,62.93427338129496,3
446,Gandhinagar,2022-09-10,62.725699999999996,3
446,Gandhinagar,2022-09-11,62.80623404255319,3
446,Gandhinagar,2022-09-12,62.81495804195804,3
446,Gandhinagar,2022-09-13,62.74045390070922,3
446,Gandhinagar,2022-09-14,62.89968794326241,3
446,Gandhinagar,2022-09-15,62.770849999999996,3
446,Gandhinagar,2022-09-16,62.692474999999995,3
446,Gandhinagar,2022-09-17,62.81585714285714,3
446,Gandhinagar,2022-09-18,62.965500000000006,3
446,Gandhinagar,2022-09-19,63.017745454545455,3
446,Gandhinagar,2022-09-20,62.89194339622642,3
446,Gandhinagar,2022-09-21,63.00670526315789,3
446,Gandhinagar,2022-09-22,62.78331958762887,3
446,Gandhinagar,2022-09-23,62.81899065420561,3
446,Gandhinagar,2022-09-24,63.039191489361706,3
446,Gandhinagar,2022-09-25,63.058743119266055,3
446,Gandhinagar,2022-09-26,63.07664705882353,3
446,Gandhinagar,2022-09-27,62.83467346938775,3
446,Gandhinagar,2022-09-28,62.97962068965518,3
446,Gandhinagar,2022-09-29,62.99927868852459,3
446,Gandhinagar,2022-09-30,62.87815107913669,3
446,Gandhinagar,2022-10-01,62.69559722222222,3
446,Gandhinagar,2022-10-02,62.77257042253521,3
446,Gandhinagar,2022-10-03,62.83695035460993,3
446,Gandhinagar,2022-10-04,63.05516083916085,3
446,Gandhinagar,2022-10-05,63.04788811188811,3
446,Gandhinagar,2022-10-06,62.792402777777774,3
446,Gandhinagar,2022-10-07,62.74044680851064,3
446,Gandhinagar,2022-10-08,62.85869230769231,3
446,Gandhinagar,2022-10-09,63.08438028169014,3
446,Gandhinagar,2022-10-10,62.69907142857143,3
446,Gandhinagar,2022-10-11,62.68776068376068,3
446,Gandhinagar,2022-10-12,62.8067323943662,3
446,Gandhinagar,2022-10-13,62.824290780141844,3
446,Gandhinagar,2022-10-14,62.82062406015038,3
446,Gandhinagar,2022-10-15,62.94430882352941,3
446,Gandhinagar,2022-10-16,62.93711111111111,3
446,Gandhinagar,2022-10-17,63.00243356643357,3
446,Gandhinagar,2022-10-18,62.913702479338845,3
446,Gandhinagar,2022-10-19,62.74460714285715,3
446,Gandhinagar,2022-10-20,62.96291428571429,3
446,Gandhinagar,2022-10-21,62.70709154929577,3
446,Gandhinagar,2022-10-22,62.93171830985916,3
446,Gandhinagar,2022-10-23,62.81985314685314,3
446,Gandhinagar,2022-10-24,62.86211382113821,3
446,Gandhinagar,2022-10-25,62.88817355371901,3
446,Gandhinagar,2022-10-26,62.85267226890756,3
446,Gandhinagar,2022-10-27,62.78394444444444,3
446,Gandhinagar,2022-10-28,62.77721739130434,3
446,Gandhinagar,2022-10-29,62.79129770992366,3
446,Gandhinagar,2022-10-30,62.57566346153846,3
446,Gandhinagar,2022-10-31,62.446520661157024,3
446,Gandhinagar,2022-11-01,62.711615384615385,3
446,Gandhinagar,2022-11-02,62.73251748251748,3
446,Gandhinagar,2022-11-03,62.652483606557375,3
446,Gandhinagar,2022-11-04,62.567838383838385,3
446,Gandhinagar,2022-11-05,62.60631147540984,3
446,Gandhinagar,2022-11-06,62.67008421052632,3
446,Gandhinagar,2022-11-07,62.53543939393939,3
446,Gandhinagar,2022-11-08,62.43064285714286,3
446,Gandhinagar,2022-11-09,62.54846153846154,3
446,Gandhinagar,2022-11-10,62.475722222222224,3
446,Gandhinagar,2022-11-11,62.64297122302158,3
446,Gandhinagar,2022-11-12,62.56843283582089,3
446,Gandhinagar,2022-11-13,62.552169014084505,3
446,Gandhinagar,2022-11-14,62.42545774647888,3
446,Gandhinagar,2022-11-15,62.55256296296296,3
446,Gandhinagar,2022-11-16,62.76092792792792,3
446,Gandhinagar,2022-11-17,62.311130434782605,3
446,Gandhinagar,2022-11-18,62.29372,3
446,Gandhinagar,2022-11-19,62.19560563380281,3
446,Gandhinagar,2022-11-20,62.129626760563376,3
446,Gandhinagar,2022-11-21,62.130901408450704,3
446,Gandhinagar,2022-11-22,62.30793023255814,3
446,Gandhinagar,2022-11-23,62.54013333333333,3
446,Gandhinagar,2022-11-24,62.26992682926829,3
446,Gandhinagar,2022-11-25,62.061458333333334,3
446,Gandhinagar,2022-11-26,62.07596453900709,3
446,Gandhinagar,2022-11-27,62.07818881118882,3
446,Gandhinagar,2022-11-28,62.32335294117647,3
446,Gandhinagar,2022-11-29,62.19879787234042,3
446,Gandhinagar,2022-11-30,62.47337634408603,3
446,Gandhinagar,2022-12-01,61.98192592592593,3
446,Gandhinagar,2022-12-02,62.025576576576576,3
446,Gandhinagar,2022-12-03,61.920125,3
446,Gandhinagar,2022-12-04,62.085819444444446,3
446,Gandhinagar,2022-12-05,62.008384,3
446,Gandhinagar,2022-12-06,61.98845112781955,3
446,Gandhinagar,2022-12-07,62.00134285714285,3
446,Gandhinagar,2022-12-08,61.857872,3
446,Gandhinagar,2022-12-09,61.91850806451613,3
446,Gandhinagar,2022-12-10,61.75016197183099,3
446,Gandhinagar,2022-12-11,62.06939130434783,3
446,Gandhinagar,2022-12-12,61.7296993006993,3
446,Gandhinagar,2022-12-13,61.78129577464789,3
446,Gandhinagar,2022-12-14,61.641821428571426,3
446,Gandhinagar,2022-12-15,61.82643971631206,3
446,Gandhinagar,2022-12-16,61.646761061946904,3
446,Gandhinagar,2022-12-17,61.97572727272727,3
446,Gandhinagar,2022-12-18,61.74878571428572,3
446,Gandhinagar,2022-12-19,61.64246031746032,3
446,Gandhinagar,2022-12-20,61.71801388888889,3
446,Gandhinagar,2022-12-21,61.864736842105266,3
446,Gandhinagar,2022-12-22,61.727420634920634,3
446,Gandhinagar,2022-12-23,61.52974045801526,3
446,Gandhinagar,2022-12-24,61.68332407407407,3
446,Gandhinagar,2022-12-25,61.5823064516129,3
446,Gandhinagar,2022-12-26,61.42685950413223,3
446,Gandhinagar,2022-12-27,61.645416,3
446,Gandhinagar,2022-12-28,61.57322222222223,3
446,Gandhinagar,2022-12-29,61.80672580645162,3
446,Gandhinagar,2022-12-30,61.46640441176471,3
446,Gandhinagar,2022-12-31,61.44054347826087,3
446,Gandhinagar,2023-01-01,61.390842857142864,3
446,Gandhinagar,2023-01-02,61.45825423728813,3
446,Gandhinagar,2023-01-03,61.38569105691057,3
446,Gandhinagar,2023-01-04,61.37896062992126,3
446,Gandhinagar,2023-01-05,61.47250847457627,3
446,Gandhinagar,2023-01-06,61.51598518518518,3
446,Gandhinagar,2023-01-07,61.270610619469025,3
446,Gandhinagar,2023-01-08,61.62920325203252,3
446,Gandhinagar,2023-01-09,61.71989130434782,3
446,Gandhinagar,2023-01-10,61.604420634920636,3
446,Gandhinagar,2023-01-11,61.644278195488724,3
446,Gandhinagar,2023-01-12,61.767296610169495,3
446,Gandhinagar,2023-01-13,61.61034453781513,3
446,Gandhinagar,2023-01-14,61.62891891891892,3
446,Gandhinagar,2023-01-15,61.68916666666667,3
446,Gandhinagar,2023-01-16,61.64669791666666,3
446,Gandhinagar,2023-01-17,61.570452380952375,3
446,Gandhinagar,2023-01-18,61.49620143884892,3
446,Gandhinagar,2023-01-19,61.50477868852459,3
446,Gandhinagar,2023-01-20,61.525999999999996,3
446,Gandhinagar,2023-01-21,61.60394444444445,3
446,Gandhinagar,2023-01-22,61.43827586206897,3
446,Gandhinagar,2023-01-23,61.66769642857143,3
446,Gandhinagar,2023-01-24,61.264405405405405,3
446,Gandhinagar,2023-01-25,61.43608527131783,3
446,Gandhinagar,2023-01-26,61.614755244755244,3
446,Gandhinagar,2023-01-27,61.763477941176475,3
446,Gandhinagar,2023-01-28,61.68855223880597,3
446,Gandhinagar,2023-01-29,61.68321212121212,3
446,Gandhinagar,2023-01-30,61.653814814814815,3
446,Gandhinagar,2023-01-31,61.690203252032525,3
446,Gandhinagar,2023-02-01,61.7852340425532,3
446,Gandhinagar,2023-02-02,61.771759689922476,3
446,Gandhinagar,2023-02-03,61.7213986013986,3
446,Gandhinagar,2023-02-04,61.70027692307692,3
446,Gandhinagar,2023-02-05,61.68994444444445,3
446,Gandhinagar,2023-02-06,61.63847222222223,3
446,Gandhinagar,2023-02-07,61.73739416058394,3
446,Gandhinagar,2023-02-08,61.66818055555556,3
446,Gandhinagar,2023-02-09,61.81274380165289,3
446,Gandhinagar,2023-02-10,61.57660204081633,3
446,Gandhinagar,2023-02-11,61.738555555555564,3
446,Gandhinagar,2023-02-12,61.86406722689076,3
446,Gandhinagar,2023-02-13,61.69737142857142,3
446,Gandhinagar,2023-02-14,61.74696460176991,3
446,Gandhinagar,2023-02-15,61.53729824561403,3
446,Gandhinagar,2023-02-16,61.35359813084112,3
446,Gandhinagar,2023-02-17,61.61308235294118,3
446,Gandhinagar,2023-02-18,61.88383870967742,3
446,Gandhinagar,2023-02-19,61.83751376146789,3
446,Gandhinagar,2023-02-20,61.580673913043476,3
446,Gandhinagar,2023-02-21,61.62847517730496,3
446,Gandhinagar,2023-02-22,61.618750000000006,3
446,Gandhinagar,2023-02-23,61.553683453237404,3
446,Gandhinagar,2023-02-24,61.679361111111106,3
446,Gandhinagar,2023-02-25,61.6762265625,3
446,Gandhinagar,2023-02-26,61.66243055555555,3
446,Gandhinagar,2023-02-27,61.60828421052632,3
446,Gandhinagar,2023-02-28,61.03765625,3
446,Gandhinagar,2023-03-01,61.59586776859504,3
446,Gandhinagar,2023-03-02,61.551765957446804,3
446,Gandhinagar,2023-03-03,61.68521323529412,3
446,Gandhinagar,2023-03-04,61.53550364963503,3
446,Gandhinagar,2023-03-05,61.68018705035971,3
446,Gandhinagar,2023-03-06,61.5506220472441,3
446,Gandhinagar,2023-03-07,62.228472000000004,3
446,Gandhinagar,2023-03-08,61.61601449275363,3
446,Gandhinagar,2023-03-09,61.771119047619045,3
446,Gandhinagar,2023-03-10,61.641588709677414,3
446,Gandhinagar,2023-03-11,61.76651470588236,3
446,Gandhinagar,2023-03-12,61.83320437956204,3
446,Gandhinagar,2023-03-13,61.47706722689075,3
446,Gandhinagar,2023-03-14,61.77288405797101,3
446,Gandhinagar,2023-03-15,61.64204580152672,3
446,Gandhinagar,2023-03-16,61.625313868613134,3
446,Gandhinagar,2023-03-17,61.820375,3
446,Gandhinagar,2023-03-18,61.70322,3
446,Gandhinagar,2023-03-19,52.05454999999999,1
446,Gandhinagar,2023-03-20,60.33917910447761,3
446,Gandhinagar,2023-03-21,61.601773109243695,3
446,Gandhinagar,2023-03-22,61.57108823529411,3
446,Gandhinagar,2023-03-23,61.67703649635037,3
446,Gandhinagar,2023-03-24,61.72831746031746,3
446,Gandhinagar,2023-03-25,61.69923308270676,3
446,Gandhinagar,2023-03-26,61.59845736434109,3
446,Gandhinagar,2023-03-27,61.90045255474452,3
446,Gandhinagar,2023-03-28,61.57031060606061,3
446,Gandhinagar,2023-03-29,61.649063999999996,3
446,Gandhinagar,2023-03-30,61.73393798449612,3
446,Gandhinagar,2023-03-31,61.70508928571429,3
446,Gandhinagar,2023-04-01,62.38095488721804,3
446,Gandhinagar,2023-04-02,61.64311188811189,3
446,Gandhinagar,2023-04-03,61.62856818181818,3
446,Gandhinagar,2023-04-04,61.576844660194176,3
446,Gandhinagar,2023-04-05,61.533854545454545,3
446,Gandhinagar,2023-04-06,61.516338129496404,3
446,Gandhinagar,2023-04-07,61.399515384615384,3
446,Gandhinagar,2023-04-08,61.79044360902256,3
446,Gandhinagar,2023-04-09,61.39724817518249,3
446,Gandhinagar,2023-04-10,61.616123076923074,3
446,Gandhinagar,2023-04-11,61.547340909090906,3
446,Gandhinagar,2023-04-12,61.50000709219858,3
446,Gandhinagar,2023-04-13,61.630859375,3
446,Gandhinagar,2023-04-14,61.6369375,3
446,Gandhinagar,2023-04-15,61.54050420168067,3
446,Gandhinagar,2023-04-16,61.33735135135135,3
446,Gandhinagar,2023-04-17,61.56268292682927,3
446,Gandhinagar,2023-04-18,61.58219708029198,3
446,Gandhinagar,2023-04-19,61.765203125,3
446,Gandhinagar,2023-04-20,61.87691056910569,3
446,Gandhinagar,2023-04-21,61.57703731343284,3
446,Gandhinagar,2023-04-22,61.49265765765766,3
446,Gandhinagar,2023-04-23,61.60317204301076,3
446,Gandhinagar,2023-04-24,61.68766666666667,3
446,Gandhinagar,2023-04-25,61.68675555555555,3
446,Gandhinagar,2023-04-26,61.54849180327869,3
446,Gandhinagar,2023-04-27,61.43803508771929,3
446,Gandhinagar,2023-04-28,62.19331764705882,3
446,Gandhinagar,2023-04-29,61.74222619047619,3
446,Gandhinagar,2023-04-30,61.619878048780485,3
446,Gandhinagar,2023-05-01,61.646445255474454,3
446,Gandhinagar,2023-05-02,61.572143884892085,3
446,Gandhinagar,2023-05-03,61.63810483870968,3
446,Gandhinagar,2023-05-04,61.783264,3
446,Gandhinagar,2023-05-05,61.541955882352944,3
446,Gandhinagar,2023-05-06,61.515978260869566,3
446,Gandhinagar,2023-05-07,61.65170212765957,3
446,Gandhinagar,2023-05-08,61.525021126760564,3
446,Gandhinagar,2023-05-09,61.8429647887324,3
446,Gandhinagar,2023-05-10,61.78340441176471,3
446,Gandhinagar,2023-05-11,55.4997,3
446,Gandhinagar,2023-05-12,51.29786259541984,3
446,Gandhinagar,2023-05-13,47.43845833333333,3
446,Gandhinagar,2023-05-14,49.720628318584076,3
446,Gandhinagar,2023-05-15,50.740232000000006,3
446,Gandhinagar,2023-05-16,61.45570175438596,3
446,Gandhinagar,2023-05-17,61.7965945945946,3
446,Gandhinagar,2023-05-18,62.58656,3
446,Gandhinagar,2023-05-19,61.5689010989011,3
446,Gandhinagar,2023-05-20,61.53554901960784,3
446,Gandhinagar,2023-05-21,62.0243595505618,3
446,Gandhinagar,2023-05-22,61.53076923076923,3
446,Gandhinagar,2023-05-23,61.57375409836065,3
446,Gandhinagar,2023-05-24,61.63655555555556,3
446,Gandhinagar,2023-05-25,61.65720512820513,3
446,Gandhinagar,2023-05-26,61.80281318681319,3
446,Gandhinagar,2023-05-27,61.652574074074074,3
446,Gandhinagar,2023-05-29,62.009875,3
446,Gandhinagar,2023-05-30,61.75870175438597,3
446,Gandhinagar,2023-05-31,61.62487323943662,3
446,Gandhinagar,2023-06-01,62.32145217391304,3
446,Gandhinagar,2023-06-02,62.96805555555555,3
446,Gandhinagar,2023-06-03,62.80190476190476,3
446,Gandhinagar,2023-06-04,61.93671328671329,3
446,Gandhinagar,2023-06-05,62.08475396825397,3
446,Gandhinagar,2023-06-06,61.79531192660551,3
446,Gandhinagar,2023-06-07,62.3887676056338,3
446,Gandhinagar,2023-06-08,63.447595744680854,3
446,Gandhinagar,2023-06-09,63.1598347107438,3
446,Gandhinagar,2023-06-10,62.35533613445378,3
446,Gandhinagar,2023-06-11,62.205597222222224,3
446,Gandhinagar,2023-06-12,61.49992105263158,3
446,Gandhinagar,2023-06-13,61.64924647887324,3
446,Gandhinagar,2023-06-14,61.84434645669291,3
446,Gandhinagar,2023-06-15,62.18590983606557,3
446,Gandhinagar,2023-06-16,62.09935714285714,3
446,Gandhinagar,2023-06-17,61.50889743589743,3
446,Gandhinagar,2023-06-19,61.66653846153846,3
446,Gandhinagar,2023-06-20,61.81091346153846,3
446,Gandhinagar,2023-06-21,61.99290476190477,3
446,Gandhinagar,2023-06-22,61.53283018867925,3
446,Gandhinagar,2023-06-23,61.72211607142857,3
446,Gandhinagar,2023-06-24,61.86575,3
446,Gandhinagar,2023-06-25,61.9129,3
446,Gandhinagar,2023-06-26,61.94179562043796,3
446,Gandhinagar,2023-06-27,61.76248175182481,3
446,Gandhinagar,2023-06-28,61.599255319148945,3
446,Gandhinagar,2023-06-29,61.60554347826087,3
446,Gandhinagar,2023-06-30,61.84081679389313,3
446,Gandhinagar,2023-07-01,61.68128169014085,3
446,Gandhinagar,2023-07-02,61.87176811594203,3
446,Gandhinagar,2023-07-03,61.62881617647059,3
446,Gandhinagar,2023-07-04,61.79487050359712,3
446,Gandhinagar,2023-07-05,61.69184444444444,3
446,Gandhinagar,2023-07-06,61.84837588652481,3
446,Gandhinagar,2023-07-07,61.78136111111111,3
446,Gandhinagar,2023-07-08,61.855066666666666,3
446,Gandhinagar,2023-07-09,61.926805555555546,3
446,Gandhinagar,2023-07-10,62.36331313131313,3
446,Gandhinagar,2023-07-11,62.3485,3
446,Gandhinagar,2023-07-12,62.932262711864404,3
446,Gandhinagar,2023-07-13,62.92301470588236,3
446,Gandhinagar,2023-07-14,62.7009898989899,3
446,Gandhinagar,2023-07-15,62.85269918699186,3
446,Gandhinagar,2023-07-16,62.83025000000001,3
446,Gandhinagar,2023-07-17,62.680567567567564,3
446,Gandhinagar,2023-07-18,62.65373831775701,3
446,Gandhinagar,2023-07-19,62.60952127659574,3
446,Gandhinagar,2023-07-20,62.6897572815534,3
446,Gandhinagar,2023-07-21,62.51533333333333,3
446,Gandhinagar,2023-07-22,62.540075630252105,3
446,Gandhinagar,2023-07-23,62.61441129032258,3
446,Gandhinagar,2023-07-24,62.583604316546754,3
446,Gandhinagar,2023-07-25,62.624595744680846,3
446,Gandhinagar,2023-07-26,62.760386861313876,3
446,Gandhinagar,2023-07-27,62.88199295774648,3
446,Gandhinagar,2023-07-28,62.79686842105263,3
446,Gandhinagar,2023-07-29,62.71676595744681,3
446,Gandhinagar,2023-07-30,62.61246078431372,3
446,Gandhinagar,2023-07-31,62.32858823529411,3
446,Gandhinagar,2023-08-01,62.02344262295082,3
446,Gandhinagar,2023-08-02,62.45926190476191,3
446,Gandhinagar,2023-08-03,62.50052542372881,3
446,Gandhinagar,2023-08-04,62.649657142857144,3
446,Gandhinagar,2023-08-05,62.58617886178862,3
446,Gandhinagar,2023-08-06,62.756209790209795,3
446,Gandhinagar,2023-08-07,62.73286554621849,3
446,Gandhinagar,2023-08-08,62.91432989690721,3
446,Gandhinagar,2023-08-09,62.869,3
446,Gandhinagar,2023-08-10,62.74886330935252,3
446,Gandhinagar,2023-08-11,62.84373333333333,3
446,Gandhinagar,2023-08-12,62.73977777777778,3
446,Gandhinagar,2023-08-13,62.70870921985816,3
446,Gandhinagar,2023-08-14,62.678881481481476,3
446,Gandhinagar,2023-08-15,62.73645454545454,3
446,Gandhinagar,2023-08-16,62.81565217391304,3
446,Gandhinagar,2023-08-17,63.5170447761194,3
446,Gandhinagar,2023-08-18,62.841462121212125,3
446,Gandhinagar,2023-08-19,62.903,3
446,Gandhinagar,2023-08-20,62.81605,3
446,Gandhinagar,2023-08-21,63.00831007751938,3
446,Gandhinagar,2023-08-22,62.93902158273381,3
446,Gandhinagar,2023-08-23,62.88065467625899,3
446,Gandhinagar,2023-08-24,67.32472932330828,3
446,Gandhinagar,2023-08-25,62.93580882352941,3
446,Gandhinagar,2023-08-26,62.99814179104478,3
446,Gandhinagar,2023-08-27,62.820086206896555,3
446,Gandhinagar,2023-08-28,62.89489682539682,3
446,Gandhinagar,2023-08-29,62.8469793814433,3
446,Gandhinagar,2023-08-30,63.01349572649573,3
446,Gandhinagar,2023-08-31,62.76341322314049,3
446,Gandhinagar,2023-09-01,63.132974137931036,3
446,Gandhinagar,2023-09-02,62.679616071428576,3
446,Gandhinagar,2023-09-03,62.946597222222216,3
446,Gandhinagar,2023-09-04,62.984152941176475,3
446,Gandhinagar,2023-09-05,63.08048387096774,3
446,Gandhinagar,2023-09-06,63.01060563380281,3
446,Gandhinagar,2023-09-07,62.84012499999999,3
446,Gandhinagar,2023-09-08,62.99928671328671,3
446,Gandhinagar,2023-09-09,65.75327941176471,3
446,Gandhinagar,2023-09-10,62.954439655172415,3
446,Gandhinagar,2023-09-11,62.75502962962963,3
446,Gandhinagar,2023-09-12,62.943873134328356,3
446,Gandhinagar,2023-09-13,63.14428070175439,3
446,Gandhinagar,2023-09-14,62.765882882882885,3
446,Gandhinagar,2023-09-15,62.852008771929825,3
446,Gandhinagar,2023-09-16,64.64798333333333,3
446,Gandhinagar,2023-09-17,62.920601694915256,3
446,Gandhinagar,2023-09-18,63.32797826086957,3
446,Gandhinagar,2023-09-19,63.208181818181814,3
446,Gandhinagar,2023-09-20,63.228937499999994,3
446,Gandhinagar,2023-09-21,62.89650537634409,3
446,Gandhinagar,2023-09-22,62.965024390243904,3
446,Gandhinagar,2023-09-23,62.92322222222222,3
446,Gandhinagar,2023-09-24,62.893750000000004,3
446,Gandhinagar,2023-09-25,63.32371532846715,3
446,Gandhinagar,2023-09-26,62.81247101449275,3
446,Gandhinagar,2023-09-27,62.8385873015873,3
446,Gandhinagar,2023-09-28,63.1331328125,3
446,Gandhinagar,2023-09-29,62.821419117647054,3
446,Gandhinagar,2023-09-30,62.89322377622378,3
446,Gandhinagar,2023-10-01,62.84934751773049,3
446,Gandhinagar,2023-10-02,62.80175,3
446,Gandhinagar,2023-10-03,62.80991129032258,3
446,Gandhinagar,2023-10-04,62.934378571428574,3
446,Gandhinagar,2023-10-05,62.86032061068702,3
446,Gandhinagar,2023-10-06,62.874751773049645,3
446,Gandhinagar,2023-10-07,62.87282142857143,3
446,Gandhinagar,2023-10-08,62.8688888888889,3
446,Gandhinagar,2023-10-09,62.8796953125,3
446,Gandhinagar,2023-10-10,62.80005555555556,3
446,Gandhinagar,2023-10-11,62.974503496503495,3
446,Gandhinagar,2023-10-12,62.84176119402985,3
446,Gandhinagar,2023-10-13,62.78044881889764,3
446,Gandhinagar,2023-10-14,62.86726056338028,3
446,Gandhinagar,2023-10-15,62.76148611111111,3
446,Gandhinagar,2023-10-16,62.82008571428571,3
446,Gandhinagar,2023-10-17,62.825374999999994,3
446,Gandhinagar,2023-10-18,62.874607142857144,3
446,Gandhinagar,2023-10-19,62.93529166666667,3
446,Gandhinagar,2023-10-20,62.86123300970874,3
446,Gandhinagar,2023-10-21,63.31782075471698,3
446,Gandhinagar,2023-10-22,62.78339772727273,3
446,Gandhinagar,2023-10-23,61.94784705882353,3
446,Gandhinagar,2023-10-24,63.24059999999999,3
446,Gandhinagar,2023-10-25,62.99374489795918,3
446,Gandhinagar,2023-10-26,62.77412030075188,3
446,Gandhinagar,2023-10-27,62.86709629629629,3
446,Gandhinagar,2023-10-28,63.07281679389313,3
446,Gandhinagar,2023-10-29,63.04739694656489,3
446,Gandhinagar,2023-10-30,62.94251879699248,3
446,Gandhinagar,2023-10-31,63.32666666666667,3
446,Gandhinagar,2023-11-01,62.830977611940305,3
446,Gandhinagar,2023-11-02,63.10336764705883,3
446,Gandhinagar,2023-11-03,62.87312765957447,3
446,Gandhinagar,2023-11-04,62.83776984126984,3
446,Gandhinagar,2023-11-05,62.99409848484848,3
446,Gandhinagar,2023-11-06,63.02318656716418,3
446,Gandhinagar,2023-11-07,62.519386861313876,3
446,Gandhinagar,2023-11-08,63.00396153846154,3
446,Gandhinagar,2023-11-09,62.86527338129496,3
446,Gandhinagar,2023-11-10,63.09479545454545,3
446,Gandhinagar,2023-11-11,62.5987421875,3
446,Gandhinagar,2023-11-12,62.67774100719424,3
446,Gandhinagar,2023-11-13,62.631541666666664,3
446,Gandhinagar,2023-11-14,62.678343065693426,3
446,Gandhinagar,2023-11-15,62.34049253731344,3
446,Gandhinagar,2023-11-16,62.53584732824427,3
446,Gandhinagar,2023-11-17,62.567354609929076,3
446,Gandhinagar,2023-11-18,62.48052427184466,3
446,Gandhinagar,2023-11-19,62.600237623762375,3
446,Gandhinagar,2023-11-20,62.75340517241379,3
446,Gandhinagar,2023-11-21,62.60886231884057,3
446,Gandhinagar,2023-11-22,62.577735714285716,3
446,Gandhinagar,2023-11-23,62.91297222222223,3
446,Gandhinagar,2023-11-24,62.528092198581554,3
446,Gandhinagar,2023-11-25,62.426858156028366,3
446,Gandhinagar,2023-11-26,63.27363043478261,3
446,Gandhinagar,2023-11-27,62.34019285714286,3
446,Gandhinagar,2023-11-28,62.37678321678321,3
446,Gandhinagar,2023-11-29,62.777846153846156,3
446,Gandhinagar,2023-11-30,62.864669014084505,3
446,Gandhinagar,2023-12-01,62.967291666666675,3
446,Gandhinagar,2023-12-02,62.809430555555565,3
446,Gandhinagar,2023-12-03,62.60392907801419,3
446,Gandhinagar,2023-12-04,63.003801418439714,3
446,Gandhinagar,2023-12-05,62.85506666666666,3
446,Gandhinagar,2023-12-06,62.39193388429752,3
446,Gandhinagar,2023-12-07,62.569196850393695,3
446,Gandhinagar,2023-12-08,62.33254166666667,3
446,Gandhinagar,2023-12-09,62.35436170212766,3
446,Gandhinagar,2023-12-10,62.2355,3
446,Gandhinagar,2023-12-11,62.264902777777785,3
446,Gandhinagar,2023-12-12,62.341321428571426,3
446,Gandhinagar,2023-12-13,62.23459999999999,3
446,Gandhinagar,2023-12-14,62.29970629370629,3
446,Gandhinagar,2023-12-15,62.28216197183098,3
446,Gandhinagar,2023-12-16,62.08855319148937,3
446,Gandhinagar,2023-12-17,62.2038273381295,3
446,Gandhinagar,2023-12-18,62.22233858267717,3
446,Gandhinagar,2023-12-19,62.404919117647054,3
446,Gandhinagar,2023-12-20,62.03483571428572,3
446,Gandhinagar,2023-12-21,61.9393381294964,3
446,Gandhinagar,2023-12-22,62.359552238805975,3
446,Gandhinagar,2023-12-23,62.05217829457364,3
446,Gandhinagar,2023-12-24,61.9853125,3
446,Gandhinagar,2023-12-25,62.020263888888884,3
446,Gandhinagar,2023-12-26,62.18314184397163,3
446,Gandhinagar,2023-12-27,62.12116901408451,3
446,Gandhinagar,2023-12-28,62.08695652173913,3
446,Gandhinagar,2023-12-29,62.048100775193795,3
446,Gandhinagar,2023-12-30,62.19895555555556,3
446,Gandhinagar,2023-12-31,62.13854929577464,3
446,Gandhinagar,2024-01-01,61.891302158273376,3
446,Gandhinagar,2024-01-02,61.69620720720721,3
446,Gandhinagar,2024-01-03,61.846959677419356,3
446,Gandhinagar,2024-01-04,61.87344852941177,3
446,Gandhinagar,2024-01-05,61.87766197183099,3
446,Gandhinagar,2024-01-06,61.963022900763356,3
446,Gandhinagar,2024-01-07,62.20312307692308,3
446,Gandhinagar,2024-01-08,62.13653571428571,3
446,Gandhinagar,2024-01-09,61.86678321678322,3
446,Gandhinagar,2024-01-10,62.02755147058823,3
446,Gandhinagar,2024-01-11,61.9611094890511,3
446,Gandhinagar,2024-01-12,61.74518181818181,3
446,Gandhinagar,2024-01-13,61.60689208633094,3
446,Gandhinagar,2024-01-14,61.804104,3
446,Gandhinagar,2024-01-15,61.64235164835164,3
446,Gandhinagar,2024-01-16,61.68954639175258,3
446,Gandhinagar,2024-01-17,61.58245588235294,3
446,Gandhinagar,2024-01-18,61.74820979020979,3
446,Gandhinagar,2024-01-19,61.701104166666674,3
446,Gandhinagar,2024-01-20,61.915352112676054,3
446,Gandhinagar,2024-01-21,61.91382517482517,3
446,Gandhinagar,2024-01-22,61.93913986013986,3
446,Gandhinagar,2024-01-23,62.17379527559055,3
446,Gandhinagar,2024-01-24,61.684701492537314,3
446,Gandhinagar,2024-01-25,61.61764705882353,3
446,Gandhinagar,2024-01-26,62.1553025210084,3
446,Gandhinagar,2024-01-27,61.46618699186991,3
446,Gandhinagar,2024-01-28,61.701436090225556,3
446,Gandhinagar,2024-01-29,61.68369298245614,3
446,Gandhinagar,2024-01-30,61.74183193277311,3
446,Gandhinagar,2024-01-31,61.74205303030303,3
446,Gandhinagar,2024-02-01,61.962008000000004,3
446,Gandhinagar,2024-02-02,61.65694244604317,3
446,Gandhinagar,2024-02-03,61.64778985507247,3
446,Gandhinagar,2024-02-04,61.41474264705883,3
446,Gandhinagar,2024-02-05,61.704427536231876,3
446,Gandhinagar,2024-02-06,61.53564661654136,3
446,Gandhinagar,2024-02-07,61.66822137404581,3
446,Gandhinagar,2024-02-08,62.422552,3
446,Gandhinagar,2024-02-09,62.849625,3
446,Gandhinagar,2024-02-10,61.866888888888894,3
446,Gandhinagar,2024-02-11,61.89181118881119,3
446,Gandhinagar,2024-02-12,61.81784615384615,3
446,Gandhinagar,2024-02-13,61.92206993006993,3
446,Gandhinagar,2024-02-14,61.90932394366197,3
446,Gandhinagar,2024-02-15,61.84092028985508,3
446,Gandhinagar,2024-02-16,62.01068309859155,3
446,Gandhinagar,2024-02-17,61.83808571428572,3
446,Gandhinagar,2024-02-18,61.74257746478873,3
446,Gandhinagar,2024-02-19,61.69987943262411,3
446,Gandhinagar,2024-02-20,61.78906944444444,3
446,Gandhinagar,2024-02-21,61.79391666666667,3
446,Gandhinagar,2024-02-22,62.03363366336634,3
446,Gandhinagar,2024-02-23,63.12222222222222,3
446,Gandhinagar,2024-02-24,61.9888661971831,3
446,Gandhinagar,2024-02-25,62.13301459854014,3
446,Gandhinagar,2024-02-26,61.873786764705876,3
446,Gandhinagar,2024-02-27,61.88251773049645,3
446,Gandhinagar,2024-02-28,61.4603795620438,3
446,Gandhinagar,2024-02-29,61.87678985507246,3
446,Gandhinagar,2024-03-01,62.691871428571424,3
446,Gandhinagar,2024-03-02,62.454188811188814,3
446,Gandhinagar,2024-03-03,61.48375,3
446,Gandhinagar,2024-03-04,61.76115503875969,3
446,Gandhinagar,2024-03-05,63.34020567375886,3
446,Gandhinagar,2024-03-06,63.267,3
446,Gandhinagar,2024-03-07,63.67355633802817,3
446,Gandhinagar,2024-03-08,64.41530555555556,3
446,Gandhinagar,2024-03-09,64.52041958041958,3
446,Gandhinagar,2024-03-10,61.54406818181818,3
446,Gandhinagar,2024-03-11,61.85160431654676,3
446,Gandhinagar,2024-03-12,61.69984962406015,3
446,Gandhinagar,2024-03-13,61.98886713286713,3
446,Gandhinagar,2024-03-14,61.80719580419581,3
446,Gandhinagar,2024-03-15,61.73142957746479,3
446,Gandhinagar,2024-03-16,61.960851063829786,3
446,Gandhinagar,2024-03-17,61.842611111111104,3
446,Gandhinagar,2024-03-18,61.82747142857143,3
446,Gandhinagar,2024-03-19,61.70654761904762,3
446,Gandhinagar,2024-03-20,61.622927536231884,3
446,Gandhinagar,2024-03-21,61.76537323943663,3
446,Gandhinagar,2024-03-22,61.555590163934426,3
446,Gandhinagar,2024-03-23,61.7884375,3
446,Gandhinagar,2024-03-24,61.752566433566436,3
446,Gandhinagar,2024-03-25,62.00963709677419,3
446,Gandhinagar,2024-03-26,61.89505555555556,3
446,Gandhinagar,2024-03-27,63.0365905511811,3
446,Gandhinagar,2024-03-28,62.98614545454545,3
446,Gandhinagar,2024-03-29,62.016420634920635,3
446,Gandhinagar,2024-03-30,61.87961111111112,3
446,Gandhinagar,2024-03-31,62.262188811188814,3
446,Gandhinagar,2024-04-01,62.07179577464789,3
446,Gandhinagar,2024-04-02,62.24256643356643,3
446,Gandhinagar,2024-04-03,62.295430555555555,3
446,Gandhinagar,2024-04-04,62.40863636363636,3
446,Gandhinagar,2024-04-05,61.888125874125876,3
446,Gandhinagar,2024-04-06,61.8115352112676,3
446,Gandhinagar,2024-04-07,61.83361428571428,3
446,Gandhinagar,2024-04-08,61.962645390070925,3
446,Gandhinagar,2024-04-09,62.26111347517731,3
446,Gandhinagar,2024-04-10,61.7683619047619,3
446,Gandhinagar,2024-04-11,62.73037168141593,3
446,Gandhinagar,2024-04-12,62.54597101449275,3
446,Gandhinagar,2024-04-13,62.438267605633804,3
446,Gandhinagar,2024-04-14,61.88412765957447,3
446,Gandhinagar,2024-04-15,61.98530985915493,3
446,Gandhinagar,2024-04-16,62.01931944444444,3
446,Gandhinagar,2024-04-17,61.833732394366194,3
446,Gandhinagar,2024-04-18,61.63178417266187,3
446,Gandhinagar,2024-04-19,61.903931297709924,3
446,Gandhinagar,2024-04-20,61.71461940298507,3
446,Gandhinagar,2024-04-21,61.55604761904762,3
446,Gandhinagar,2024-04-22,61.834336206896545,3
446,Gandhinagar,2024-04-23,61.8346328125,3
446,Gandhinagar,2024-04-24,61.81071739130435,3
446,Gandhinagar,2024-04-25,61.917683823529416,3
446,Gandhinagar,2024-04-26,61.55739416058394,3
446,Gandhinagar,2024-04-27,61.90958571428572,3
446,Gandhinagar,2024-04-28,61.80516197183099,3
446,Gandhinagar,2024-04-29,61.96725735294118,3
446,Gandhinagar,2024-04-30,62.142390070921984,3
446,Gandhinagar,2024-05-01,62.892992366412216,3
446,Gandhinagar,2024-05-02,63.347140625,3
446,Gandhinagar,2024-05-03,63.32946774193549,3
446,Gandhinagar,2024-05-04,63.998764227642276,3
446,Gandhinagar,2024-05-05,62.5835350877193,3
446,Gandhinagar,2024-05-06,62.2228275862069,3
446,Gandhinagar,2024-05-07,62.913622807017546,3
446,Gandhinagar,2024-05-08,62.10681981981982,3
446,Gandhinagar,2024-05-09,62.05221359223301,3
446,Gandhinagar,2024-05-10,61.75908602150538,3
446,Gandhinagar,2024-05-11,60.01147368421053,2
446,Gandhinagar,2024-05-12,67.59172277227722,3
446,Gandhinagar,2024-05-13,67.53591549295776,3
446,Gandhinagar,2024-05-14,63.18168571428571,3
446,Gandhinagar,2024-05-15,63.623564285714295,3
446,Gandhinagar,2024-05-16,65.58362411347517,3
446,Gandhinagar,2024-05-17,61.947083333333325,3
446,Gandhinagar,2024-05-18,61.73030769230769,3
446,Gandhinagar,2024-05-19,61.73486111111111,3
446,Gandhinagar,2024-05-20,61.9541726618705,3
446,Gandhinagar,2024-05-21,62.75167832167832,3
446,Gandhinagar,2024-05-22,61.90248529411764,3
446,Gandhinagar,2024-05-23,62.338730496453906,3
446,Gandhinagar,2024-05-24,62.647557692307686,3
446,Gandhinagar,2024-05-25,63.95472868217054,3
446,Gandhinagar,2024-05-26,65.17913286713286,3
446,Gandhinagar,2024-05-27,63.67685211267605,3
446,Gandhinagar,2024-05-28,64.3197659574468,3
446,Gandhinagar,2024-05-29,63.42777777777778,3
446,Gandhinagar,2024-05-30,63.38036633663366,3
446,Gandhinagar,2024-05-31,64.21685393258427,3
446,Gandhinagar,2024-06-01,63.943296875,3
446,Gandhinagar,2024-06-02,63.79318055555556,3
446,Gandhinagar,2024-06-03,63.52842753623189,3
446,Gandhinagar,2024-06-04,63.52571074380165,3
446,Gandhinagar,2024-06-05,63.43122352941177,3
446,Gandhinagar,2024-06-06,63.52025833333334,3
446,Gandhinagar,2024-06-07,63.305638297872335,3
446,Gandhinagar,2024-06-08,63.52560714285713,3
446,Gandhinagar,2024-06-09,63.64789855072463,3
446,Gandhinagar,2024-06-10,63.74094074074074,3
446,Gandhinagar,2024-06-11,63.08536,3
446,Gandhinagar,2024-06-12,63.53604166666667,3
446,Gandhinagar,2024-06-13,65.13939007092199,3
446,Gandhinagar,2024-06-14,63.189733333333336,3
446,Gandhinagar,2024-06-15,63.173877358490564,3
446,Gandhinagar,2024-06-16,61.90691304347826,3
446,Gandhinagar,2024-06-17,61.79853271028038,3
446,Gandhinagar,2024-06-18,61.96326966292135,3
446,Gandhinagar,2024-06-19,61.97824137931035,3
446,Gandhinagar,2024-06-20,62.59118055555555,3
446,Gandhinagar,2024-06-21,62.63508333333333,3
446,Gandhinagar,2024-06-22,61.81908450704225,3
446,Gandhinagar,2024-06-23,63.18094444444445,3
446,Gandhinagar,2024-06-24,62.897366197183096,3
446,Gandhinagar,2024-06-25,63.867267605633806,3
446,Gandhinagar,2024-06-26,64.01509722222222,3
446,Gandhinagar,2024-06-27,63.889714285714284,3
446,Gandhinagar,2024-06-28,64.24958333333333,3
446,Gandhinagar,2024-06-29,63.882323943661966,3
446,Gandhinagar,2024-06-30,62.206231884057964,3
446,Gandhinagar,2024-07-01,59.822625,3
446,Gandhinagar,2024-07-02,58.01702083333333,2
446,Gandhinagar,2024-07-03,56.77404255319149,3
446,Gandhinagar,2024-07-04,69.84201754385964,2
446,Gandhinagar,2024-07-05,67.35138356164383,2
446,Gandhinagar,2024-07-06,62.45796296296297,2
446,Gandhinagar,2024-07-07,57.72007017543859,2
446,Gandhinagar,2024-07-08,56.81028571428571,2
446,Gandhinagar,2024-07-09,56.71974137931034,3
446,Gandhinagar,2024-07-10,58.2945,3
446,Gandhinagar,2024-07-11,61.46235164835164,3
446,Gandhinagar,2024-07-12,63.54699145299145,3
446,Gandhinagar,2024-07-13,62.92116216216216,3
446,Gandhinagar,2024-07-14,62.65359615384615,3
446,Gandhinagar,2024-07-15,62.98343801652893,3
446,Gandhinagar,2024-07-16,63.34220833333333,3
446,Gandhinagar,2024-07-17,63.26460869565218,3
446,Gandhinagar,2024-07-18,62.92285365853658,3
446,Gandhinagar,2024-07-19,63.270605633802816,3
446,Gandhinagar,2024-07-20,63.47418055555555,3
446,Gandhinagar,2024-07-21,63.604486111111115,3
446,Gandhinagar,2024-07-22,63.63669014084507,3
446,Gandhinagar,2024-07-23,63.16829807692307,3
446,Gandhinagar,2024-07-24,68.71442063492063,3
446,Gandhinagar,2024-07-25,61.76103539823009,3
446,Gandhinagar,2024-07-26,62.43158260869565,3
446,Gandhinagar,2024-07-27,61.50421551724138,3
446,Gandhinagar,2024-07-28,65.96604878048781,3
446,Gandhinagar,2024-07-29,77.3152265625,3
446,Gandhinagar,2024-07-30,67.7439647887324,3
446,Gandhinagar,2024-07-31,62.208892857142864,3
446,Gandhinagar,2024-08-01,62.40181944444444,3
446,Gandhinagar,2024-08-02,62.44014184397163,3
446,Gandhinagar,2024-08-03,62.475893442622954,3
446,Gandhinagar,2024-08-04,62.55625,3
446,Gandhinagar,2024-08-05,62.573377777777786,3
446,Gandhinagar,2024-08-06,62.65473381294964,3
446,Gandhinagar,2024-08-07,62.68999248120301,3
446,Gandhinagar,2024-08-08,62.63207352941176,3
446,Gandhinagar,2024-08-09,62.84392913385827,3
446,Gandhinagar,2024-08-10,62.46347191011236,3
446,Gandhinagar,2024-08-11,62.76212371134021,3
446,Gandhinagar,2024-08-12,62.42583035714286,3
446,Gandhinagar,2024-08-13,62.71148031496063,3
446,Gandhinagar,2024-08-14,62.71774626865672,3
446,Gandhinagar,2024-08-15,62.61324427480917,3
446,Gandhinagar,2024-08-16,62.677635593220344,3
446,Gandhinagar,2024-08-17,63.253230769230775,3
446,Gandhinagar,2024-08-18,63.874,3
446,Gandhinagar,2024-08-19,61.74097674418605,3
446,Gandhinagar,2024-08-20,62.520961904761904,3
446,Gandhinagar,2024-08-21,62.59546031746032,3
446,Gandhinagar,2024-08-22,61.90934285714285,3
446,Gandhinagar,2024-08-23,62.207188524590165,3
446,Gandhinagar,2024-08-24,62.664964285714284,3
446,Gandhinagar,2024-08-25,62.98052380952381,3
446,Gandhinagar,2024-08-26,68.78539130434783,3
446,Gandhinagar,2024-08-27,63.58975384615384,3
446,Gandhinagar,2024-08-28,63.39571764705883,3
446,Gandhinagar,2024-08-29,63.073271999999996,3
446,Gandhinagar,2024-08-30,63.378929577464795,3
446,Gandhinagar,2024-08-31,62.94176865671642,3
446,Gandhinagar,2024-09-01,63.07306451612904,3
446,Gandhinagar,2024-09-02,64.81236879432625,3
446,Gandhinagar,2024-09-03,63.12958156028369,3
446,Gandhinagar,2024-09-04,62.925503546099286,3
446,Gandhinagar,2024-09-05,63.2132676056338,3
446,Gandhinagar,2024-09-06,63.24180985915493,3
446,Gandhinagar,2024-09-07,63.69854285714286,3
446,Gandhinagar,2024-09-08,63.00109489051095,3
446,Gandhinagar,2024-09-09,62.778767605633796,3
446,Gandhinagar,2024-09-10,63.19997163120567,3
446,Gandhinagar,2024-09-11,62.85553956834532,3
446,Gandhinagar,2024-09-12,63.28701438848921,3
446,Gandhinagar,2024-09-13,63.37529078014184,3
446,Gandhinagar,2024-09-14,62.867049645390075,3
446,Gandhinagar,2024-09-15,62.82722695035461,3
446,Gandhinagar,2024-09-16,63.11605833333333,3
446,Gandhinagar,2024-09-17,63.72673015873016,3
446,Gandhinagar,2024-09-18,63.61640579710145,3
446,Gandhinagar,2024-09-19,63.26069285714285,3
446,Gandhinagar,2024-09-20,63.04326950354611,3
446,Gandhinagar,2024-09-21,62.88847142857143,3
446,Gandhinagar,2024-09-22,63.1509776119403,3
446,Gandhinagar,2024-09-23,62.75423943661973,3
446,Gandhinagar,2024-09-24,63.48233070866142,3
446,Gandhinagar,2024-09-25,62.98840566037735,3
446,Gandhinagar,2024-09-26,62.62736065573771,3
446,Gandhinagar,2024-09-27,62.83824822695035,3
446,Gandhinagar,2024-09-28,62.897719696969695,3
446,Gandhinagar,2024-09-29,62.67796,3
446,Gandhinagar,2024-09-30,63.008408333333335,3
446,Gandhinagar,2024-10-01,63.1789,3
446,Gandhinagar,2024-10-02,63.171787234042554,3
446,Gandhinagar,2024-10-03,62.98410071942447,3
446,Gandhinagar,2024-10-04,62.89236428571429,3
446,Gandhinagar,2024-10-05,62.989347517730494,3
446,Gandhinagar,2024-10-06,63.129879699248114,3
446,Gandhinagar,2024-10-07,62.90606617647059,3
446,Gandhinagar,2024-10-08,63.188604316546765,3
446,Gandhinagar,2024-10-09,62.761761194029845,3
446,Gandhinagar,2024-10-10,62.88644525547445,3
446,Gandhinagar,2024-10-11,62.7564104477612,3
446,Gandhinagar,2024-10-12,63.098562962962966,3
446,Gandhinagar,2024-10-13,63.43062857142858,3
446,Gandhinagar,2024-10-14,62.8465,3
446,Gandhinagar,2024-10-15,62.60369343065693,3
446,Gandhinagar,2024-10-16,62.830528,3
446,Gandhinagar,2024-10-17,62.71759090909091,3
446,Gandhinagar,2024-10-18,62.82069784172661,3
446,Gandhinagar,2024-10-19,62.60371428571429,3
446,Gandhinagar,2024-10-20,63.074942148760336,3
446,Gandhinagar,2024-10-21,62.44788976377952,3
446,Gandhinagar,2024-10-22,62.838455223880594,3
446,Gandhinagar,2024-10-23,62.74270542635659,3
446,Gandhinagar,2024-10-24,62.71451181102363,3
446,Gandhinagar,2024-10-25,63.25455,3
446,Gandhinagar,2024-10-26,62.70634453781513,3
446,Gandhinagar,2024-10-27,62.63289552238807,3
446,Gandhinagar,2024-10-28,62.23155555555555,3
446,Gandhinagar,2024-10-29,63.1373,3
446,Gandhinagar,2024-10-30,62.597961165048545,3
446,Gandhinagar,2024-10-31,62.64190441176471,3
446,Gandhinagar,2024-11-01,62.61691729323308,3
446,Gandhinagar,2024-11-02,62.33026277372262,3
446,Gandhinagar,2024-11-03,62.47383846153846,3
446,Gandhinagar,2024-11-04,62.87637795275591,3
446,Gandhinagar,2024-11-05,62.5008203125,3
446,Gandhinagar,2024-11-06,62.32405147058824,3
446,Gandhinagar,2024-11-07,62.75915827338129,3
446,Gandhinagar,2024-11-08,62.749750000000006,3
446,Gandhinagar,2024-11-09,62.56657142857142,3
446,Gandhinagar,2024-11-10,62.32059523809524,3
446,Gandhinagar,2024-11-11,62.444648,3
446,Gandhinagar,2024-11-12,62.35415909090909,3
446,Gandhinagar,2024-11-13,62.2987,3
446,Gandhinagar,2024-11-14,62.51171739130435,3
446,Gandhinagar,2024-11-15,62.29304615384615,3
446,Gandhinagar,2024-11-16,62.55636496350365,3
446,Gandhinagar,2024-11-17,61.99532824427481,3
446,Gandhinagar,2024-11-18,62.43721897810219,3
446,Gandhinagar,2024-11-19,62.177169117647054,3
446,Gandhinagar,2024-11-20,62.32410526315789,3
446,Gandhinagar,2024-11-21,62.470358208955226,3
446,Gandhinagar,2024-11-22,62.65638686131386,3
446,Gandhinagar,2024-11-23,62.48206870229008,3
446,Gandhinagar,2024-11-24,62.669295454545455,3
446,Gandhinagar,2024-11-25,62.827651515151516,3
446,Gandhinagar,2024-11-26,61.95458571428571,3
446,Gandhinagar,2024-11-27,62.22424285714286,3
446,Gandhinagar,2024-11-28,62.764155555555554,3
446,Gandhinagar,2024-11-29,62.6025,3
446,Gandhinagar,2024-11-30,61.86191111111111,3
446,Gandhinagar,2024-12-01,61.50134545454546,3
446,Gandhinagar,2024-12-02,62.488621621621625,3
446,Gandhinagar,2024-12-03,62.1014696969697,3
446,Gandhinagar,2024-12-04,61.67654237288136,3
446,Gandhinagar,2024-12-05,62.10845689655172,3
446,Gandhinagar,2024-12-06,62.68953488372093,3
446,Gandhinagar,2024-12-07,61.79615833333333,3
446,Gandhinagar,2024-12-08,61.527829268292685,3
446,Gandhinagar,2024-12-09,62.02770454545455,3
446,Gandhinagar,2024-12-10,61.55107438016529,3
446,Gandhinagar,2024-12-11,61.909102189781024,3
446,Gandhinagar,2024-12-12,61.99542657342657,3
446,Gandhinagar,2024-12-13,61.97158333333333,3
446,Gandhinagar,2024-12-14,61.74610071942446,3
446,Gandhinagar,2024-12-15,61.927624113475176,3
446,Gandhinagar,2024-12-16,62.03363559322034,3
446,Gandhinagar,2024-12-17,62.850410852713175,3
446,Gandhinagar,2024-12-18,62.318291666666674,3
446,Gandhinagar,2024-12-19,62.03273239436619,3
446,Gandhinagar,2024-12-20,61.975430555555555,3
446,Gandhinagar,2024-12-21,62.22522222222223,3
446,Gandhinagar,2024-12-22,61.656654929577456,3
446,Gandhinagar,2024-12-23,61.539187050359715,3
446,Gandhinagar,2024-12-24,61.532643356643355,3
446,Gandhinagar,2024-12-25,61.48168571428571,3
446,Gandhinagar,2024-12-26,61.75022222222223,3
446,Gandhinagar,2024-12-27,62.12875714285714,3
446,Gandhinagar,2024-12-28,65.834,2
446,Gandhinagar,2024-12-31,61.504439999999995,3
446,Gandhinagar,2025-01-01,61.61033333333334,3
446,Gandhinagar,2025-01-02,62.23224999999999,3
446,Gandhinagar,2025-01-03,62.663538461538465,3
446,Gandhinagar,2025-01-04,61.757056603773584,3
446,Gandhinagar,2025-01-05,61.51404225352113,3
446,Gandhinagar,2025-01-06,61.6405703125,3
446,Gandhinagar,2025-01-07,61.33914388489208,3
446,Gandhinagar,2025-01-08,62.253166666666665,3
446,Gandhinagar,2025-01-09,62.62802816901409,3
446,Gandhinagar,2025-01-10,62.006796747967485,3
446,Gandhinagar,2025-01-11,61.93271428571428,3
446,Gandhinagar,2025-01-12,62.53496428571429,3
446,Gandhinagar,2025-01-13,61.32945045045045,3
446,Gandhinagar,2025-01-14,61.42639259259259,3
446,Gandhinagar,2025-01-15,61.37307462686567,3
446,Gandhinagar,2025-01-16,61.5237676056338,3
446,Gandhinagar,2025-01-17,61.361050724637686,3
446,Gandhinagar,2025-01-18,61.518022388059705,3
446,Gandhinagar,2025-01-19,61.250791044776115,3
446,Gandhinagar,2025-01-20,61.70819708029197,3
446,Gandhinagar,2025-01-21,62.21562809917356,3
446,Gandhinagar,2025-01-22,61.50710256410257,3
446,Gandhinagar,2025-01-23,62.636825,3
446,Gandhinagar,2025-01-24,61.851715447154476,3
446,Gandhinagar,2025-01-25,63.41239823008849,3
446,Gandhinagar,2025-01-26,62.4526862745098,3
446,Gandhinagar,2025-01-27,61.60540845070423,3
446,Gandhinagar,2025-01-28,62.16861417322834,3
446,Gandhinagar,2025-01-29,61.95626277372263,3
446,Gandhinagar,2025-01-30,62.011035460992915,3
446,Gandhinagar,2025-01-31,62.68503676470588,3
446,Gandhinagar,2025-02-01,61.680031250000006,3
446,Gandhinagar,2025-02-03,61.68179487179488,3
446,Gandhinagar,2025-02-04,61.41331884057971,3
446,Gandhinagar,2025-02-05,61.606197183098594,3
446,Gandhinagar,2025-02-06,61.59329166666666,3
446,Gandhinagar,2025-02-07,66.59751388888888,3
446,Gandhinagar,2025-02-08,62.17630434782609,3
446,Gandhinagar,2025-02-09,61.845044117647056,3
446,Gandhinagar,2025-02-10,62.363134751773046,3
446,Gandhinagar,2025-02-11,62.345566433566425,3
446,Gandhinagar,2025-02-12,62.2123661971831,3
446,Gandhinagar,2025-02-13,62.23140140845071,3
446,Gandhinagar,2025-02-14,62.41027464788733,3
446,Gandhinagar,2025-02-15,62.23230158730159,3
446,Gandhinagar,2025-02-16,62.92514084507043,3
446,Gandhinagar,2025-02-17,62.18314960629922,3
446,Gandhinagar,2025-02-18,63.470347517730495,3
446,Gandhinagar,2025-02-19,61.66810606060606,3
446,Gandhinagar,2025-02-20,62.452408,3
446,Gandhinagar,2025-02-21,61.76703759398496,3
446,Gandhinagar,2025-02-22,61.69678181818182,3
446,Gandhinagar,2025-02-23,61.60966666666667,3
446,Gandhinagar,2025-02-24,62.029818181818186,3
446,Gandhinagar,2025-02-25,62.018032967032966,3
446,Gandhinagar,2025-02-27,61.49027777777778,3
446,Gandhinagar,2025-02-28,61.64354961832061,3
446,Gandhinagar,2025-03-01,61.561261904761906,3
446,Gandhinagar,2025-03-02,61.86417518248175,3
446,Gandhinagar,2025-03-03,63.654870503597124,3
446,Gandhinagar,2025-03-04,61.77841549295775,3
446,Gandhinagar,2025-03-05,61.65145,3
446,Gandhinagar,2025-03-06,62.987929824561405,3
446,Gandhinagar,2025-03-07,62.82534722222223,3
446,Gandhinagar,2025-03-08,61.517855555555556,3
446,Gandhinagar,2025-03-09,61.594028571428574,3
446,Gandhinagar,2025-03-10,61.63026612903226,3
446,Gandhinagar,2025-03-11,61.37080575539568,3
446,Gandhinagar,2025-03-12,61.648381294964025,3
446,Gandhinagar,2025-03-13,61.35617647058824,3
446,Gandhinagar,2025-03-14,62.48170422535211,3
446,Gandhinagar,2025-03-15,61.85187121212121,3
446,Gandhinagar,2025-03-16,61.961298387096775,3
446,Gandhinagar,2025-03-17,61.968865248226955,3
446,Gandhinagar,2025-03-18,63.29386029411765,3
446,Gandhinagar,2025-03-19,62.719871212121205,3
446,Gandhinagar,2025-03-20,63.04304672897196,3
446,Gandhinagar,2025-03-21,62.05101587301587,3
446,Gandhinagar,2025-03-22,61.60289705882354,3
446,Gandhinagar,2025-03-23,61.43769014084507,3
446,Gandhinagar,2025-03-24,62.13767605633802,3
446,Gandhinagar,2025-03-25,62.244722222222215,3
446,Gandhinagar,2025-03-26,63.6772,3
446,Gandhinagar,2025-03-27,62.63110852713178,3
446,Gandhinagar,2025-03-28,62.37456880733945,3
446,Gandhinagar,2025-03-29,61.48777586206897,3
446,Gandhinagar,2025-03-30,61.36904545454546,3
446,Gandhinagar,2025-03-31,61.768201492537315,3
446,Gandhinagar,2025-04-01,62.630212121212125,3
446,Gandhinagar,2025-04-02,61.9157591240876,3
446,Gandhinagar,2025-04-03,61.750534653465344,3
446,Gandhinagar,2025-04-04,61.725186440677966,3
446,Gandhinagar,2025-04-05,61.48892307692308,3
446,Gandhinagar,2025-04-06,62.39091666666667,3
446,Gandhinagar,2025-04-07,61.75180952380953,3
446,Gandhinagar,2025-04-08,62.022511111111115,3
446,Gandhinagar,2025-04-09,61.23751515151515,3
446,Gandhinagar,2025-04-10,61.82474814814815,3
446,Gandhinagar,2025-04-11,62.65220863309352,3
446,Gandhinagar,2025-04-12,63.023964285714285,3
446,Gandhinagar,2025-04-13,62.28100724637682,3
446,Gandhinagar,2025-04-14,61.996739130434776,3
446,Gandhinagar,2025-04-15,62.28437226277373,3
446,Gandhinagar,2025-04-16,64.44285046728972,3
446,Gandhinagar,2025-04-17,63.625458333333334,3
446,Gandhinagar,2025-04-18,61.35508163265306,3
446,Gandhinagar,2025-04-19,61.85321538461538,3
446,Gandhinagar,2025-04-20,61.91488888888889,3
446,Gandhinagar,2025-04-21,61.81917204301075,3
446,Gandhinagar,2025-04-22,61.87986666666667,3
446,Gandhinagar,2025-04-23,61.1823652173913,3
446,Gandhinagar,2025-04-24,61.499641025641026,3
446,Gandhinagar,2025-04-25,60.7081978021978,3
446,Gandhinagar,2025-04-26,62.555910891089106,3
446,Gandhinagar,2025-04-27,61.82162295081967,3
446,Gandhinagar,2025-04-28,61.2035,3
446,Gandhinagar,2025-04-29,62.15212037037037,3
446,Gandhinagar,2025-04-30,62.02866666666667,3
446,Gandhinagar,2025-05-01,62.458441558441564,3
446,Gandhinagar,2025-05-02,62.169852272727276,3
446,Gandhinagar,2025-05-03,62.25340677966102,3
446,Gandhinagar,2025-05-04,61.91643902439024,3
446,Gandhinagar,2025-05-06,62.832181818181816,3
446,Gandhinagar,2025-05-07,61.821943089430896,3
446,Gandhinagar,2025-05-08,61.69743269230769,3
446,Gandhinagar,2025-05-09,61.370780487804886,3
446,Gandhinagar,2025-05-10,61.46765957446809,3
446,Gandhinagar,2025-05-11,61.318191176470584,3
446,Gandhinagar,2025-05-12,61.50552941176471,3
446,Gandhinagar,2025-05-13,61.92267692307693,3
446,Gandhinagar,2025-05-14,61.37128571428572,3
446,Gandhinagar,2025-05-15,60.905328125,3
446,Gandhinagar,2025-05-16,61.94429032258065,3
446,Gandhinagar,2025-05-17,62.14510344827586,3
446,Gandhinagar,2025-05-18,61.44912711864407,3
446,Gandhinagar,2025-05-19,62.03479032258065,3
446,Gandhinagar,2025-05-20,61.8519702970297,3
446,Gandhinagar,2025-05-21,61.7001953125,3
446,Gandhinagar,2025-05-22,61.4789175257732,3
446,Gandhinagar,2025-05-23,62.11611214953271,3
446,Gandhinagar,2025-05-24,61.852206521739134,3
446,Gandhinagar,2025-05-25,61.655339285714284,3
446,Gandhinagar,2025-05-26,62.669515625,3
446,Gandhinagar,2025-05-27,62.02968595041322,3
446,Gandhinagar,2025-05-28,62.278909090909096,3
446,Gandhinagar,2025-05-29,61.60527118644068,3
446,Gandhinagar,2025-05-30,62.02102985074627,3
446,Gandhinagar,2025-05-31,61.738149425287354,3
446,Gandhinagar,2025-06-01,61.66559829059829,3
446,Gandhinagar,2025-06-02,61.99235971223022,3
446,Gandhinagar,2025-06-03,61.43165625,3
446,Gandhinagar,2025-06-04,61.51672289156627,3
446,Gandhinagar,2025-06-05,61.38205833333333,3
446,Gandhinagar,2025-06-06,61.617847826086965,3
446,Gandhinagar,2025-06-07,61.35287121212121,3
446,Gandhinagar,2025-06-08,61.630760683760684,3
446,Gandhinagar,2025-06-09,61.36350467289719,3
446,Gandhinagar,2025-06-10,61.622253968253965,3
446,Gandhinagar,2025-06-11,61.3380390625,3
446,Gandhinagar,2025-06-12,61.57922764227642,3
446,Gandhinagar,2025-06-13,61.52736923076923,3
446,Gandhinagar,2025-06-14,61.89784782608696,3
446,Gandhinagar,2025-06-15,65.36952592592593,3
446,Gandhinagar,2025-06-16,62.02907407407407,3
446,Gandhinagar,2025-06-17,61.53763157894737,3
446,Gandhinagar,2025-06-18,61.50259558823529,3
446,Gandhinagar,2025-06-19,61.7057,3
446,Gandhinagar,2025-06-20,61.02755056179775,3
446,Gandhinagar,2025-06-21,61.43391304347826,3
446,Gandhinagar,2025-06-22,62.07123529411765,3
446,Gandhinagar,2025-06-23,61.692433734939755,3
446,Gandhinagar,2025-06-24,61.646841269841275,3
446,Gandhinagar,2025-06-25,61.72138461538462,3
446,Gandhinagar,2025-06-26,61.757953125,3
446,Gandhinagar,2025-06-27,61.53961290322581,3
446,Gandhinagar,2025-06-28,61.28426923076923,3
446,Gandhinagar,2025-06-29,65.31695555555555,2
446,Gandhinagar,2025-06-30,61.18687777777778,3
446,Gandhinagar,2025-07-01,61.21977528089888,3
446,Gandhinagar,2025-07-02,61.235473684210525,3
446,Gandhinagar,2025-07-03,61.39590588235294,3
446,Gandhinagar,2025-07-04,61.14387096774194,3
446,Gandhinagar,2025-07-05,62.81267901234568,3
446,Gandhinagar,2025-07-06,62.507402777777784,3
446,Gandhinagar,2025-07-07,62.53440277777778,3
446,Gandhinagar,2025-07-08,62.423859813084114,3
446,Gandhinagar,2025-07-09,62.29773636363637,3
446,Gandhinagar,2025-07-10,62.51301869158878,3
446,Gandhinagar,2025-07-11,63.02168627450981,3
446,Gandhinagar,2025-07-12,62.814416666666666,3
446,Gandhinagar,2025-07-13,62.86514084507043,3
446,Gandhinagar,2025-07-14,62.78111111111111,3
446,Gandhinagar,2025-07-15,62.9554,3
446,Gandhinagar,2025-07-20,62.802236111111114,3
446,Gandhinagar,2025-07-21,62.76675324675325,3
446,Gandhinagar,2025-07-22,62.937380434782604,3
446,Gandhinagar,2025-07-23,62.70724242424242,3
446,Gandhinagar,2025-07-24,62.78458620689655,3
446,Gandhinagar,2025-07-27,62.98636538461539,3
446,Gandhinagar,2025-07-28,63.02851485148515,3
446,Gandhinagar,2025-07-29,62.96877272727273,3
446,Gandhinagar,2025-07-30,62.816875,3
446,Gandhinagar,2025-07-31,62.95967391304348,3
446,Gandhinagar,2025-08-01,63.13650980392157,3
446,Gandhinagar,2025-08-02,62.81193670886076,3
446,Gandhinagar,2025-08-03,62.62765714285714,3
446,Gandhinagar,2025-08-04,62.79888421052632,3
446,Gandhinagar,2025-08-05,62.81008333333333,3
446,Gandhinagar,2025-08-06,62.84787628865979,3
446,Gandhinagar,2025-08-07,62.846509999999995,3
446,Gandhinagar,2025-08-08,62.9347,3
446,Gandhinagar,2025-08-09,63.40481944444444,3
446,Gandhinagar,2025-08-10,62.700722222222225,3
446,Gandhinagar,2025-08-11,62.705975409836064,3
446,Gandhinagar,2025-08-12,63.06421052631579,3
446,Gandhinagar,2025-08-13,62.8572676056338,3
446,Gandhinagar,2025-08-14,62.91083146067416,3
446,Gandhinagar,2025-08-15,63.056106382978726,3
446,Gandhinagar,2025-08-16,62.92646808510638,3
446,Gandhinagar,2025-08-17,62.98364406779661,3
446,Gandhinagar,2025-08-18,64.14818181818181,3
446,Gandhinagar,2025-08-20,61.913459183673474,3
446,Gandhinagar,2025-08-21,61.99491836734694,3
446,Gandhinagar,2025-08-22,62.01876666666667,3
446,Gandhinagar,2025-08-23,61.24836666666667,3
446,Gandhinagar,2025-08-24,61.39316853932584,3
446,Gandhinagar,2025-08-25,60.99406666666667,3
446,Gandhinagar,2025-08-27,61.848282608695655,3
446,Gandhinagar,2025-08-28,62.364911111111105,3
446,Gandhinagar,2025-09-01,62.10242045454545,3
446,Gandhinagar,2025-09-02,62.62137234042553,3
446,Gandhinagar,2025-09-03,62.64585185185186,3
446,Gandhinagar,2025-09-04,62.872074626865675,3
446,Gandhinagar,2025-09-05,62.92636764705883,3
446,Gandhinagar,2025-09-06,61.59301298701299,3
446,Gandhinagar,2025-09-07,62.35930434782608,3
446,Gandhinagar,2025-09-08,62.42865116279069,3
446,Gandhinagar,2025-09-09,61.99394680851064,3
446,Gandhinagar,2025-09-10,62.11336633663366,3
446,Gandhinagar,2025-09-11,61.78755670103093,3
446,Gandhinagar,2025-09-12,62.21562365591398,3
446,Gandhinagar,2025-09-13,62.13263265306122,3
446,Gandhinagar,2025-09-14,62.66896808510638,3
446,Gandhinagar,2025-09-15,62.437585858585855,3
446,Gandhinagar,2025-09-16,62.69197849462366,3
446,Gandhinagar,2025-09-17,62.310979591836734,3
446,Gandhinagar,2025-09-18,62.37963157894736,3
446,Gandhinagar,2025-09-20,62.72282857142857,3
446,Gandhinagar,2025-09-21,62.80540277777777,3
446,Gandhinagar,2025-09-22,62.685753623188404,3
446,Gandhinagar,2025-09-23,62.975855072463766,3
446,Gandhinagar,2025-09-24,63.0373611111111,3
446,Gandhinagar,2025-09-25,63.046328571428575,3
446,Gandhinagar,2025-09-26,63.444385714285715,3
446,Gandhinagar,2025-09-27,63.18869444444445,3
446,Gandhinagar,2025-09-28,63.068847222222225,3
446,Gandhinagar,2025-09-29,63.04434285714286,3
446,Gandhinagar,2025-09-30,62.750263888888895,3
446,Gandhinagar,2025-10-01,63.3680985915493,3
446,Gandhinagar,2025-10-02,63.107690140845065,3
446,Gandhinagar,2025-10-03,62.97517142857142,3
446,Gandhinagar,2025-10-04,63.025,3
446,Gandhinagar,2025-10-05,62.83487323943662,3
446,Gandhinagar,2025-10-06,62.74474285714285,3
446,Gandhinagar,2025-10-07,62.667722222222224,3
446,Gandhinagar,2025-10-08,63.78355714285715,3
446,Gandhinagar,2025-10-09,63.493169014084515,3
446,Gandhinagar,2025-10-10,62.88843478260869,3
446,Gandhinagar,2025-10-11,63.07857746478873,3
446,Gandhinagar,2025-10-12,63.419691176470586,3
446,Gandhinagar,2025-10-13,63.36785714285714,3
446,Gandhinagar,2025-10-14,63.70830555555555,3
446,Gandhinagar,2025-10-15,63.887,3
446,Gandhinagar,2025-10-16,63.81786666666667,3
446,Gandhinagar,2025-10-17,63.13041176470589,3
446,Gandhinagar,2025-10-18,63.24004285714285,3
446,Gandhinagar,2025-10-19,62.89691549295774,3
446,Gandhinagar,2025-10-20,63.53672857142857,3
446,Gandhinagar,2025-10-21,63.84511267605633,3
446,Gandhinagar,2025-10-22,63.35636231884058,3
446,Gandhinagar,2025-10-23,64.02738571428571,3
446,Gandhinagar,2025-10-24,63.30459722222221,3
446,Gandhinagar,2025-10-25,63.44965277777778,3
446,Gandhinagar,2025-10-26,62.58847142857143,3
446,Gandhinagar,2025-10-27,62.73069444444444,3
446,Gandhinagar,2025-10-28,62.576499999999996,3
446,Gandhinagar,2025-10-29,63.26504166666666,3
446,Gandhinagar,2025-10-30,63.252915492957754,3
446,Gandhinagar,2025-10-31,62.72168571428571,3
446,Gandhinagar,2025-11-01,62.57318571428571,3
446,Gandhinagar,2025-11-02,63.40873239436619,3
446,Gandhinagar,2025-11-03,63.21715492957746,3
446,Gandhinagar,2025-11-04,62.79856338028169,3
446,Gandhinagar,2025-11-05,63.684666666666665,3
446,Gandhinagar,2025-11-07,63.49016666666666,3
446,Gandhinagar,2025-11-08,63.009,3
446,Gandhinagar,2025-11-09,62.871507042253526,3
446,Gandhinagar,2025-11-10,63.66384285714286,3
446,Gandhinagar,2025-11-11,63.38774647887323,3
446,Gandhinagar,2025-11-12,63.401529411764706,3
446,Gandhinagar,2025-11-13,64.09908695652173,3
446,Gandhinagar,2025-11-14,65.48742857142857,3
446,Gandhinagar,2025-11-15,62.52676470588235,3
446,Gandhinagar,2025-11-22,63.36475,3
446,Gandhinagar,2025-11-23,63.883153846153846,3
446,Gandhinagar,2025-11-24,63.49958461538461,3
446,Gandhinagar,2025-11-25,63.6389298245614,3
446,Gandhinagar,2025-11-26,62.878033898305084,3
446,Gandhinagar,2025-11-27,62.356522727272726,3
446,Gandhinagar,2025-11-30,63.3091,3
446,Gandhinagar,2025-12-01,64.014875,3
446,Gandhinagar,2025-12-02,63.343646153846144,3
446,Gandhinagar,2025-12-03,63.403136363636364,3
446,Gandhinagar,2025-12-04,63.00717647058824,3
446,Gandhinagar,2025-12-05,64.96887719298246,3
446,Gandhinagar,2025-12-06,68.88857777777777,2
446,Gandhinagar,2025-12-07,67.75606666666667,2
446,Gandhinagar,2025-12-08,67.44784444444444,2
446,Gandhinagar,2025-12-09,67.44406666666667,2
446,Gandhinagar,2025-12-10,66.98768888888888,2
446,Gandhinagar,2025-12-11,66.61674468085107,2
446,Gandhinagar,2025-12-12,66.62029787234043,2
446,Gandhinagar,2025-12-13,67.9899574468085,2
446,Gandhinagar,2025-12-14,68.8355625,2
446,Gandhinagar,2025-12-15,69.14524999999999,2
446,Gandhinagar,2025-12-16,69.07925,2
446,Gandhinagar,2025-12-17,68.8937659574468,2
446,Gandhinagar,2025-12-18,68.39448936170213,2
446,Gandhinagar,2025-12-19,68.931875,2
446,Gandhinagar,2025-12-20,68.2503947368421,2
446,Gandhinagar,2025-12-21,68.43688235294117,2
446,Gandhinagar,2025-12-22,68.13164583333334,2
446,Gandhinagar,2025-12-23,67.91241304347827,2
446,Gandhinagar,2025-12-24,68.85941666666666,2
446,Gandhinagar,2025-12-25,68.88841666666666,2
446,Gandhinagar,2025-12-26,69.52020833333333,2
446,Gandhinagar,2025-12-27,69.65838297872341,2
446,Gandhinagar,2025-12-28,69.16434090909091,2
446,Gandhinagar,2025-12-29,68.77079166666667,2
446,Gandhinagar,2025-12-30,68.88962500000001,2
446,Gandhinagar,2025-12-31,68.4926170212766,2
450,Kheda,2021-01-03,24.83,1
450,Kheda,2021-01-06,53.147999999999996,2
450,Kheda,2021-01-07,78.886,1
450,Kheda,2021-01-08,24.7365,2
450,Kheda,2021-01-09,62.13550000000001,2
450,Kheda,2021-01-10,53.2785,2
450,Kheda,2021-02-01,35.2335,2
450,Kheda,2021-02-10,69.845,1
450,Kheda,2021-03-01,69.794,1
450,Kheda,2021-03-02,24.355,1
450,Kheda,2021-03-03,35.059,1
450,Kheda,2021-03-04,45.411,1
450,Kheda,2021-03-06,3.389,1
450,Kheda,2021-03-13,57.0815,2
450,Kheda,2021-03-14,23.837,1
450,Kheda,2021-03-15,57.5795,2
450,Kheda,2021-03-20,30.37,2
450,Kheda,2021-03-21,35.724,1
450,Kheda,2021-03-24,35.3935,1
450,Kheda,2021-03-25,67.009,2
450,Kheda,2021-04-01,35.45,1
450,Kheda,2021-04-02,25.55,1
450,Kheda,2021-04-04,35.154,1
450,Kheda,2021-04-05,39.947874999999996,1
450,Kheda,2021-04-06,39.23004,2
450,Kheda,2021-04-07,41.32870833333333,2
450,Kheda,2021-04-08,36.7168,1
450,Kheda,2021-04-09,25.7065,2
450,Kheda,2021-04-11,47.6715,2
450,Kheda,2021-04-12,35.34,1
450,Kheda,2021-04-16,25.188,1
450,Kheda,2021-04-18,45.368,1
450,Kheda,2021-04-19,45.305,1
450,Kheda,2021-04-20,29.37055172413793,2
450,Kheda,2021-04-21,31.12241052631579,2
450,Kheda,2021-04-22,31.102170212765955,2
450,Kheda,2021-04-23,31.103895833333336,2
450,Kheda,2021-04-24,31.036041237113402,2
450,Kheda,2021-04-25,31.048216494845363,2
450,Kheda,2021-04-26,31.099395833333332,2
450,Kheda,2021-04-27,31.097166666666666,2
450,Kheda,2021-04-28,31.102395833333333,2
450,Kheda,2021-04-29,31.072208333333332,2
450,Kheda,2021-04-30,31.124031578947367,2
450,Kheda,2021-05-01,31.102958333333333,2
450,Kheda,2021-05-02,31.173979381443303,2
450,Kheda,2021-05-03,31.109020833333332,2
450,Kheda,2021-05-04,31.10591666666667,2
450,Kheda,2021-05-05,31.074583333333333,2
450,Kheda,2021-05-06,31.096875,2
450,Kheda,2021-05-07,31.32726086956522,2
450,Kheda,2021-05-08,58.9865,2
450,Kheda,2021-05-09,79.422,1
450,Kheda,2021-05-10,0.64,1
450,Kheda,2021-05-12,78.909,1
450,Kheda,2021-05-15,78.69,1
450,Kheda,2021-05-18,45.392,1
450,Kheda,2021-05-20,31.983999999999998,2
450,Kheda,2021-05-21,31.336135416666668,3
450,Kheda,2021-05-22,30.666698924731186,2
450,Kheda,2021-05-23,30.858294736842105,3
450,Kheda,2021-05-24,30.793061855670103,3
450,Kheda,2021-05-25,30.322315789473684,2
450,Kheda,2021-05-26,30.183791666666664,2
450,Kheda,2021-05-27,32.06281914893617,2
450,Kheda,2021-05-28,30.03584210526316,3
450,Kheda,2021-05-29,30.646071428571428,3
450,Kheda,2021-05-30,30.20526595744681,2
450,Kheda,2021-05-31,30.586627659574468,2
450,Kheda,2021-06-01,30.65605319148936,2
450,Kheda,2021-06-02,30.590898876404495,2
450,Kheda,2021-06-03,30.627627659574465,2
450,Kheda,2021-06-04,31.40684210526316,3
450,Kheda,2021-06-05,24.772436974789915,6
450,Kheda,2021-06-06,17.069025773195875,6
450,Kheda,2021-06-07,22.725941176470588,6
450,Kheda,2021-06-08,30.653052631578948,2
450,Kheda,2021-06-09,31.273750000000003,3
450,Kheda,2021-06-10,31.762329896907215,4
450,Kheda,2021-06-11,31.096393617021278,2
450,Kheda,2021-06-12,31.177134831460673,2
450,Kheda,2021-06-13,30.84155555555556,2
450,Kheda,2021-06-14,30.94883157894737,2
450,Kheda,2021-06-15,30.94251578947368,2
450,Kheda,2021-06-16,34.89492156862745,3
450,Kheda,2021-06-17,40.03477777777778,4
450,Kheda,2021-06-18,40.14834848484849,4
450,Kheda,2021-06-19,36.29611194029851,4
450,Kheda,2021-06-20,31.790165289256198,4
450,Kheda,2021-06-21,30.724722222222223,4
450,Kheda,2021-06-22,30.50862105263158,2
450,Kheda,2021-06-23,23.58975,6
450,Kheda,2021-06-24,17.526175824175827,6
450,Kheda,2021-06-25,20.78422147651007,6
450,Kheda,2021-06-26,24.963741666666667,3
450,Kheda,2021-06-27,24.888840336134454,3
450,Kheda,2021-06-28,25.471505263157898,4
450,Kheda,2021-06-29,23.31533962264151,4
450,Kheda,2021-06-30,21.957575342465752,5
450,Kheda,2021-07-01,12.646322175732218,6
450,Kheda,2021-07-02,13.33773962264151,6
450,Kheda,2021-07-03,12.93520817843866,6
450,Kheda,2021-07-04,14.233350210970464,5
450,Kheda,2021-07-05,17.147434108527133,5
450,Kheda,2021-07-06,40.69554255319149,4
450,Kheda,2021-07-07,52.598519083969464,4
450,Kheda,2021-07-08,48.096328703703705,6
450,Kheda,2021-07-09,47.126968127490045,6
450,Kheda,2021-07-10,47.23424468085106,6
450,Kheda,2021-07-11,47.36043307086614,6
450,Kheda,2021-07-12,46.819325203252035,6
450,Kheda,2021-07-13,46.92371428571428,6
450,Kheda,2021-07-14,46.446430604982204,6
450,Kheda,2021-07-15,46.46746376811594,6
450,Kheda,2021-07-16,46.754485815602834,6
450,Kheda,2021-07-17,46.439875,6
450,Kheda,2021-07-18,46.736271428571435,6
450,Kheda,2021-07-19,46.43900716845878,6
450,Kheda,2021-07-20,46.50964561403509,6
450,Kheda,2021-07-21,46.326861111111114,6
450,Kheda,2021-07-22,46.479895470383276,6
450,Kheda,2021-07-23,46.36972759856631,6
450,Kheda,2021-07-24,46.4458701754386,6
450,Kheda,2021-07-25,46.342873684210524,6
450,Kheda,2021-07-26,46.4846013986014,6
450,Kheda,2021-07-27,46.775081272084805,6
450,Kheda,2021-07-28,46.6121052631579,6
450,Kheda,2021-07-29,46.44044912280702,6
450,Kheda,2021-07-30,46.559622377622375,6
450,Kheda,2021-07-31,46.49817993079585,6
450,Kheda,2021-08-01,46.49511660777385,6
450,Kheda,2021-08-02,46.53423793103448,6
450,Kheda,2021-08-03,48.66805594405594,6
450,Kheda,2021-08-04,46.337776595744685,6
450,Kheda,2021-08-05,46.437056140350876,6
450,Kheda,2021-08-06,46.81686315789474,6
450,Kheda,2021-08-07,46.47934843205575,6
450,Kheda,2021-08-08,46.39738709677419,6
450,Kheda,2021-08-09,46.42841843971631,6
450,Kheda,2021-08-10,46.32806993006993,6
450,Kheda,2021-08-11,46.461507042253515,6
450,Kheda,2021-08-12,46.36263286713287,6
450,Kheda,2021-08-13,46.5171993006993,6
450,Kheda,2021-08-14,46.64722727272727,6
450,Kheda,2021-08-15,46.068264925373136,6
450,Kheda,2021-08-16,46.627506993006996,6
450,Kheda,2021-08-17,46.365300699300704,6
450,Kheda,2021-08-18,46.867605734767025,6
450,Kheda,2021-08-19,46.70108013937283,6
450,Kheda,2021-08-20,46.456185314685314,6
450,Kheda,2021-08-21,46.583443661971835,6
450,Kheda,2021-08-22,46.366597173144875,6
450,Kheda,2021-08-23,46.6251013986014,6
450,Kheda,2021-08-24,49.1581881533101,6
450,Kheda,2021-08-25,46.11823776223776,6
450,Kheda,2021-08-26,46.58528873239437,6
450,Kheda,2021-08-27,46.50051748251748,6
450,Kheda,2021-08-28,46.55914035087719,6
450,Kheda,2021-08-29,46.367937500000004,6
450,Kheda,2021-08-30,46.23845774647887,6
450,Kheda,2021-08-31,46.19909122807017,6
450,Kheda,2021-09-01,46.856175,6
450,Kheda,2021-09-02,48.487416370106764,6
450,Kheda,2021-09-03,46.271034965034964,6
450,Kheda,2021-09-04,47.19720350877193,6
450,Kheda,2021-09-05,46.513073684210525,6
450,Kheda,2021-09-06,46.933402097902096,6
450,Kheda,2021-09-07,47.23315636363637,6
450,Kheda,2021-09-08,51.40440310077519,6
450,Kheda,2021-09-09,49.02052734375,6
450,Kheda,2021-09-10,49.5068016194332,6
450,Kheda,2021-09-11,49.57561568627451,6
450,Kheda,2021-09-12,50.253244897959185,6
450,Kheda,2021-09-13,51.02773983739838,6
450,Kheda,2021-09-14,50.127595141700404,6
450,Kheda,2021-09-15,50.660730612244905,6
450,Kheda,2021-09-16,49.06940697674418,6
450,Kheda,2021-09-17,49.28246332046332,6
450,Kheda,2021-09-18,48.87242145593869,6
450,Kheda,2021-09-19,49.04425660377358,6
450,Kheda,2021-09-20,48.83272932330827,6
450,Kheda,2021-09-21,49.34345895522388,6
450,Kheda,2021-09-22,49.29841538461538,6
450,Kheda,2021-09-23,49.36130337078652,6
450,Kheda,2021-09-24,49.09574721189591,6
450,Kheda,2021-09-25,49.11443233082707,6
450,Kheda,2021-09-26,48.905847908745244,6
450,Kheda,2021-09-27,49.017346007604566,6
450,Kheda,2021-09-28,48.79301893939394,6
450,Kheda,2021-09-29,48.70084586466165,6
450,Kheda,2021-09-30,48.47279699248121,6
450,Kheda,2021-10-01,48.63247744360902,6
450,Kheda,2021-10-02,48.858558139534885,6
450,Kheda,2021-10-03,49.39681176470588,6
450,Kheda,2021-10-04,48.84996538461539,6
450,Kheda,2021-10-05,47.33105466237942,6
450,Kheda,2021-10-06,48.044446666666666,6
450,Kheda,2021-10-07,48.65843816254417,6
450,Kheda,2021-10-08,49.68011267605634,6
450,Kheda,2021-10-09,49.06494871794872,6
450,Kheda,2021-10-10,49.90993560606061,6
450,Kheda,2021-10-11,50.316562737642585,6
450,Kheda,2021-10-12,49.919,6
450,Kheda,2021-10-13,48.99149063670412,6
450,Kheda,2021-10-14,48.9207786259542,6
450,Kheda,2021-10-15,49.54002661596958,6
450,Kheda,2021-10-16,48.26706028368794,6
450,Kheda,2021-10-17,49.69458364312268,6
450,Kheda,2021-10-18,50.48324803149607,6
450,Kheda,2021-10-19,49.44251893939394,6
450,Kheda,2021-10-20,49.77681007751938,6
450,Kheda,2021-10-21,49.757904958677685,6
450,Kheda,2021-10-22,49.81347950819672,6
450,Kheda,2021-10-23,49.81028185328185,6
450,Kheda,2021-10-24,49.4391828358209,6
450,Kheda,2021-10-25,49.657000000000004,6
450,Kheda,2021-10-26,50.086046692607,6
450,Kheda,2021-10-27,49.16350378787879,6
450,Kheda,2021-10-28,46.85739649122807,6
450,Kheda,2021-10-29,47.1126164874552,6
450,Kheda,2021-10-30,48.60560236220473,6
450,Kheda,2021-10-31,50.517389763779526,6
450,Kheda,2021-11-01,50.07601244813278,6
450,Kheda,2021-11-02,50.70281967213114,6
450,Kheda,2021-11-03,49.39739312977099,6
450,Kheda,2021-11-04,49.25478378378378,6
450,Kheda,2021-11-05,49.473205426356586,6
450,Kheda,2021-11-06,49.550960159362546,6
450,Kheda,2021-11-07,50.23473015873016,6
450,Kheda,2021-11-08,47.39811983471074,6
450,Kheda,2021-11-09,48.08924152542373,6
450,Kheda,2021-11-10,48.63743824701195,6
450,Kheda,2021-11-11,49.04044696969697,6
450,Kheda,2021-11-12,48.79649411764706,6
450,Kheda,2021-11-13,49.31749212598425,6
450,Kheda,2021-11-14,49.133826923076924,6
450,Kheda,2021-11-15,48.6641796875,6
450,Kheda,2021-11-16,48.483301886792454,6
450,Kheda,2021-11-17,47.37725830258303,6
450,Kheda,2021-11-18,48.9240703125,6
450,Kheda,2021-11-19,49.41240157480315,6
450,Kheda,2021-11-20,50.05397540983606,6
450,Kheda,2021-11-21,48.89353333333334,6
450,Kheda,2021-11-22,49.282453124999996,6
450,Kheda,2021-11-23,49.512234375,6
450,Kheda,2021-11-24,49.37928346456693,6
450,Kheda,2021-11-25,51.5790234375,6
450,Kheda,2021-11-26,48.59795019157088,6
450,Kheda,2021-11-27,46.55495438596491,6
450,Kheda,2021-11-28,46.59524041811847,6
450,Kheda,2021-11-29,46.659262975778546,6
450,Kheda,2021-11-30,47.16222834645669,6
450,Kheda,2021-12-01,47.69153658536585,6
450,Kheda,2021-12-02,48.20235877862596,6
450,Kheda,2021-12-03,48.745816793893134,6
450,Kheda,2021-12-04,48.3809053030303,6
450,Kheda,2021-12-05,48.73013409961686,6
450,Kheda,2021-12-06,49.2414765625,6
450,Kheda,2021-12-07,49.59954581673307,6
450,Kheda,2021-12-08,49.2878671875,6
450,Kheda,2021-12-09,48.804259842519684,6
450,Kheda,2021-12-10,48.91500778210116,6
450,Kheda,2021-12-11,48.789410852713175,6
450,Kheda,2021-12-12,49.06904263565892,6
450,Kheda,2021-12-13,49.36105905511811,6
450,Kheda,2021-12-14,49.41733333333333,6
450,Kheda,2021-12-15,49.041872000000005,6
450,Kheda,2021-12-16,48.16194296577947,6
450,Kheda,2021-12-17,48.635191570881226,6
450,Kheda,2021-12-18,48.81036923076923,6
450,Kheda,2021-12-19,48.75520992366412,6
450,Kheda,2021-12-20,49.03666666666667,6
450,Kheda,2021-12-21,48.83637164750958,6
450,Kheda,2021-12-22,48.916666666666664,6
450,Kheda,2021-12-23,49.40522745098039,6
450,Kheda,2021-12-24,47.43144565217391,6
450,Kheda,2021-12-25,47.41216296296296,6
450,Kheda,2021-12-26,46.686391459074734,6
450,Kheda,2021-12-27,47.44653090909091,6
450,Kheda,2021-12-28,48.755347826086954,6
450,Kheda,2021-12-29,48.68463601532567,6
450,Kheda,2021-12-30,49.26075984251968,6
450,Kheda,2021-12-31,49.518996031746035,6
450,Kheda,2022-01-01,48.84611583011583,6
450,Kheda,2022-01-02,49.52638188976378,6
450,Kheda,2022-01-03,48.57001893939394,6
450,Kheda,2022-01-04,48.96040157480314,6
450,Kheda,2022-01-05,49.59683794466403,6
450,Kheda,2022-01-06,49.31776171875,6
450,Kheda,2022-01-07,49.51472440944882,6
450,Kheda,2022-01-08,49.569150406504065,6
450,Kheda,2022-01-09,49.151607843137256,6
450,Kheda,2022-01-10,47.98663218390805,6
450,Kheda,2022-01-11,48.58193486590039,6
450,Kheda,2022-01-12,49.635294820717135,6
450,Kheda,2022-01-13,49.507380952380956,6
450,Kheda,2022-01-14,48.708334630350194,6
450,Kheda,2022-01-15,49.764620967741934,6
450,Kheda,2022-01-16,49.1428984375,6
450,Kheda,2022-01-17,48.36755823293173,6
450,Kheda,2022-01-18,48.82704633204633,6
450,Kheda,2022-01-19,49.31794023904382,6
450,Kheda,2022-01-20,47.38444402985075,6
450,Kheda,2022-01-21,49.4337935222672,6
450,Kheda,2022-01-22,48.45536121673004,6
450,Kheda,2022-01-23,49.14869379844961,6
450,Kheda,2022-01-24,48.85742528735632,6
450,Kheda,2022-01-25,49.03334375,6
450,Kheda,2022-01-26,50.23298380566802,6
450,Kheda,2022-01-27,49.365658823529415,6
450,Kheda,2022-01-28,49.57325896414343,6
450,Kheda,2022-01-29,49.44205098039215,6
450,Kheda,2022-01-30,49.526199203187254,6
450,Kheda,2022-01-31,49.69380327868853,6
450,Kheda,2022-02-01,49.183576470588235,6
450,Kheda,2022-02-02,47.28532,6
450,Kheda,2022-02-03,49.24055859375,6
450,Kheda,2022-02-04,49.31850787401575,6
450,Kheda,2022-02-05,48.680414448669204,6
450,Kheda,2022-02-06,48.95077307692307,6
450,Kheda,2022-02-07,49.108996124031,6
450,Kheda,2022-02-08,49.33075098814229,6
450,Kheda,2022-02-09,49.16733463035019,6
450,Kheda,2022-02-10,49.40606666666667,6
450,Kheda,2022-02-11,48.98522222222222,6
450,Kheda,2022-02-12,49.343521912350596,6
450,Kheda,2022-02-13,49.45256126482213,6
450,Kheda,2022-02-14,49.47566666666667,6
450,Kheda,2022-02-15,49.49491235059761,6
450,Kheda,2022-02-16,48.939763565891475,6
450,Kheda,2022-02-17,49.11092941176471,6
450,Kheda,2022-02-18,49.8649437751004,6
450,Kheda,2022-02-19,49.91140725806452,6
450,Kheda,2022-02-20,50.0045,6
450,Kheda,2022-02-21,49.32654183266932,6
450,Kheda,2022-02-22,49.42648046875,6
450,Kheda,2022-02-23,47.9015444015444,6
450,Kheda,2022-02-24,48.10065151515152,6
450,Kheda,2022-02-25,49.06606910569106,6
450,Kheda,2022-02-26,49.04158431372549,6
450,Kheda,2022-02-27,48.986153225806454,6
450,Kheda,2022-02-28,49.22371428571429,6
450,Kheda,2022-03-01,48.357532,6
450,Kheda,2022-03-02,49.19814919354839,6
450,Kheda,2022-03-03,50.270972,6
450,Kheda,2022-03-04,48.94560493827161,6
450,Kheda,2022-03-05,48.84905714285714,6
450,Kheda,2022-03-06,49.294421686746986,6
450,Kheda,2022-03-07,48.970428,6
450,Kheda,2022-03-08,49.13033864541833,6
450,Kheda,2022-03-09,48.829432000000004,6
450,Kheda,2022-03-10,48.99557021276596,6
450,Kheda,2022-03-11,49.21597647058824,6
450,Kheda,2022-03-12,49.15740650406504,6
450,Kheda,2022-03-13,49.04069322709163,6
450,Kheda,2022-03-14,49.97051666666666,6
450,Kheda,2022-03-15,50.39940476190476,6
450,Kheda,2022-03-16,48.24904424778761,6
450,Kheda,2022-03-17,48.4576261682243,6
450,Kheda,2022-03-18,48.511443148688045,6
450,Kheda,2022-03-19,48.74542900302115,6
450,Kheda,2022-03-20,48.65107692307692,6
450,Kheda,2022-03-21,51.397644314868806,6
450,Kheda,2022-03-22,47.6928501529052,6
450,Kheda,2022-03-23,48.731243902439026,6
450,Kheda,2022-03-24,48.47273015873016,6
450,Kheda,2022-03-25,49.39984337349397,6
450,Kheda,2022-03-26,49.84902702702702,6
450,Kheda,2022-03-27,50.68584571428571,6
450,Kheda,2022-03-28,50.868652542372885,6
450,Kheda,2022-03-29,51.28212634408602,6
450,Kheda,2022-03-30,48.00488778054863,6
450,Kheda,2022-03-31,49.85125876010781,6
450,Kheda,2022-04-01,49.547279255319154,6
450,Kheda,2022-04-02,47.82544862155388,6
450,Kheda,2022-04-03,46.464151960784314,6
450,Kheda,2022-04-04,46.55711827956989,6
450,Kheda,2022-04-05,46.85401785714286,6
450,Kheda,2022-04-06,46.993232209737826,6
450,Kheda,2022-04-07,47.63173507462687,6
450,Kheda,2022-04-08,47.257780219780216,6
450,Kheda,2022-04-09,48.933359683794464,6
450,Kheda,2022-04-10,48.09029842931937,6
450,Kheda,2022-04-11,47.72997881355932,6
450,Kheda,2022-04-12,46.79048936170213,6
450,Kheda,2022-04-13,46.88107553956834,6
450,Kheda,2022-04-14,46.59573800738007,6
450,Kheda,2022-04-15,47.01112589928058,6
450,Kheda,2022-04-16,46.4939889298893,6
450,Kheda,2022-04-17,46.692082733812946,6
450,Kheda,2022-04-18,49.21137728937729,6
450,Kheda,2022-04-19,46.825638376383765,6
450,Kheda,2022-04-20,46.78323137254902,6
450,Kheda,2022-04-21,46.63071062271062,6
450,Kheda,2022-04-22,46.5365985915493,6
450,Kheda,2022-04-23,47.8866,6
450,Kheda,2022-04-24,47.317568888888886,6
450,Kheda,2022-04-25,47.791041044776115,6
450,Kheda,2022-04-26,48.26024302788844,6
450,Kheda,2022-04-27,48.69116393442623,6
450,Kheda,2022-04-28,47.25379245283019,6
450,Kheda,2022-04-29,47.94174747474748,6
450,Kheda,2022-04-30,46.12479411764706,6
450,Kheda,2022-05-01,46.75108988764045,6
450,Kheda,2022-05-02,48.03363888888889,6
450,Kheda,2022-05-03,44.69672727272727,6
450,Kheda,2022-05-04,47.49260294117647,6
450,Kheda,2022-05-05,48.974233766233766,6
450,Kheda,2022-05-06,47.33243902439025,6
450,Kheda,2022-05-07,48.85086394557823,6
450,Kheda,2022-05-08,48.86212598425197,6
450,Kheda,2022-05-09,48.297135802469136,6
450,Kheda,2022-05-10,48.76978571428572,6
450,Kheda,2022-05-11,47.516,6
450,Kheda,2022-05-12,46.14118784530387,6
450,Kheda,2022-05-13,49.008971291866025,6
450,Kheda,2022-05-14,48.471983539094644,6
450,Kheda,2022-05-15,48.64692307692307,6
450,Kheda,2022-05-16,50.43573333333334,6
450,Kheda,2022-05-17,50.9761125,6
450,Kheda,2022-05-18,50.35575641025641,6
450,Kheda,2022-05-19,47.846746153846155,6
450,Kheda,2022-05-20,47.952959770114944,6
450,Kheda,2022-05-21,47.565333333333335,6
450,Kheda,2022-05-22,49.33518461538462,6
450,Kheda,2022-05-23,47.35380769230769,6
450,Kheda,2022-05-24,46.681646551724135,6
450,Kheda,2022-05-25,46.58142608695652,6
450,Kheda,2022-05-26,44.928358208955224,6
450,Kheda,2022-05-27,48.61302678571428,6
450,Kheda,2022-05-28,46.40773333333333,6
450,Kheda,2022-05-29,46.48512307692308,6
450,Kheda,2022-05-30,45.98265734265735,6
450,Kheda,2022-05-31,46.61692,6
450,Kheda,2022-06-01,49.28107246376812,6
450,Kheda,2022-06-02,45.90312337662338,6
450,Kheda,2022-06-03,47.15080722891566,6
450,Kheda,2022-06-04,49.61993406593406,6
450,Kheda,2022-06-05,48.01014201183432,6
450,Kheda,2022-06-06,47.374432291666665,6
450,Kheda,2022-06-07,47.80798522167488,6
450,Kheda,2022-06-08,48.61526104417671,6
450,Kheda,2022-06-09,47.15561728395062,6
450,Kheda,2022-06-10,46.83334297520661,6
450,Kheda,2022-06-11,48.03252521008403,6
450,Kheda,2022-06-12,47.22185427135678,6
450,Kheda,2022-06-13,46.8658,6
450,Kheda,2022-06-14,47.35432417582417,6
450,Kheda,2022-06-15,48.5182911392405,6
450,Kheda,2022-06-16,47.34293248945148,6
450,Kheda,2022-06-17,47.14072881355932,6
450,Kheda,2022-06-18,47.70878761061947,6
450,Kheda,2022-06-19,48.80955895196506,6
450,Kheda,2022-06-20,47.68310288065844,6
450,Kheda,2022-06-21,48.25408675799087,6
450,Kheda,2022-06-22,47.98491780821918,6
450,Kheda,2022-06-23,46.167992,6
450,Kheda,2022-06-24,47.82252340425532,6
450,Kheda,2022-06-25,47.85967592592593,6
450,Kheda,2022-06-26,47.61570042194093,6
450,Kheda,2022-06-27,47.81549783549783,6
450,Kheda,2022-06-28,47.90720491803279,6
450,Kheda,2022-06-29,48.31539004149378,6
450,Kheda,2022-06-30,51.506437768240346,6
450,Kheda,2022-07-01,48.25715325670498,6
450,Kheda,2022-07-02,48.70849593495935,6
450,Kheda,2022-07-03,48.551222748815164,6
450,Kheda,2022-07-04,47.70353418803419,6
450,Kheda,2022-07-05,49.24601321585903,6
450,Kheda,2022-07-06,49.558718614718615,6
450,Kheda,2022-07-07,48.32649367088608,6
450,Kheda,2022-07-08,48.075768181818184,6
450,Kheda,2022-07-09,47.712528634361234,6
450,Kheda,2022-07-10,51.974117647058826,6
450,Kheda,2022-07-11,50.16398660714286,6
450,Kheda,2022-07-12,53.060375,6
450,Kheda,2022-07-13,49.13487029288703,6
450,Kheda,2022-07-14,49.574646808510636,6
450,Kheda,2022-07-15,48.87272727272727,6
450,Kheda,2022-07-16,48.91247892720306,6
450,Kheda,2022-07-17,48.575785714285715,6
450,Kheda,2022-07-18,52.22157480314961,6
450,Kheda,2022-07-19,47.975922374429224,6
450,Kheda,2022-07-20,48.2221975308642,6
450,Kheda,2022-07-21,47.89488990825688,6
450,Kheda,2022-07-22,50.11038095238095,6
450,Kheda,2022-07-23,49.23995238095238,6
450,Kheda,2022-07-24,51.890104838709675,6
450,Kheda,2022-07-25,48.31827906976744,6
450,Kheda,2022-07-26,54.142255144032916,6
450,Kheda,2022-07-27,48.77412663755458,6
450,Kheda,2022-07-28,48.06482591093118,6
450,Kheda,2022-07-29,48.484201465201465,6
450,Kheda,2022-07-30,48.27354940711463,6
450,Kheda,2022-07-31,47.643573170731706,6
450,Kheda,2022-08-01,47.649880281690145,6
450,Kheda,2022-08-02,47.517505300353356,6
450,Kheda,2022-08-03,47.7201646090535,6
450,Kheda,2022-08-04,47.203453125,6
450,Kheda,2022-08-05,47.84427240143369,6
450,Kheda,2022-08-06,47.69684444444445,6
450,Kheda,2022-08-07,47.44676277372263,6
450,Kheda,2022-08-08,47.47799230769231,6
450,Kheda,2022-08-09,46.71186904761905,6
450,Kheda,2022-08-10,47.391021505376344,6
450,Kheda,2022-08-11,47.24106882591093,6
450,Kheda,2022-08-12,47.69551004016065,6
450,Kheda,2022-08-13,47.32565019011407,6
450,Kheda,2022-08-14,48.24683941605839,6
450,Kheda,2022-08-15,47.86484074074074,6
450,Kheda,2022-08-16,48.25831196581196,6
450,Kheda,2022-08-17,48.51302469135802,6
450,Kheda,2022-08-18,48.58115289256198,6
450,Kheda,2022-08-19,48.28024899598393,6
450,Kheda,2022-08-20,48.8166606498195,6
450,Kheda,2022-08-21,51.0102987012987,6
450,Kheda,2022-08-22,51.664346153846154,6
450,Kheda,2022-08-23,48.89644285714286,6
450,Kheda,2022-08-24,47.87495833333333,6
450,Kheda,2022-08-25,47.98086111111111,6
450,Kheda,2022-08-26,47.983736111111114,6
450,Kheda,2022-08-27,47.87375,6
450,Kheda,2022-08-28,47.767809523809525,6
450,Kheda,2022-08-29,47.76011267605634,6
450,Kheda,2022-08-30,48.06870454545455,6
450,Kheda,2022-08-31,48.230220657276995,6
450,Kheda,2022-09-01,48.00163117870722,6
450,Kheda,2022-09-02,48.041558593750004,6
450,Kheda,2022-09-03,47.82943968871595,6
450,Kheda,2022-09-04,48.059162962962965,6
450,Kheda,2022-09-05,47.73577818181818,6
450,Kheda,2022-09-06,48.00381918819188,6
450,Kheda,2022-09-07,47.777248148148146,6
450,Kheda,2022-09-08,47.89072,6
450,Kheda,2022-09-09,48.14857352941176,6
450,Kheda,2022-09-10,47.83789788732394,6
450,Kheda,2022-09-11,47.76990545454546,6
450,Kheda,2022-09-12,47.62743165467626,6
450,Kheda,2022-09-13,47.9407972027972,6
450,Kheda,2022-09-14,48.2445406360424,6
450,Kheda,2022-09-15,48.50310431654676,6
450,Kheda,2022-09-16,48.997704453441294,6
450,Kheda,2022-09-17,48.71097491039426,6
450,Kheda,2022-09-18,48.36477064220184,6
450,Kheda,2022-09-19,48.362623430962344,6
450,Kheda,2022-09-20,48.42702272727273,6
450,Kheda,2022-09-21,48.138216981132075,6
450,Kheda,2022-09-22,47.78211111111111,6
450,Kheda,2022-09-23,47.5625380952381,6
450,Kheda,2022-09-24,48.49011165048544,6
450,Kheda,2022-09-25,47.714780821917806,6
450,Kheda,2022-09-26,47.51318686868687,6
450,Kheda,2022-09-27,47.330640625,6
450,Kheda,2022-09-28,47.534270386266094,6
450,Kheda,2022-09-29,47.2045301724138,6
450,Kheda,2022-09-30,48.0471,6
450,Kheda,2022-10-01,47.93094055944056,6
450,Kheda,2022-10-02,47.96044680851064,6
450,Kheda,2022-10-03,48.205836879432624,6
450,Kheda,2022-10-04,48.16175609756098,6
450,Kheda,2022-10-05,48.233982456140346,6
450,Kheda,2022-10-06,48.374171929824556,6
450,Kheda,2022-10-07,47.87739436619719,6
450,Kheda,2022-10-08,48.47363286713287,6
450,Kheda,2022-10-09,48.672508710801395,6
450,Kheda,2022-10-10,48.09957976653697,6
450,Kheda,2022-10-11,48.821477876106194,6
450,Kheda,2022-10-12,48.317,6
450,Kheda,2022-10-13,48.34373835125448,6
450,Kheda,2022-10-14,47.86320295202952,6
450,Kheda,2022-10-15,47.863891696750905,6
450,Kheda,2022-10-16,47.95229824561404,6
450,Kheda,2022-10-17,47.90481118881119,6
450,Kheda,2022-10-18,47.0908016194332,6
450,Kheda,2022-10-19,47.41707299270073,6
450,Kheda,2022-10-20,47.6681847826087,6
450,Kheda,2022-10-21,47.629515789473686,6
450,Kheda,2022-10-22,47.52445804195804,6
450,Kheda,2022-10-23,47.501666666666665,6
450,Kheda,2022-10-24,47.1452643678161,6
450,Kheda,2022-10-25,47.344206896551725,6
450,Kheda,2022-10-26,47.13406751054852,6
450,Kheda,2022-10-27,47.04806643356643,6
450,Kheda,2022-10-28,47.24617081850534,6
450,Kheda,2022-10-29,47.46101111111111,6
450,Kheda,2022-10-30,46.32532718894009,6
450,Kheda,2022-10-31,47.58592822966507,6
450,Kheda,2022-11-01,47.19847202797203,6
450,Kheda,2022-11-02,47.306236749116614,6
450,Kheda,2022-11-03,47.184639344262294,6
450,Kheda,2022-11-04,47.08896052631579,6
450,Kheda,2022-11-05,47.766471615720526,6
450,Kheda,2022-11-06,47.25907065217391,6
450,Kheda,2022-11-07,47.01107662835249,6
450,Kheda,2022-11-08,47.02981222707423,6
450,Kheda,2022-11-09,47.4575829787234,6
450,Kheda,2022-11-10,46.49335,6
450,Kheda,2022-11-11,47.191323741007196,6
450,Kheda,2022-11-12,47.074591760299626,6
450,Kheda,2022-11-13,46.88058362989324,6
450,Kheda,2022-11-14,47.07141319444444,6
450,Kheda,2022-11-15,47.00835606060606,6
450,Kheda,2022-11-16,47.23787391304347,6
450,Kheda,2022-11-17,47.26954824561404,6
450,Kheda,2022-11-18,47.24826104417671,6
450,Kheda,2022-11-19,47.57368115942029,6
450,Kheda,2022-11-20,47.7088115942029,6
450,Kheda,2022-11-21,47.4964623655914,6
450,Kheda,2022-11-22,47.298114624505935,6
450,Kheda,2022-11-23,46.654628318584074,6
450,Kheda,2022-11-24,46.91924150943396,6
450,Kheda,2022-11-25,46.81944055944056,6
450,Kheda,2022-11-26,46.64482394366197,6
450,Kheda,2022-11-27,46.690104529616725,6
450,Kheda,2022-11-28,46.880324,6
450,Kheda,2022-11-29,45.45435789473684,6
450,Kheda,2022-11-30,46.81707653061225,6
450,Kheda,2022-12-01,45.70036196319018,6
450,Kheda,2022-12-02,46.42242639593909,6
450,Kheda,2022-12-03,46.23847142857143,6
450,Kheda,2022-12-04,46.59061538461538,6
450,Kheda,2022-12-05,47.142044,6
450,Kheda,2022-12-06,46.9789885931559,6
450,Kheda,2022-12-07,46.61489903846154,6
450,Kheda,2022-12-08,46.869844,6
450,Kheda,2022-12-09,46.71213414634146,6
450,Kheda,2022-12-10,47.08094642857143,6
450,Kheda,2022-12-11,47.29976923076923,6
450,Kheda,2022-12-12,46.884748251748256,6
450,Kheda,2022-12-13,47.04256183745583,6
450,Kheda,2022-12-14,46.881117857142854,6
450,Kheda,2022-12-15,46.91895759717315,6
450,Kheda,2022-12-16,46.629579646017696,6
450,Kheda,2022-12-17,47.03976818181818,6
450,Kheda,2022-12-18,46.813988095238095,6
450,Kheda,2022-12-19,46.95288,6
450,Kheda,2022-12-20,46.803923344947734,6
450,Kheda,2022-12-21,46.53030711610487,6
450,Kheda,2022-12-22,46.55507630522089,6
450,Kheda,2022-12-23,46.11951550387597,6
450,Kheda,2022-12-24,46.74414953271028,6
450,Kheda,2022-12-25,46.65488844621514,6
450,Kheda,2022-12-26,46.62397991967871,6
450,Kheda,2022-12-27,46.753595999999995,6
450,Kheda,2022-12-28,46.65959345794393,6
450,Kheda,2022-12-29,46.96226829268293,6
450,Kheda,2022-12-30,46.78608394160584,6
450,Kheda,2022-12-31,46.827490974729244,6
450,Kheda,2023-01-01,46.44994964028777,6
450,Kheda,2023-01-02,46.5352731092437,6
450,Kheda,2023-01-03,46.71361825726141,6
450,Kheda,2023-01-04,46.84656078431372,6
450,Kheda,2023-01-05,46.49119831223629,6
450,Kheda,2023-01-06,46.368507575757576,6
450,Kheda,2023-01-07,46.7610474137931,6
450,Kheda,2023-01-08,46.826692946058095,6
450,Kheda,2023-01-09,46.44166315789473,6
450,Kheda,2023-01-10,46.64661354581673,6
450,Kheda,2023-01-11,47.0626679245283,6
450,Kheda,2023-01-12,46.842140425531916,6
450,Kheda,2023-01-13,46.376377593361,6
450,Kheda,2023-01-14,46.92911363636364,6
450,Kheda,2023-01-15,46.83773568281938,6
450,Kheda,2023-01-16,46.76220942408377,6
450,Kheda,2023-01-17,46.573197580645164,6
450,Kheda,2023-01-18,46.74523131672598,6
450,Kheda,2023-01-19,46.445228215767635,6
450,Kheda,2023-01-20,46.47548366013072,6
450,Kheda,2023-01-21,46.751562500000006,6
450,Kheda,2023-01-22,46.34696363636364,6
450,Kheda,2023-01-23,46.6357609561753,6
450,Kheda,2023-01-24,46.80069955156951,6
450,Kheda,2023-01-25,46.75747826086957,6
450,Kheda,2023-01-26,46.91827177700348,6
450,Kheda,2023-01-27,46.805354838709675,6
450,Kheda,2023-01-28,46.73014232209738,6
450,Kheda,2023-01-29,46.892578680203044,6
450,Kheda,2023-01-30,46.900246511627905,6
450,Kheda,2023-01-31,46.87563709677419,6
450,Kheda,2023-02-01,46.87863701067616,6
450,Kheda,2023-02-02,46.8207734375,6
450,Kheda,2023-02-03,46.862194346289755,6
450,Kheda,2023-02-04,46.70775968992248,6
450,Kheda,2023-02-05,46.900491289198605,6
450,Kheda,2023-02-06,47.12335563380282,6
450,Kheda,2023-02-07,46.724985815602835,6
450,Kheda,2023-02-08,46.67784042553191,6
450,Kheda,2023-02-09,46.83069262295082,6
450,Kheda,2023-02-10,46.7457,6
450,Kheda,2023-02-11,46.729276595744686,6
450,Kheda,2023-02-12,46.58475641025641,6
450,Kheda,2023-02-13,46.7141914893617,6
450,Kheda,2023-02-14,46.72359817351599,6
450,Kheda,2023-02-15,47.23113469387755,6
450,Kheda,2023-02-16,47.5325799086758,6
450,Kheda,2023-02-17,45.845312138728325,6
450,Kheda,2023-02-18,46.51110810810811,6
450,Kheda,2023-02-19,46.9322027027027,6
450,Kheda,2023-02-20,45.92202621722846,6
450,Kheda,2023-02-21,46.03815942028985,6
450,Kheda,2023-02-22,47.514985714285714,6
450,Kheda,2023-02-23,47.13325806451613,6
450,Kheda,2023-02-24,47.19308243727599,6
450,Kheda,2023-02-25,47.14908914728682,6
450,Kheda,2023-02-26,47.11213194444444,6
450,Kheda,2023-02-27,46.29160752688172,6
450,Kheda,2023-02-28,42.507351351351346,6
450,Kheda,2023-03-01,45.632780172413796,6
450,Kheda,2023-03-02,45.51893939393939,6
450,Kheda,2023-03-03,47.31003886925795,6
450,Kheda,2023-03-04,47.14951985559566,6
450,Kheda,2023-03-05,46.94376811594203,6
450,Kheda,2023-03-06,47.01005426356589,6
450,Kheda,2023-03-07,46.927947999999994,6
450,Kheda,2023-03-08,47.097810714285714,6
450,Kheda,2023-03-09,46.99257587548638,6
450,Kheda,2023-03-10,45.49353036437247,6
450,Kheda,2023-03-11,46.381791666666665,6
450,Kheda,2023-03-12,46.973443223443226,6
450,Kheda,2023-03-13,47.116612499999995,6
450,Kheda,2023-03-14,47.39997727272727,6
450,Kheda,2023-03-15,47.37760966542751,6
450,Kheda,2023-03-16,47.43719776119403,6
450,Kheda,2023-03-17,47.481340996168576,6
450,Kheda,2023-03-18,46.3561380952381,6
450,Kheda,2023-03-19,48.93520967741936,3
450,Kheda,2023-03-20,47.71313017751479,6
450,Kheda,2023-03-21,46.95165,6
450,Kheda,2023-03-22,46.792971119133576,6
450,Kheda,2023-03-23,47.04604316546762,6
450,Kheda,2023-03-24,46.753183266932275,6
450,Kheda,2023-03-25,47.334364,6
450,Kheda,2023-03-26,46.738628252788104,6
450,Kheda,2023-03-27,46.96765427509294,6
450,Kheda,2023-03-28,46.6515406504065,6
450,Kheda,2023-03-29,46.63029182879378,6
450,Kheda,2023-03-30,46.75595604395605,6
450,Kheda,2023-03-31,47.33166814159292,6
450,Kheda,2023-04-01,47.510545112781955,6
450,Kheda,2023-04-02,47.0976,6
450,Kheda,2023-04-03,47.25043984962406,6
450,Kheda,2023-04-04,46.93044843049327,6
450,Kheda,2023-04-05,46.46937603305785,6
450,Kheda,2023-04-06,46.79932600732601,6
450,Kheda,2023-04-07,46.99343076923077,6
450,Kheda,2023-04-08,46.877309090909094,6
450,Kheda,2023-04-09,46.68133916083916,6
450,Kheda,2023-04-10,46.745660305343506,6
450,Kheda,2023-04-11,46.84236996336997,6
450,Kheda,2023-04-12,47.02190747330961,6
450,Kheda,2023-04-13,46.24735123966942,6
450,Kheda,2023-04-14,46.49957692307692,6
450,Kheda,2023-04-15,46.44636290322581,6
450,Kheda,2023-04-16,45.79424193548387,6
450,Kheda,2023-04-17,48.22766274509804,6
450,Kheda,2023-04-18,46.45820454545455,6
450,Kheda,2023-04-19,46.413625468164796,6
450,Kheda,2023-04-20,46.854609053497946,6
450,Kheda,2023-04-21,46.29038431372549,6
450,Kheda,2023-04-22,45.49198712446352,6
450,Kheda,2023-04-23,44.82466298342541,6
450,Kheda,2023-04-24,45.253803921568625,6
450,Kheda,2023-04-25,45.758988679245284,6
450,Kheda,2023-04-26,46.51535169491525,6
450,Kheda,2023-04-27,46.64134497816594,6
450,Kheda,2023-04-28,46.977355029585794,6
450,Kheda,2023-04-29,48.75611111111111,6
450,Kheda,2023-04-30,50.073838095238095,6
450,Kheda,2023-05-01,50.89339013452915,5
450,Kheda,2023-05-02,50.81663793103448,5
450,Kheda,2023-05-03,50.494539906103284,6
450,Kheda,2023-05-04,49.08404424778762,6
450,Kheda,2023-05-05,46.414272727272724,6
450,Kheda,2023-05-06,46.65724814814815,6
450,Kheda,2023-05-07,46.46249295774648,6
450,Kheda,2023-05-08,49.404855967078184,6
450,Kheda,2023-05-09,51.3448626609442,5
450,Kheda,2023-05-10,50.15153703703704,5
450,Kheda,2023-05-11,51.31428205128205,5
450,Kheda,2023-05-12,49.008726315789474,5
450,Kheda,2023-05-13,50.38325161290322,5
450,Kheda,2023-05-14,48.21791133004926,6
450,Kheda,2023-05-15,46.33878515625,6
450,Kheda,2023-05-16,46.317247933884296,6
450,Kheda,2023-05-17,45.834681159420285,6
450,Kheda,2023-05-18,50.72991891891892,5
450,Kheda,2023-05-19,51.101520547945206,5
450,Kheda,2023-05-20,50.96483108108108,5
450,Kheda,2023-05-21,51.57315950920245,5
450,Kheda,2023-05-22,51.08769718309859,5
450,Kheda,2023-05-23,51.19691304347826,5
450,Kheda,2023-05-24,51.125380368098156,5
450,Kheda,2023-05-25,47.33025974025974,6
450,Kheda,2023-05-26,47.02007821229051,6
450,Kheda,2023-05-27,46.716603864734296,6
450,Kheda,2023-05-29,47.95395890410959,6
450,Kheda,2023-05-30,50.99691978609625,5
450,Kheda,2023-05-31,49.75586,6
450,Kheda,2023-06-01,46.349116822429906,6
450,Kheda,2023-06-02,46.398020833333334,6
450,Kheda,2023-06-03,46.7521814516129,6
450,Kheda,2023-06-04,46.47105594405594,6
450,Kheda,2023-06-05,46.787665322580644,6
450,Kheda,2023-06-06,46.600743119266056,6
450,Kheda,2023-06-07,46.61610211267605,6
450,Kheda,2023-06-08,46.456759856630825,6
450,Kheda,2023-06-09,46.588235807860265,6
450,Kheda,2023-06-10,46.57086440677966,6
450,Kheda,2023-06-11,46.373999999999995,6
450,Kheda,2023-06-12,46.51065948275862,6
450,Kheda,2023-06-13,46.5993024911032,6
450,Kheda,2023-06-14,46.687270270270275,6
450,Kheda,2023-06-15,46.467967213114754,6
450,Kheda,2023-06-16,48.928514285714286,6
450,Kheda,2023-06-17,46.69981818181818,6
450,Kheda,2023-06-19,46.09621,6
450,Kheda,2023-06-20,46.35733658536586,6
450,Kheda,2023-06-21,46.80556020942408,6
450,Kheda,2023-06-22,46.7926,6
450,Kheda,2023-06-23,47.37866046511628,6
450,Kheda,2023-06-24,47.420548245614036,6
450,Kheda,2023-06-25,47.19998854961832,6
450,Kheda,2023-06-26,47.16976470588235,6
450,Kheda,2023-06-27,46.55817142857143,6
450,Kheda,2023-06-28,47.47923636363636,6
450,Kheda,2023-06-29,46.45019485294117,6
450,Kheda,2023-06-30,47.148893280632414,6
450,Kheda,2023-07-01,48.013766423357666,6
450,Kheda,2023-07-02,48.29401509433963,6
450,Kheda,2023-07-03,48.70885661764706,6
450,Kheda,2023-07-04,47.99665789473684,6
450,Kheda,2023-07-05,47.60421090909091,6
450,Kheda,2023-07-06,48.55010276679842,6
450,Kheda,2023-07-07,48.01310752688172,6
450,Kheda,2023-07-08,47.46953431372549,6
450,Kheda,2023-07-09,47.2608125,6
450,Kheda,2023-07-10,47.80418686868686,6
450,Kheda,2023-07-11,50.63671153846154,6
450,Kheda,2023-07-12,51.977264069264066,6
450,Kheda,2023-07-13,48.09729657794677,6
450,Kheda,2023-07-14,51.79585638297872,6
450,Kheda,2023-07-15,48.97117446808511,6
450,Kheda,2023-07-16,48.87410465116279,6
450,Kheda,2023-07-17,48.48190654205608,6
450,Kheda,2023-07-18,48.11456585365854,6
450,Kheda,2023-07-19,48.39675956284153,6
450,Kheda,2023-07-20,48.476326829268295,6
450,Kheda,2023-07-21,48.304520930232556,6
450,Kheda,2023-07-22,47.91602966101695,6
450,Kheda,2023-07-23,49.13857661290323,6
450,Kheda,2023-07-24,48.60083455882353,6
450,Kheda,2023-07-25,48.64821352313167,6
450,Kheda,2023-07-26,48.87479166666667,6
450,Kheda,2023-07-27,48.33463829787234,6
450,Kheda,2023-07-28,47.80713502109705,6
450,Kheda,2023-07-29,48.075090476190475,6
450,Kheda,2023-07-30,48.47181818181818,6
450,Kheda,2023-07-31,49.00241463414635,6
450,Kheda,2023-08-01,49.23733333333333,6
450,Kheda,2023-08-02,49.250204545454544,6
450,Kheda,2023-08-03,48.11396268656716,6
450,Kheda,2023-08-04,48.634800000000006,6
450,Kheda,2023-08-05,50.243278761061944,6
450,Kheda,2023-08-06,50.76116733067729,6
450,Kheda,2023-08-07,50.15766976744186,6
450,Kheda,2023-08-08,48.49135263157895,6
450,Kheda,2023-08-09,49.10239035087719,6
450,Kheda,2023-08-10,51.89099190283401,6
450,Kheda,2023-08-11,47.84659111111111,6
450,Kheda,2023-08-12,48.40361607142857,6
450,Kheda,2023-08-13,48.455270588235294,6
450,Kheda,2023-08-14,49.08703529411765,6
450,Kheda,2023-08-15,48.986494163424126,6
450,Kheda,2023-08-16,48.72490079365079,6
450,Kheda,2023-08-17,49.3617805907173,6
450,Kheda,2023-08-18,49.524265306122444,6
450,Kheda,2023-08-19,49.622972868217055,6
450,Kheda,2023-08-20,49.642392996108946,6
450,Kheda,2023-08-21,48.93747389558233,6
450,Kheda,2023-08-22,48.95991472868217,6
450,Kheda,2023-08-23,49.093307086614175,6
450,Kheda,2023-08-24,49.085243801652894,6
450,Kheda,2023-08-25,52.46653629032258,6
450,Kheda,2023-08-26,48.4968313253012,6
450,Kheda,2023-08-27,48.67147727272727,6
450,Kheda,2023-08-28,48.52475111111111,6
450,Kheda,2023-08-29,48.09478534031413,6
450,Kheda,2023-08-30,47.83399107142857,6
450,Kheda,2023-08-31,48.809025862068964,6
450,Kheda,2023-09-01,48.39408173076923,6
450,Kheda,2023-09-02,48.86346596858639,6
450,Kheda,2023-09-03,46.77134265734266,6
450,Kheda,2023-09-04,47.160666666666664,6
450,Kheda,2023-09-05,48.18671489361702,6
450,Kheda,2023-09-06,48.64020610687023,6
450,Kheda,2023-09-07,47.87017441860465,6
450,Kheda,2023-09-08,47.9651746031746,6
450,Kheda,2023-09-09,50.04213733905579,6
450,Kheda,2023-09-10,49.36047945205479,6
450,Kheda,2023-09-11,50.02355510204082,6
450,Kheda,2023-09-12,49.57570731707317,6
450,Kheda,2023-09-13,49.15811363636364,6
450,Kheda,2023-09-14,49.67745631067962,6
450,Kheda,2023-09-15,54.20655924170617,6
450,Kheda,2023-09-16,49.62101904761905,6
450,Kheda,2023-09-17,51.09246666666667,6
450,Kheda,2023-09-18,53.84291984732824,6
450,Kheda,2023-09-19,52.10697474747475,6
450,Kheda,2023-09-20,51.56102714932126,6
450,Kheda,2023-09-21,51.03580681818182,6
450,Kheda,2023-09-22,50.26579423868313,6
450,Kheda,2023-09-23,50.61055597014925,6
450,Kheda,2023-09-24,49.353748201438854,6
450,Kheda,2023-09-25,49.746818897637795,6
450,Kheda,2023-09-26,50.89579527559055,6
450,Kheda,2023-09-27,50.290121739130434,6
450,Kheda,2023-09-28,49.82613580246914,6
450,Kheda,2023-09-29,50.9774375,6
450,Kheda,2023-09-30,52.32850416666667,6
450,Kheda,2023-10-01,53.5649296875,6
450,Kheda,2023-10-02,50.935908045977015,6
450,Kheda,2023-10-03,54.388045454545455,6
450,Kheda,2023-10-04,52.946046875,6
450,Kheda,2023-10-05,50.314933333333336,6
450,Kheda,2023-10-06,47.86807220216607,6
450,Kheda,2023-10-07,47.92691489361702,6
450,Kheda,2023-10-08,47.848950704225345,6
450,Kheda,2023-10-09,47.82330952380953,6
450,Kheda,2023-10-10,47.59789583333333,6
450,Kheda,2023-10-11,47.71579929577465,6
450,Kheda,2023-10-12,47.55086891385768,6
450,Kheda,2023-10-13,47.586976653696496,6
450,Kheda,2023-10-14,48.93841153846154,6
450,Kheda,2023-10-15,49.255171641791044,6
450,Kheda,2023-10-16,47.75674910394265,6
450,Kheda,2023-10-17,49.69016030534351,6
450,Kheda,2023-10-18,48.77696577946768,6
450,Kheda,2023-10-19,48.83232442748091,6
450,Kheda,2023-10-20,48.3795404040404,6
450,Kheda,2023-10-21,49.777455056179775,6
450,Kheda,2023-10-22,47.777743589743594,6
450,Kheda,2023-10-23,47.67640804597701,6
450,Kheda,2023-10-24,48.157915254237295,6
450,Kheda,2023-10-25,48.81772043010753,6
450,Kheda,2023-10-26,47.52785977859779,6
450,Kheda,2023-10-27,48.83433333333333,6
450,Kheda,2023-10-28,49.617922077922074,6
450,Kheda,2023-10-29,46.67223529411765,6
450,Kheda,2023-10-30,47.21988188976378,6
450,Kheda,2023-10-31,48.346257692307695,6
450,Kheda,2023-11-01,48.29574297188755,6
450,Kheda,2023-11-02,46.88791007194244,6
450,Kheda,2023-11-03,47.77936531365314,6
450,Kheda,2023-11-04,47.99984274193548,6
450,Kheda,2023-11-05,48.05854251012146,6
450,Kheda,2023-11-06,47.51248880597015,6
450,Kheda,2023-11-07,47.14617490494297,6
450,Kheda,2023-11-08,47.44356420233463,6
450,Kheda,2023-11-09,47.721587360594796,6
450,Kheda,2023-11-10,47.03905769230769,6
450,Kheda,2023-11-11,47.9196332046332,6
450,Kheda,2023-11-12,47.773355555555554,6
450,Kheda,2023-11-13,48.06676277372263,6
450,Kheda,2023-11-14,47.92884892086331,6
450,Kheda,2023-11-15,48.27183269961977,6
450,Kheda,2023-11-16,47.625338582677166,6
450,Kheda,2023-11-17,47.29797491039427,6
450,Kheda,2023-11-18,48.359744791666664,6
450,Kheda,2023-11-19,46.01173232323232,6
450,Kheda,2023-11-20,46.821333333333335,6
450,Kheda,2023-11-21,47.150238970588234,6
450,Kheda,2023-11-22,47.23669961977186,6
450,Kheda,2023-11-23,47.43653214285714,6
450,Kheda,2023-11-24,47.5355,6
450,Kheda,2023-11-25,47.157996363636364,6
450,Kheda,2023-11-26,46.924263157894735,6
450,Kheda,2023-11-27,47.3369537366548,6
450,Kheda,2023-11-28,47.1776678700361,6
450,Kheda,2023-11-29,47.13149295774648,6
450,Kheda,2023-11-30,47.66577697841726,6
450,Kheda,2023-12-01,48.430122222222224,6
450,Kheda,2023-12-02,49.25918532818533,6
450,Kheda,2023-12-03,48.05063333333334,6
450,Kheda,2023-12-04,47.26973591549296,6
450,Kheda,2023-12-05,46.89833695652174,6
450,Kheda,2023-12-06,46.86347435897436,6
450,Kheda,2023-12-07,47.04985483870968,6
450,Kheda,2023-12-08,47.50892086330935,6
450,Kheda,2023-12-09,47.207303571428575,6
450,Kheda,2023-12-10,47.94433699633699,6
450,Kheda,2023-12-11,48.248700374531836,6
450,Kheda,2023-12-12,48.948969348659006,6
450,Kheda,2023-12-13,47.91976,6
450,Kheda,2023-12-14,46.96961785714286,6
450,Kheda,2023-12-15,47.48173285198556,6
450,Kheda,2023-12-16,47.67921454545454,6
450,Kheda,2023-12-17,48.051490706319704,6
450,Kheda,2023-12-18,47.33747470817121,6
450,Kheda,2023-12-19,47.26398534798535,6
450,Kheda,2023-12-20,46.65859926470588,6
450,Kheda,2023-12-21,46.46936940298507,6
450,Kheda,2023-12-22,47.05743416370107,6
450,Kheda,2023-12-23,47.01870703125,6
450,Kheda,2023-12-24,46.94614566929134,6
450,Kheda,2023-12-25,46.89058483754512,6
450,Kheda,2023-12-26,47.127111510791366,6
450,Kheda,2023-12-27,46.91218947368421,6
450,Kheda,2023-12-28,46.780797101449274,6
450,Kheda,2023-12-29,46.63186274509804,6
450,Kheda,2023-12-30,46.49210545454545,6
450,Kheda,2023-12-31,46.483533333333334,6
450,Kheda,2024-01-01,46.87776173285199,6
450,Kheda,2024-01-02,46.955511520737325,6
450,Kheda,2024-01-03,46.36858565737052,6
450,Kheda,2024-01-04,46.69910909090909,6
450,Kheda,2024-01-05,47.38324187725632,6
450,Kheda,2024-01-06,46.70194941634241,6
450,Kheda,2024-01-07,47.00276744186046,6
450,Kheda,2024-01-08,46.292234657039714,6
450,Kheda,2024-01-09,46.29973076923077,6
450,Kheda,2024-01-10,45.7388326848249,6
450,Kheda,2024-01-11,46.48381992337165,6
450,Kheda,2024-01-12,50.40167025089606,6
450,Kheda,2024-01-13,46.72538152610442,6
450,Kheda,2024-01-14,47.433896265560165,6
450,Kheda,2024-01-15,47.975280898876406,6
450,Kheda,2024-01-16,47.120216216216214,6
450,Kheda,2024-01-17,48.5311686746988,6
450,Kheda,2024-01-18,48.38672200772201,6
450,Kheda,2024-01-19,48.64028352490421,6
450,Kheda,2024-01-20,48.037440613026824,6
450,Kheda,2024-01-21,48.26798823529412,6
450,Kheda,2024-01-22,48.91033976833977,6
450,Kheda,2024-01-23,47.957375000000006,6
450,Kheda,2024-01-24,48.88754435483871,6
450,Kheda,2024-01-25,48.75599212598426,6
450,Kheda,2024-01-26,47.98813953488372,6
450,Kheda,2024-01-27,49.122454935622315,6
450,Kheda,2024-01-28,49.215074074074074,6
450,Kheda,2024-01-29,47.93377777777778,6
450,Kheda,2024-01-30,47.89716591928251,6
450,Kheda,2024-01-31,48.618479338842974,6
450,Kheda,2024-02-01,48.156878661087866,6
450,Kheda,2024-02-02,48.462043650793646,6
450,Kheda,2024-02-03,48.73196887159533,6
450,Kheda,2024-02-04,48.29838697318007,6
450,Kheda,2024-02-05,48.03959055118111,6
450,Kheda,2024-02-06,48.63176833976834,6
450,Kheda,2024-02-07,48.276744855967074,6
450,Kheda,2024-02-08,48.52224017467249,6
450,Kheda,2024-02-09,48.30159493670886,6
450,Kheda,2024-02-10,48.61208139534884,6
450,Kheda,2024-02-11,45.29411061946902,6
450,Kheda,2024-02-12,46.22774778761062,6
450,Kheda,2024-02-13,46.733129166666664,6
450,Kheda,2024-02-14,48.48298818897638,6
450,Kheda,2024-02-15,48.280698039215686,6
450,Kheda,2024-02-16,46.76296120689655,6
450,Kheda,2024-02-17,44.653026315789475,6
450,Kheda,2024-02-18,48.27332535885167,5
450,Kheda,2024-02-19,48.84246568627451,5
450,Kheda,2024-02-20,52.326187499999996,5
450,Kheda,2024-02-21,41.69428,4
450,Kheda,2024-02-22,43.34578169014084,5
450,Kheda,2024-02-23,44.885056994818655,5
450,Kheda,2024-02-24,42.484733668341704,5
450,Kheda,2024-02-25,40.59425683060109,4
450,Kheda,2024-02-26,40.74120218579235,4
450,Kheda,2024-02-27,44.17924789915966,6
450,Kheda,2024-02-28,46.16282978723404,6
450,Kheda,2024-02-29,46.16834965034965,6
450,Kheda,2024-03-01,46.044996478873244,6
450,Kheda,2024-03-02,46.109566433566435,6
450,Kheda,2024-03-03,45.77357039711192,6
450,Kheda,2024-03-04,46.401659498207884,6
450,Kheda,2024-03-05,46.21265789473684,6
450,Kheda,2024-03-06,46.14408771929825,6
450,Kheda,2024-03-07,45.87445104895105,6
450,Kheda,2024-03-08,46.059433098591555,6
450,Kheda,2024-03-09,46.51036395759718,6
450,Kheda,2024-03-10,46.10803202846975,6
450,Kheda,2024-03-11,46.257736654804276,6
450,Kheda,2024-03-12,48.13871586715867,6
450,Kheda,2024-03-13,48.52447426470588,6
450,Kheda,2024-03-14,46.4716914893617,6
450,Kheda,2024-03-15,46.08243157894737,6
450,Kheda,2024-03-16,46.069737762237764,6
450,Kheda,2024-03-17,46.74833695652173,6
450,Kheda,2024-03-18,46.35834798534798,6
450,Kheda,2024-03-19,46.0995703125,6
450,Kheda,2024-03-20,46.69917957746478,6
450,Kheda,2024-03-21,46.474213523131674,6
450,Kheda,2024-03-22,46.9888174273859,6
450,Kheda,2024-03-23,46.45104347826087,6
450,Kheda,2024-03-24,47.05968197879859,6
450,Kheda,2024-03-25,46.075488,6
450,Kheda,2024-03-26,46.26673517786561,6
450,Kheda,2024-03-27,45.98433203125,6
450,Kheda,2024-03-28,46.04851173708921,6
450,Kheda,2024-03-29,45.85362745098039,6
450,Kheda,2024-03-30,46.07661672473868,6
450,Kheda,2024-03-31,46.1888951048951,6
450,Kheda,2024-04-01,46.14069824561403,6
450,Kheda,2024-04-02,45.96725,6
450,Kheda,2024-04-03,46.23265140845071,6
450,Kheda,2024-04-04,46.14773684210526,6
450,Kheda,2024-04-05,47.19939160839161,6
450,Kheda,2024-04-06,47.480851590106006,6
450,Kheda,2024-04-07,45.92648736462094,6
450,Kheda,2024-04-08,47.09796797153025,6
450,Kheda,2024-04-09,46.16060215053763,6
450,Kheda,2024-04-10,46.159896039603964,6
450,Kheda,2024-04-11,46.349625,6
450,Kheda,2024-04-12,46.40691821561338,6
450,Kheda,2024-04-13,46.06328169014085,6
450,Kheda,2024-04-14,46.574035971223026,6
450,Kheda,2024-04-15,49.47306293706294,6
450,Kheda,2024-04-16,46.11280427046263,6
450,Kheda,2024-04-17,46.10871328671329,6
450,Kheda,2024-04-18,46.675577777777775,6
450,Kheda,2024-04-19,46.54552290076336,6
450,Kheda,2024-04-20,46.69321374045801,6
450,Kheda,2024-04-21,46.84357142857143,6
450,Kheda,2024-04-22,47.77084297520661,6
450,Kheda,2024-04-23,47.220680933852144,6
450,Kheda,2024-04-24,47.32529885057471,6
450,Kheda,2024-04-25,48.43313307984791,6
450,Kheda,2024-04-26,46.535960144927536,6
450,Kheda,2024-04-27,46.882218390804596,6
450,Kheda,2024-04-28,46.43785401459854,6
450,Kheda,2024-04-29,46.58270833333333,6
450,Kheda,2024-04-30,46.79857034220532,6
450,Kheda,2024-05-01,46.66653113553114,6
450,Kheda,2024-05-02,46.780349264705876,6
450,Kheda,2024-05-03,46.15654121863799,6
450,Kheda,2024-05-04,47.533328519855594,6
450,Kheda,2024-05-05,48.04829104477612,6
450,Kheda,2024-05-06,46.23198214285714,6
450,Kheda,2024-05-07,45.96449295774648,6
450,Kheda,2024-05-08,46.38418478260869,6
450,Kheda,2024-05-09,47.2653179916318,6
450,Kheda,2024-05-10,45.52866814159292,6
450,Kheda,2024-05-11,46.05000408163265,6
450,Kheda,2024-05-12,46.403196850393705,6
450,Kheda,2024-05-13,46.685124555160144,6
450,Kheda,2024-05-14,45.85913732394366,6
450,Kheda,2024-05-15,46.60889454545455,6
450,Kheda,2024-05-16,46.5833446969697,6
450,Kheda,2024-05-17,47.09338129496403,6
450,Kheda,2024-05-18,46.32362724014337,6
450,Kheda,2024-05-19,46.51684057971014,6
450,Kheda,2024-05-20,47.23297014925373,6
450,Kheda,2024-05-21,48.141510791366905,6
450,Kheda,2024-05-22,47.53124814814815,6
450,Kheda,2024-05-23,47.87562093862816,6
450,Kheda,2024-05-24,47.05149065420561,6
450,Kheda,2024-05-25,46.39992490118577,6
450,Kheda,2024-05-26,46.619353790613715,6
450,Kheda,2024-05-27,46.32542049469965,6
450,Kheda,2024-05-28,46.715859259259254,6
450,Kheda,2024-05-29,46.17509322033899,6
450,Kheda,2024-05-30,46.87086010362694,6
450,Kheda,2024-05-31,46.071324175824174,6
450,Kheda,2024-06-01,46.873954545454545,6
450,Kheda,2024-06-02,46.853078358208954,6
450,Kheda,2024-06-03,46.749805860805864,6
450,Kheda,2024-06-04,46.629264069264075,6
450,Kheda,2024-06-05,47.55986875,6
450,Kheda,2024-06-06,47.33831759656652,6
450,Kheda,2024-06-07,46.900075,6
450,Kheda,2024-06-08,47.679643382352936,6
450,Kheda,2024-06-09,46.8938122605364,6
450,Kheda,2024-06-10,46.325974820143884,6
450,Kheda,2024-06-11,47.28447679324895,6
450,Kheda,2024-06-12,46.86605474452554,6
450,Kheda,2024-06-13,46.659928057553955,6
450,Kheda,2024-06-14,46.51719889502762,6
450,Kheda,2024-06-15,49.35289795918367,6
450,Kheda,2024-06-16,46.64990277777778,6
450,Kheda,2024-06-17,46.28280582524272,6
450,Kheda,2024-06-18,47.3582774566474,6
450,Kheda,2024-06-19,52.07850632911393,6
450,Kheda,2024-06-20,46.85351063829788,6
450,Kheda,2024-06-21,47.34128472222223,6
450,Kheda,2024-06-22,46.51168055555556,6
450,Kheda,2024-06-23,45.69369718309859,6
450,Kheda,2024-06-24,45.86168085106383,6
450,Kheda,2024-06-25,45.96915277777778,6
450,Kheda,2024-06-26,45.96864583333333,6
450,Kheda,2024-06-27,49.38090983606557,6
450,Kheda,2024-06-28,47.66825757575758,6
450,Kheda,2024-06-29,46.255795774647886,6
450,Kheda,2024-06-30,47.72614492753623,6
450,Kheda,2024-07-01,49.38432558139535,6
450,Kheda,2024-07-02,50.884366666666665,6
450,Kheda,2024-07-03,50.53699122807017,6
450,Kheda,2024-07-04,54.2036,6
450,Kheda,2024-07-05,46.97591304347826,6
450,Kheda,2024-07-06,51.536032467532465,6
450,Kheda,2024-07-07,49.60260893854749,6
450,Kheda,2024-07-08,49.569987804878046,6
450,Kheda,2024-07-09,48.556607594936715,6
450,Kheda,2024-07-10,52.809969325153375,6
450,Kheda,2024-07-11,45.570296875,6
450,Kheda,2024-07-12,53.699037634408604,6
450,Kheda,2024-07-13,54.62469411764706,6
450,Kheda,2024-07-14,48.795102564102564,6
450,Kheda,2024-07-15,60.65333774834438,6
450,Kheda,2024-07-16,54.81937356321839,6
450,Kheda,2024-07-17,56.84475392670157,6
450,Kheda,2024-07-18,49.02683571428572,6
450,Kheda,2024-07-19,47.39862222222222,6
450,Kheda,2024-07-20,46.82974814814815,6
450,Kheda,2024-07-21,49.61070491803279,6
450,Kheda,2024-07-22,46.12968115942029,6
450,Kheda,2024-07-23,48.884127906976744,6
450,Kheda,2024-07-24,50.31863131313131,6
450,Kheda,2024-07-25,50.03219117647059,6
450,Kheda,2024-07-26,53.90064736842105,6
450,Kheda,2024-07-27,69.1712558139535,6
450,Kheda,2024-07-28,57.447143749999995,6
450,Kheda,2024-07-29,58.172150943396225,6
450,Kheda,2024-07-30,48.641332046332046,6
450,Kheda,2024-07-31,49.0437578125,6
450,Kheda,2024-08-01,50.03610810810811,6
450,Kheda,2024-08-02,49.92483606557377,6
450,Kheda,2024-08-03,49.753024154589376,6
450,Kheda,2024-08-04,61.835872549019605,6
450,Kheda,2024-08-05,51.625280701754384,6
450,Kheda,2024-08-06,51.040545851528385,6
450,Kheda,2024-08-07,58.648683257918556,6
450,Kheda,2024-08-08,51.41920524017467,6
450,Kheda,2024-08-09,52.4909009009009,6
450,Kheda,2024-08-10,52.93008965517242,6
450,Kheda,2024-08-11,52.883790540540545,6
450,Kheda,2024-08-12,55.69896923076924,6
450,Kheda,2024-08-13,52.252170616113744,6
450,Kheda,2024-08-14,49.998866952789704,6
450,Kheda,2024-08-15,52.29218859649123,6
450,Kheda,2024-08-16,49.04647272727273,6
450,Kheda,2024-08-17,45.81281318681319,6
450,Kheda,2024-08-18,44.67396153846154,6
450,Kheda,2024-08-19,46.812814814814814,6
450,Kheda,2024-08-20,51.74860625,5
450,Kheda,2024-08-21,56.00616666666667,5
450,Kheda,2024-08-22,55.406339080459766,5
450,Kheda,2024-08-23,50.75962694300518,5
450,Kheda,2024-08-24,52.59132369942197,5
450,Kheda,2024-08-25,55.04675657894737,5
450,Kheda,2024-08-26,53.108401785714285,5
450,Kheda,2024-08-27,54.037519230769234,5
450,Kheda,2024-08-28,54.91104444444444,5
450,Kheda,2024-08-29,54.413515306122456,5
450,Kheda,2024-08-30,59.97292783505154,5
450,Kheda,2024-08-31,56.19334715025907,5
450,Kheda,2024-09-01,53.31948186528497,5
450,Kheda,2024-09-02,56.38845089285714,5
450,Kheda,2024-09-03,53.32238695652174,5
450,Kheda,2024-09-04,55.133225352112674,5
450,Kheda,2024-09-05,53.00703947368421,5
450,Kheda,2024-09-06,52.05742978723404,5
450,Kheda,2024-09-07,52.161135371179036,5
450,Kheda,2024-09-08,54.05525581395349,5
450,Kheda,2024-09-09,52.87747747747748,5
450,Kheda,2024-09-10,52.84428761061947,5
450,Kheda,2024-09-11,52.182809090909096,5
450,Kheda,2024-09-12,53.49584186046511,5
450,Kheda,2024-09-13,51.888965065502184,5
450,Kheda,2024-09-14,53.13099056603774,5
450,Kheda,2024-09-15,52.24785972850679,5
450,Kheda,2024-09-16,51.041000000000004,5
450,Kheda,2024-09-17,50.80639712918661,5
450,Kheda,2024-09-18,51.72943438914027,5
450,Kheda,2024-09-19,51.547066666666666,5
450,Kheda,2024-09-20,51.64154666666666,5
450,Kheda,2024-09-21,50.58421645021645,5
450,Kheda,2024-09-22,50.758916299559466,5
450,Kheda,2024-09-23,50.5224358974359,5
450,Kheda,2024-09-24,52.36697435897435,5
450,Kheda,2024-09-25,51.669023255813954,5
450,Kheda,2024-09-26,53.00814054054054,5
450,Kheda,2024-09-27,52.24557407407407,5
450,Kheda,2024-09-28,52.76555172413793,5
450,Kheda,2024-09-29,55.002178160919534,5
450,Kheda,2024-09-30,51.72638190954773,5
450,Kheda,2024-10-01,50.69207234042553,5
450,Kheda,2024-10-02,53.2127023255814,5
450,Kheda,2024-10-03,51.40977419354839,5
450,Kheda,2024-10-04,51.244547085201795,5
450,Kheda,2024-10-05,56.013629107981224,5
450,Kheda,2024-10-06,51.088404545454544,5
450,Kheda,2024-10-07,50.30515584415584,5
450,Kheda,2024-10-08,50.6665799086758,5
450,Kheda,2024-10-09,51.06851351351351,5
450,Kheda,2024-10-10,51.018159090909094,5
450,Kheda,2024-10-11,51.21920283018868,5
450,Kheda,2024-10-12,50.636247747747746,5
450,Kheda,2024-10-13,50.37441810344828,5
450,Kheda,2024-10-14,52.00274761904762,5
450,Kheda,2024-10-15,50.520242152466366,5
450,Kheda,2024-10-16,51.46651794871794,5
450,Kheda,2024-10-17,52.59931443298969,5
450,Kheda,2024-10-18,53.82827227722772,5
450,Kheda,2024-10-19,52.81075728155339,5
450,Kheda,2024-10-20,53.554508196721315,5
450,Kheda,2024-10-21,53.36785945945946,5
450,Kheda,2024-10-22,56.66092737430168,5
450,Kheda,2024-10-23,54.35979381443298,5
450,Kheda,2024-10-24,52.61094791666667,5
450,Kheda,2024-10-25,51.965864406779666,5
450,Kheda,2024-10-26,51.982581395348845,5
450,Kheda,2024-10-27,52.94654285714285,5
450,Kheda,2024-10-28,53.03899346405229,5
450,Kheda,2024-10-29,54.706703125,5
450,Kheda,2024-10-30,49.816955801104974,5
450,Kheda,2024-10-31,50.87227403846154,5
450,Kheda,2024-11-01,51.1512850678733,5
450,Kheda,2024-11-02,51.8370294117647,5
450,Kheda,2024-11-03,52.64368137254902,5
450,Kheda,2024-11-04,52.84882291666667,5
450,Kheda,2024-11-05,56.4198111111111,5
450,Kheda,2024-11-06,51.58084331797235,5
450,Kheda,2024-11-07,52.44010185185185,5
450,Kheda,2024-11-08,52.07938308457712,5
450,Kheda,2024-11-09,51.905353535353534,5
450,Kheda,2024-11-10,50.656432692307696,5
450,Kheda,2024-11-11,49.87048598130841,5
450,Kheda,2024-11-12,49.48475,5
450,Kheda,2024-11-13,51.37666829268293,5
450,Kheda,2024-11-14,51.58274396135266,5
450,Kheda,2024-11-15,50.022668141592916,5
450,Kheda,2024-11-16,51.60961926605505,5
450,Kheda,2024-11-17,51.13083574879227,5
450,Kheda,2024-11-18,49.87198230088495,5
450,Kheda,2024-11-19,50.164184210526315,5
450,Kheda,2024-11-20,50.21475454545454,5
450,Kheda,2024-11-21,50.656431718061675,5
450,Kheda,2024-11-22,49.95238116591928,5
450,Kheda,2024-11-23,50.19212857142857,5
450,Kheda,2024-11-24,49.64364545454546,5
450,Kheda,2024-11-25,50.101757142857146,5
450,Kheda,2024-11-26,50.01553333333334,5
450,Kheda,2024-11-27,49.6495641025641,5
450,Kheda,2024-11-28,50.94335981308411,5
450,Kheda,2024-11-29,50.17606030150754,5
450,Kheda,2024-11-30,50.015680555555555,5
450,Kheda,2024-12-01,49.18280722891566,5
450,Kheda,2024-12-02,49.830345238095234,5
450,Kheda,2024-12-03,50.01876666666667,5
450,Kheda,2024-12-04,49.380359375000005,5
450,Kheda,2024-12-05,50.61025,5
450,Kheda,2024-12-06,52.563576354679796,5
450,Kheda,2024-12-07,52.44905555555555,5
450,Kheda,2024-12-08,51.56619487179487,5
450,Kheda,2024-12-09,50.79893684210527,5
450,Kheda,2024-12-10,51.413871794871795,5
450,Kheda,2024-12-11,49.642397435897436,5
450,Kheda,2024-12-12,50.79144,5
450,Kheda,2024-12-13,51.32809734513274,5
450,Kheda,2024-12-14,52.23164114832536,5
450,Kheda,2024-12-15,52.310802752293576,5
450,Kheda,2024-12-16,50.20767759562841,5
450,Kheda,2024-12-17,50.51589473684211,5
450,Kheda,2024-12-18,51.116425438596494,5
450,Kheda,2024-12-19,51.38257399103139,5
450,Kheda,2024-12-20,50.44634199134199,5
450,Kheda,2024-12-21,49.846091666666666,5
450,Kheda,2024-12-22,49.95526694915254,5
450,Kheda,2024-12-23,49.740551282051285,5
450,Kheda,2024-12-24,50.643446902654865,5
450,Kheda,2024-12-25,50.08482683982684,5
450,Kheda,2024-12-26,50.68101877934273,5
450,Kheda,2024-12-27,50.81668032786885,5
450,Kheda,2024-12-28,73.7465,1
450,Kheda,2024-12-31,52.0079797979798,5
450,Kheda,2025-01-01,49.8694362745098,5
450,Kheda,2025-01-02,50.07262820512821,5
450,Kheda,2025-01-03,50.87560267857143,5
450,Kheda,2025-01-04,52.1330875,5
450,Kheda,2025-01-05,50.63667241379311,5
450,Kheda,2025-01-06,50.72595073891626,5
450,Kheda,2025-01-07,49.80479746835443,5
450,Kheda,2025-01-08,50.82255021834061,5
450,Kheda,2025-01-09,50.47671982758621,5
450,Kheda,2025-01-10,49.66918357487923,5
450,Kheda,2025-01-11,49.96779591836735,5
450,Kheda,2025-01-12,48.03470786516854,5
450,Kheda,2025-01-13,48.99610215053763,5
450,Kheda,2025-01-14,50.04449765258216,5
450,Kheda,2025-01-15,49.710573333333336,5
450,Kheda,2025-01-16,50.04076018099548,5
450,Kheda,2025-01-17,51.030004566210046,5
450,Kheda,2025-01-18,51.98013551401869,5
450,Kheda,2025-01-19,51.02800507614213,5
450,Kheda,2025-01-20,51.37304807692307,5
450,Kheda,2025-01-21,50.135568306010924,5
450,Kheda,2025-01-22,50.390158974358975,5
450,Kheda,2025-01-23,51.59655,5
450,Kheda,2025-01-24,50.2736256684492,5
450,Kheda,2025-01-25,50.58277472527473,5
450,Kheda,2025-01-26,51.28653503184713,5
450,Kheda,2025-01-27,49.78189075630252,5
450,Kheda,2025-01-28,52.2990786516854,5
450,Kheda,2025-01-29,55.786215,5
450,Kheda,2025-01-30,52.710469945355186,5
450,Kheda,2025-01-31,53.54370388349515,5
450,Kheda,2025-02-01,52.576233082706764,5
450,Kheda,2025-02-03,52.94469724770642,5
450,Kheda,2025-02-04,52.902553921568625,5
450,Kheda,2025-02-05,52.11332367149759,5
450,Kheda,2025-02-06,54.359514018691584,5
450,Kheda,2025-02-07,53.72964018691589,5
450,Kheda,2025-02-08,52.37280660377358,5
450,Kheda,2025-02-09,52.027205741626794,5
450,Kheda,2025-02-10,51.643696261682244,5
450,Kheda,2025-02-11,51.57515668202765,5
450,Kheda,2025-02-12,50.723601769911504,5
450,Kheda,2025-02-13,51.999344186046514,5
450,Kheda,2025-02-14,52.73255769230769,5
450,Kheda,2025-02-15,50.40640816326531,5
450,Kheda,2025-02-16,49.61197478991596,5
450,Kheda,2025-02-17,50.835056410256406,5
450,Kheda,2025-02-18,52.13780373831776,5
450,Kheda,2025-02-19,52.45899481865285,5
450,Kheda,2025-02-20,50.738742105263164,5
450,Kheda,2025-02-21,51.419478723404254,5
450,Kheda,2025-02-22,52.81608552631579,5
450,Kheda,2025-02-23,55.90325,4
450,Kheda,2025-02-24,49.56527160493827,5
450,Kheda,2025-02-25,49.46422818791947,5
450,Kheda,2025-02-27,50.59940875912409,5
450,Kheda,2025-02-28,49.46268493150685,5
450,Kheda,2025-03-01,49.77153571428571,5
450,Kheda,2025-03-02,52.78623834196892,5
450,Kheda,2025-03-03,50.293769230769236,5
450,Kheda,2025-03-04,49.48951739130435,5
450,Kheda,2025-03-05,49.4629358974359,5
450,Kheda,2025-03-06,49.72875,5
450,Kheda,2025-03-07,48.617423728813556,5
450,Kheda,2025-03-08,49.0005506329114,5
450,Kheda,2025-03-09,49.520102564102565,5
450,Kheda,2025-03-10,49.88562626262626,5
450,Kheda,2025-03-11,49.171922413793105,5
450,Kheda,2025-03-12,48.64323043478261,5
450,Kheda,2025-03-13,49.05763362068965,5
450,Kheda,2025-03-14,49.21929184549356,5
450,Kheda,2025-03-15,49.41806046511628,5
450,Kheda,2025-03-16,49.235842857142856,5
450,Kheda,2025-03-17,53.13819047619048,5
450,Kheda,2025-03-18,48.70906696428572,5
450,Kheda,2025-03-19,49.21605479452055,5
450,Kheda,2025-03-20,48.96091573033708,5
450,Kheda,2025-03-21,47.81585087719298,5
450,Kheda,2025-03-22,48.576121739130436,5
450,Kheda,2025-03-23,48.9382,5
450,Kheda,2025-03-24,48.62502564102564,5
450,Kheda,2025-03-25,48.79425,5
450,Kheda,2025-03-26,49.66138709677419,5
450,Kheda,2025-03-27,49.406633027522936,5
450,Kheda,2025-03-28,48.92999999999999,5
450,Kheda,2025-03-29,49.804780748663106,5
450,Kheda,2025-03-30,49.179398190045255,5
450,Kheda,2025-03-31,49.455707762557076,5
450,Kheda,2025-04-01,49.7138511627907,5
450,Kheda,2025-04-02,49.69730666666667,5
450,Kheda,2025-04-03,48.05322012578616,5
450,Kheda,2025-04-04,48.72347179487179,5
450,Kheda,2025-04-05,49.32971428571428,5
450,Kheda,2025-04-06,51.587593749999996,5
450,Kheda,2025-04-07,53.07634554973822,5
450,Kheda,2025-04-08,51.47146596858639,5
450,Kheda,2025-04-09,52.55851075268817,5
450,Kheda,2025-04-10,53.31236756756757,5
450,Kheda,2025-04-11,53.252560606060605,5
450,Kheda,2025-04-12,53.055384999999994,5
450,Kheda,2025-04-13,54.47468586387434,5
450,Kheda,2025-04-14,52.40074257425743,5
450,Kheda,2025-04-15,54.25436170212766,5
450,Kheda,2025-04-16,54.39341481481481,5
450,Kheda,2025-04-17,55.73983870967742,5
450,Kheda,2025-04-18,54.34084269662922,5
450,Kheda,2025-04-19,52.067152173913044,5
450,Kheda,2025-04-20,53.92133720930232,5
450,Kheda,2025-04-21,54.11801123595505,5
450,Kheda,2025-04-22,51.88867961165048,5
450,Kheda,2025-04-23,55.29805882352941,5
450,Kheda,2025-04-24,55.41434782608695,5
450,Kheda,2025-04-25,52.79264835164835,5
450,Kheda,2025-04-26,51.117029126213595,5
450,Kheda,2025-04-27,52.833119658119664,5
450,Kheda,2025-04-28,50.384750000000004,5
450,Kheda,2025-04-29,53.51090909090909,5
450,Kheda,2025-04-30,50.38718260869565,5
450,Kheda,2025-05-01,52.341690909090914,5
450,Kheda,2025-05-02,52.872150000000005,5
450,Kheda,2025-05-03,46.992253012048195,5
450,Kheda,2025-05-04,43.25829787234042,4
450,Kheda,2025-05-06,53.39824590163935,4
450,Kheda,2025-05-07,53.59855263157895,5
450,Kheda,2025-05-08,53.778551020408166,5
450,Kheda,2025-05-09,51.48363963963964,5
450,Kheda,2025-05-10,51.43295652173913,5
450,Kheda,2025-05-11,48.92174757281553,5
450,Kheda,2025-05-12,51.82807608695652,5
450,Kheda,2025-05-13,50.60366666666667,5
450,Kheda,2025-05-14,49.232407894736845,5
450,Kheda,2025-05-15,49.351846153846154,5
450,Kheda,2025-05-16,54.35329310344827,4
450,Kheda,2025-05-17,52.448394904458596,5
450,Kheda,2025-05-18,51.622,5
450,Kheda,2025-05-19,52.785262195121945,5
450,Kheda,2025-05-20,51.81231205673759,5
450,Kheda,2025-05-21,50.6096935483871,5
450,Kheda,2025-05-22,49.62605517241379,5
450,Kheda,2025-05-23,52.15068115942029,5
450,Kheda,2025-05-24,50.89902173913043,5
450,Kheda,2025-05-25,50.66671515151515,5
450,Kheda,2025-05-26,55.834544910179645,5
450,Kheda,2025-05-27,52.50442073170732,5
450,Kheda,2025-05-28,50.85928235294117,5
450,Kheda,2025-05-29,53.137616883116884,5
450,Kheda,2025-05-30,50.98224864864865,5
450,Kheda,2025-05-31,48.64756666666666,5
450,Kheda,2025-06-01,52.73387577639752,5
450,Kheda,2025-06-02,55.31958620689655,5
450,Kheda,2025-06-03,54.60061538461538,5
450,Kheda,2025-06-04,51.391395161290326,5
450,Kheda,2025-06-05,53.42767647058823,5
450,Kheda,2025-06-06,55.99746470588235,5
450,Kheda,2025-06-07,55.274082802547774,5
450,Kheda,2025-06-08,52.804315476190474,5
450,Kheda,2025-06-09,55.81052054794521,5
450,Kheda,2025-06-10,53.92830177514793,5
450,Kheda,2025-06-11,52.55195081967213,5
450,Kheda,2025-06-12,54.22134375,5
450,Kheda,2025-06-13,54.35870175438596,5
450,Kheda,2025-06-14,56.44175147928995,5
450,Kheda,2025-06-15,55.87781976744186,5
450,Kheda,2025-06-16,56.73073417721519,5
450,Kheda,2025-06-17,54.00788888888889,5
450,Kheda,2025-06-18,55.0852429378531,5
450,Kheda,2025-06-19,59.836163636363636,4
450,Kheda,2025-06-20,60.20982178217822,4
450,Kheda,2025-06-21,61.998540000000006,4
450,Kheda,2025-06-22,59.73278571428572,4
450,Kheda,2025-06-23,60.606739583333336,4
450,Kheda,2025-06-24,56.51726829268293,4
450,Kheda,2025-06-25,59.66602777777777,4
450,Kheda,2025-06-26,62.591460674157304,4
450,Kheda,2025-06-27,62.29819101123595,4
450,Kheda,2025-06-28,67.28479999999999,3
450,Kheda,2025-06-29,49.79744262295082,4
450,Kheda,2025-06-30,57.392310344827585,4
450,Kheda,2025-07-01,60.703703999999995,4
450,Kheda,2025-07-02,60.81672932330827,4
450,Kheda,2025-07-03,58.7737033898305,4
450,Kheda,2025-07-04,59.42979562043795,4
450,Kheda,2025-07-05,58.08530769230769,4
450,Kheda,2025-07-06,57.66766666666666,4
450,Kheda,2025-07-07,53.61696153846153,3
450,Kheda,2025-07-08,54.7952,3
450,Kheda,2025-07-09,53.70891397849462,3
450,Kheda,2025-07-10,55.78374747474748,3
450,Kheda,2025-07-11,58.169160493827164,3
450,Kheda,2025-07-12,54.69518965517241,3
450,Kheda,2025-07-13,51.41873846153846,3
450,Kheda,2025-07-14,53.03634375,3
450,Kheda,2025-07-15,53.35324137931034,3
450,Kheda,2025-07-20,44.82501020408163,4
450,Kheda,2025-07-21,49.32523684210526,4
450,Kheda,2025-07-22,48.86447435897436,3
450,Kheda,2025-07-23,46.2776091954023,3
450,Kheda,2025-07-24,45.4011875,3
450,Kheda,2025-07-27,46.8036847826087,3
450,Kheda,2025-07-28,48.71000000000001,3
450,Kheda,2025-07-29,55.45849122807017,3
450,Kheda,2025-07-30,56.23181818181818,3
450,Kheda,2025-07-31,50.01448529411765,3
450,Kheda,2025-08-01,51.30658441558442,3
450,Kheda,2025-08-02,51.59467272727272,3
450,Kheda,2025-08-03,57.19924999999999,3
450,Kheda,2025-08-04,47.42111111111111,3
450,Kheda,2025-08-05,50.953199999999995,3
450,Kheda,2025-08-06,51.565609756097565,4
450,Kheda,2025-08-07,52.67167391304348,4
450,Kheda,2025-08-08,49.22876543209877,4
450,Kheda,2025-08-09,51.91947826086957,4
450,Kheda,2025-08-10,54.82051666666667,3
450,Kheda,2025-08-11,49.13322018348624,4
450,Kheda,2025-08-12,48.34991262135922,4
450,Kheda,2025-08-13,51.60331884057971,4
450,Kheda,2025-08-14,49.81303529411765,4
450,Kheda,2025-08-15,48.34899019607843,4
450,Kheda,2025-08-16,48.406010752688175,4
450,Kheda,2025-08-17,54.59040425531914,4
450,Kheda,2025-08-18,80.26700000000001,1
450,Kheda,2025-08-20,54.684973333333325,4
450,Kheda,2025-08-21,53.00316455696203,4
450,Kheda,2025-08-22,54.258282051282045,4
450,Kheda,2025-08-23,51.69267857142857,4
450,Kheda,2025-08-24,49.81077272727273,4
450,Kheda,2025-08-25,53.1193768115942,4
450,Kheda,2025-08-27,50.41236486486486,4
450,Kheda,2025-08-28,53.54631168831168,4
450,Kheda,2025-09-01,49.87421686746988,4
450,Kheda,2025-09-02,53.389049382716045,4
450,Kheda,2025-09-03,48.47330487804878,4
450,Kheda,2025-09-04,51.6883125,4
450,Kheda,2025-09-05,52.28204761904762,3
450,Kheda,2025-09-06,51.385935483870966,4
450,Kheda,2025-09-07,51.96592957746479,3
450,Kheda,2025-09-08,49.32861538461539,4
450,Kheda,2025-09-09,50.0408202247191,4
450,Kheda,2025-09-10,52.899537499999994,4
450,Kheda,2025-09-11,53.354873417721514,4
450,Kheda,2025-09-12,49.489577777777775,4
450,Kheda,2025-09-13,53.60692957746479,4
450,Kheda,2025-09-14,51.81965432098765,4
450,Kheda,2025-09-15,49.28719512195122,4
450,Kheda,2025-09-16,53.34186363636364,4
450,Kheda,2025-09-17,48.40590588235295,4
450,Kheda,2025-09-18,49.90104938271605,4
450,Kheda,2025-09-20,44.00116,5
450,Kheda,2025-09-21,46.99797777777778,5
450,Kheda,2025-09-22,46.919456790123455,4
450,Kheda,2025-09-23,43.80254255319149,5
450,Kheda,2025-09-24,44.2175,5
450,Kheda,2025-09-25,43.98025242718447,5
450,Kheda,2025-09-26,46.691199999999995,5
450,Kheda,2025-09-27,46.097784090909094,5
450,Kheda,2025-09-28,45.57139361702128,5
450,Kheda,2025-09-29,45.7106404494382,5
450,Kheda,2025-09-30,46.45378021978022,5
450,Kheda,2025-10-01,45.91968085106383,5
450,Kheda,2025-10-02,47.162440476190476,4
450,Kheda,2025-10-03,46.7342625,4
450,Kheda,2025-10-04,47.68741573033708,4
450,Kheda,2025-10-05,45.383250000000004,5
450,Kheda,2025-10-06,46.262784946236565,5
450,Kheda,2025-10-07,46.920966666666665,4
450,Kheda,2025-10-08,46.55626136363637,5
450,Kheda,2025-10-09,46.65534831460674,5
450,Kheda,2025-10-10,45.86041237113402,5
450,Kheda,2025-10-11,43.49947572815534,5
450,Kheda,2025-10-12,47.13703529411765,5
450,Kheda,2025-10-13,47.722793103448275,4
450,Kheda,2025-10-14,47.164825,5
450,Kheda,2025-10-15,46.61518390804598,5
450,Kheda,2025-10-16,47.25369444444445,4
450,Kheda,2025-10-17,45.352864583333336,5
450,Kheda,2025-10-18,47.39447058823529,4
450,Kheda,2025-10-19,47.01297590361445,4
450,Kheda,2025-10-20,47.16035164835164,4
450,Kheda,2025-10-21,45.99640860215054,5
450,Kheda,2025-10-22,46.28108695652173,5
450,Kheda,2025-10-23,46.80774226804123,5
450,Kheda,2025-10-24,46.89419791666666,5
450,Kheda,2025-10-25,46.42573958333333,5
450,Kheda,2025-10-26,47.47980645161291,4
450,Kheda,2025-10-27,47.249272727272725,4
450,Kheda,2025-10-28,47.187369565217395,5
450,Kheda,2025-10-29,47.48917045454546,5
450,Kheda,2025-10-30,47.313085106382985,5
450,Kheda,2025-10-31,45.10096511627907,5
450,Kheda,2025-11-01,46.40271111111111,5
450,Kheda,2025-11-02,47.15105813953488,4
450,Kheda,2025-11-03,47.84254651162791,4
450,Kheda,2025-11-04,47.23993548387097,5
450,Kheda,2025-11-05,44.858599999999996,5
450,Kheda,2025-11-07,43.014030000000005,5
450,Kheda,2025-11-08,42.228096491228065,5
450,Kheda,2025-11-09,42.62104166666666,5
450,Kheda,2025-11-10,42.67609243697479,5
450,Kheda,2025-11-11,44.15940909090909,5
450,Kheda,2025-11-12,43.518844036697246,5
450,Kheda,2025-11-13,43.48988,5
450,Kheda,2025-11-14,46.500921568627454,4
450,Kheda,2025-11-15,42.74559375,5
450,Kheda,2025-11-22,33.1754,3
450,Kheda,2025-11-23,41.17292857142857,5
450,Kheda,2025-11-24,44.083279999999995,5
450,Kheda,2025-11-25,47.17042857142857,5
450,Kheda,2025-11-26,44.48324137931034,5
450,Kheda,2025-11-27,46.87103333333334,4
450,Kheda,2025-11-30,61.37472727272727,2
450,Kheda,2025-12-01,62.95052631578947,2
450,Kheda,2025-12-02,62.95697727272727,2
450,Kheda,2025-12-03,62.98173913043478,2
450,Kheda,2025-12-04,63.030795454545455,2
450,Kheda,2025-12-05,64.18284444444444,2
450,Kheda,2025-12-06,61.89968888888889,2
450,Kheda,2025-12-07,63.04459090909091,2
450,Kheda,2025-12-08,63.44339534883721,2
450,Kheda,2025-12-09,62.67123404255319,2
450,Kheda,2025-12-10,63.01733333333333,2
450,Kheda,2025-12-11,63.38465957446809,2
450,Kheda,2025-12-12,63.384787234042555,2
450,Kheda,2025-12-13,63.026895833333334,2
450,Kheda,2025-12-14,66.23989830508475,2
450,Kheda,2025-12-15,67.94640298507463,2
450,Kheda,2025-12-16,68.64936764705882,2
450,Kheda,2025-12-17,68.12842647058824,2
450,Kheda,2025-12-18,67.94523880597015,2
450,Kheda,2025-12-19,67.76168181818181,2
450,Kheda,2025-12-20,67.76175757575757,2
450,Kheda,2025-12-21,67.16180952380951,2
450,Kheda,2025-12-22,66.73526229508197,2
450,Kheda,2025-12-23,64.41267307692307,2
450,Kheda,2025-12-24,63.45387234042553,2
450,Kheda,2025-12-25,62.71046808510638,2
450,Kheda,2025-12-26,63.06577083333334,2
450,Kheda,2025-12-27,63.810021739130434,2
450,Kheda,2025-12-28,63.06761363636363,2
450,Kheda,2025-12-29,63.81563043478261,2
450,Kheda,2025-12-30,63.08033333333333,2
450,Kheda,2025-12-31,63.090270833333335,2
451,Mahesana,2021-02-25,71.8119090909091,1
451,Mahesana,2021-02-26,56.594857142857144,1
451,Mahesana,2021-02-27,78.68734042553191,1
451,Mahesana,2021-02-28,52.622875,1
451,Mahesana,2021-03-01,71.76217142857142,1
451,Mahesana,2021-04-06,182.876,1
451,Mahesana,2021-04-07,77.09907142857142,1
451,Mahesana,2021-04-08,83.925,1
451,Mahesana,2021-04-09,94.82147916666666,1
451,Mahesana,2021-04-10,71.67162499999999,1
451,Mahesana,2021-04-11,84.8445,1
451,Mahesana,2021-04-12,74.90977083333333,1
451,Mahesana,2021-04-13,107.39235416666666,1
451,Mahesana,2021-04-14,71.5645,1
451,Mahesana,2021-04-15,67.3726530612245,1
451,Mahesana,2021-04-16,75.88740425531915,1
451,Mahesana,2021-04-17,81.42389583333333,1
451,Mahesana,2021-04-18,78.11133333333333,1
451,Mahesana,2021-04-19,71.49575,1
451,Mahesana,2021-04-20,75.96900000000001,1
451,Mahesana,2021-04-21,74.7630625,1
451,Mahesana,2021-04-22,54.9428125,1
451,Mahesana,2021-04-23,68.13639583333334,1
451,Mahesana,2021-04-24,68.12739583333332,1
451,Mahesana,2021-04-25,81.32014583333333,1
451,Mahesana,2021-04-26,68.0995625,1
451,Mahesana,2021-04-27,97.79708333333333,1
451,Mahesana,2021-04-28,104.39033333333333,1
451,Mahesana,2021-04-29,104.37258333333334,1
451,Mahesana,2021-04-30,104.36225,1
451,Mahesana,2021-05-01,104.347625,1
451,Mahesana,2021-05-02,104.33370833333333,1
451,Mahesana,2021-05-03,107.76226086956522,1
451,Mahesana,2021-05-04,104.30108333333334,1
451,Mahesana,2021-05-05,104.28875,1
451,Mahesana,2021-05-06,104.27304166666666,1
451,Mahesana,2021-05-07,104.26020833333332,1
451,Mahesana,2021-05-08,104.25,1
451,Mahesana,2021-05-09,107.68039130434782,1
451,Mahesana,2021-05-10,115.53595238095238,1
451,Mahesana,2021-05-11,105.88736170212766,1
451,Mahesana,2021-05-12,105.86895744680852,1
451,Mahesana,2021-05-13,105.85729787234042,1
451,Mahesana,2021-05-14,104.16016666666667,1
451,Mahesana,2021-05-15,104.14625,1
451,Mahesana,2021-05-16,104.13208333333334,1
451,Mahesana,2021-05-17,107.56182608695653,1
451,Mahesana,2021-05-18,152.88815384615384,1
451,Mahesana,2021-05-19,183.39745833333333,1
451,Mahesana,2021-05-20,183.3933043478261,1
451,Mahesana,2021-05-21,183.39016666666666,1
451,Mahesana,2021-05-22,183.383875,1
451,Mahesana,2021-05-23,183.374875,1
451,Mahesana,2021-05-24,183.36350000000002,1
451,Mahesana,2021-05-25,183.35108333333335,1
451,Mahesana,2021-05-26,183.33883333333333,1
451,Mahesana,2021-05-27,183.3303829787234,1
451,Mahesana,2021-05-28,183.32742553191488,1
451,Mahesana,2021-05-29,183.3166666666667,1
451,Mahesana,2021-05-30,183.30429166666667,1
451,Mahesana,2021-05-31,183.290125,1
451,Mahesana,2021-06-01,183.27740425531917,1
451,Mahesana,2021-06-02,183.26511363636362,1
451,Mahesana,2021-06-03,183.2641489361702,1
451,Mahesana,2021-06-04,183.25795744680852,1
451,Mahesana,2021-06-05,183.23737500000001,1
451,Mahesana,2021-06-06,183.22176595744682,1
451,Mahesana,2021-06-07,183.21,1
451,Mahesana,2021-06-08,183.19351063829785,1
451,Mahesana,2021-06-09,183.17370833333334,1
451,Mahesana,2021-06-10,183.15361702127657,1
451,Mahesana,2021-06-11,183.13791666666665,1
451,Mahesana,2021-06-12,183.1206818181818,1
451,Mahesana,2021-06-13,183.0978918918919,1
451,Mahesana,2021-06-14,183.08495833333333,1
451,Mahesana,2021-06-15,183.06440425531915,1
451,Mahesana,2021-06-16,183.05363829787237,1
451,Mahesana,2021-06-17,183.04458695652173,1
451,Mahesana,2021-06-18,183.04988636363635,1
451,Mahesana,2021-06-19,183.11275,1
451,Mahesana,2021-06-20,183.15312500000002,1
451,Mahesana,2021-06-21,183.154625,1
451,Mahesana,2021-06-22,183.13820833333332,1
451,Mahesana,2021-06-23,183.14008333333334,1
451,Mahesana,2021-06-24,183.12751063829788,1
451,Mahesana,2021-06-25,183.11862499999998,1
451,Mahesana,2021-06-26,183.1062916666667,1
451,Mahesana,2021-06-27,183.08925,1
451,Mahesana,2021-06-28,183.0759736842105,1
451,Mahesana,2021-06-29,183.06048717948718,1
451,Mahesana,2021-06-30,183.04902127659574,1
451,Mahesana,2021-07-01,183.026914893617,1
451,Mahesana,2021-07-02,183.01106382978725,1
451,Mahesana,2021-07-03,183.00044680851065,1
451,Mahesana,2021-07-04,182.98906382978726,1
451,Mahesana,2021-07-05,182.96924242424242,1
451,Mahesana,2021-07-06,182.95154285714287,1
451,Mahesana,2021-07-07,182.93648484848484,1
451,Mahesana,2021-07-08,182.9257380952381,1
451,Mahesana,2021-07-09,182.9185,1
451,Mahesana,2021-07-10,182.9026170212766,1
451,Mahesana,2021-07-11,182.8999534883721,1
451,Mahesana,2021-07-12,182.89834146341465,1
451,Mahesana,2021-07-13,182.88941666666665,1
451,Mahesana,2021-07-14,182.8881489361702,1
451,Mahesana,2021-07-15,182.88193478260868,1
451,Mahesana,2021-07-16,182.87695744680852,1
451,Mahesana,2021-07-17,182.87483333333333,1
451,Mahesana,2021-07-18,182.8650888888889,1
451,Mahesana,2021-07-19,182.85202127659574,1
451,Mahesana,2021-07-20,182.845375,1
451,Mahesana,2021-07-21,182.84404081632653,1
451,Mahesana,2021-07-22,182.836,1
451,Mahesana,2021-07-23,182.83248936170213,1
451,Mahesana,2021-07-24,182.828125,1
451,Mahesana,2021-07-25,182.83225000000002,1
451,Mahesana,2021-07-26,182.84736956521738,1
451,Mahesana,2021-07-27,182.84716666666668,1
451,Mahesana,2021-07-28,182.85345833333335,1
451,Mahesana,2021-07-29,182.85925,1
451,Mahesana,2021-07-30,182.86695652173913,1
451,Mahesana,2021-07-31,182.86474468085106,1
451,Mahesana,2021-08-01,182.87055102040816,1
451,Mahesana,2021-08-02,182.87354166666668,1
451,Mahesana,2021-08-03,182.87863829787236,1
451,Mahesana,2021-08-04,182.87840425531914,1
451,Mahesana,2021-08-05,182.88177551020408,1
451,Mahesana,2021-08-06,182.88329787234042,1
451,Mahesana,2021-08-07,182.8802916666667,1
451,Mahesana,2021-08-08,182.87487234042555,1
451,Mahesana,2021-08-09,182.86987234042553,1
451,Mahesana,2021-08-10,182.86504255319147,1
451,Mahesana,2021-08-11,182.85978723404256,1
451,Mahesana,2021-08-12,182.85216666666668,1
451,Mahesana,2021-08-13,182.84455319148935,1
451,Mahesana,2021-08-14,182.8360416666667,1
451,Mahesana,2021-08-15,182.83017391304347,1
451,Mahesana,2021-08-16,182.8235,1
451,Mahesana,2021-08-17,182.81158333333335,1
451,Mahesana,2021-08-18,182.7985652173913,1
451,Mahesana,2021-08-19,182.7898913043478,1
451,Mahesana,2021-08-20,182.78925,1
451,Mahesana,2021-08-21,182.7835,1
451,Mahesana,2021-08-22,182.77670833333332,1
451,Mahesana,2021-08-23,182.76902127659574,1
451,Mahesana,2021-08-24,182.75866666666664,1
451,Mahesana,2021-08-25,182.7495,1
451,Mahesana,2021-08-26,182.74163829787233,1
451,Mahesana,2021-08-27,182.73604255319148,1
451,Mahesana,2021-08-28,182.72727659574468,1
451,Mahesana,2021-08-29,182.71908510638298,1
451,Mahesana,2021-08-30,182.71170833333335,1
451,Mahesana,2021-08-31,182.70345833333332,1
451,Mahesana,2021-09-01,182.7147659574468,1
451,Mahesana,2021-09-02,182.76133333333334,1
451,Mahesana,2021-09-03,182.76975000000002,1
451,Mahesana,2021-09-04,182.77740425531917,1
451,Mahesana,2021-09-05,182.77921276595742,1
451,Mahesana,2021-09-06,182.77532653061223,1
451,Mahesana,2021-09-07,182.77409523809524,1
451,Mahesana,2021-09-08,182.77602857142858,1
451,Mahesana,2021-09-09,182.7865,1
451,Mahesana,2021-09-10,182.8786875,1
451,Mahesana,2021-09-11,183.12932142857144,1
451,Mahesana,2021-09-12,183.25965517241377,1
451,Mahesana,2021-09-13,184.084,1
451,Mahesana,2021-09-14,183.49583333333334,1
451,Mahesana,2021-09-15,183.52242307692308,1
451,Mahesana,2021-09-16,183.54083333333335,1
451,Mahesana,2021-09-17,183.58037777777778,1
451,Mahesana,2021-09-18,183.62653333333333,1
451,Mahesana,2021-09-19,183.66171111111112,1
451,Mahesana,2021-09-20,183.6762391304348,1
451,Mahesana,2021-09-21,183.7165744680851,1
451,Mahesana,2021-09-22,183.81582978723407,1
451,Mahesana,2021-09-23,183.99029166666665,1
451,Mahesana,2021-09-24,184.05031914893615,1
451,Mahesana,2021-09-25,184.06980434782608,1
451,Mahesana,2021-09-26,184.11759999999998,1
451,Mahesana,2021-09-27,184.21565909090907,1
451,Mahesana,2021-09-28,186.62563157894738,1
451,Mahesana,2021-09-29,184.36225000000002,1
451,Mahesana,2021-09-30,184.40720833333333,1
451,Mahesana,2021-10-01,184.44420833333334,1
451,Mahesana,2021-10-02,184.45080000000002,1
451,Mahesana,2021-10-03,184.4675714285714,1
451,Mahesana,2021-10-04,184.49888571428573,1
451,Mahesana,2021-10-05,184.53022448979593,1
451,Mahesana,2021-10-06,184.53765853658535,1
451,Mahesana,2021-10-07,184.5238857142857,1
451,Mahesana,2021-10-08,184.5455476190476,1
451,Mahesana,2021-10-09,184.55203030303028,1
451,Mahesana,2021-10-10,184.56182857142858,1
451,Mahesana,2021-10-11,184.5596896551724,1
451,Mahesana,2021-10-12,184.56702941176468,1
451,Mahesana,2021-10-13,184.55863333333335,1
451,Mahesana,2021-10-14,184.5430588235294,1
451,Mahesana,2021-10-15,184.54159375,1
451,Mahesana,2021-10-16,184.55105,1
451,Mahesana,2021-10-17,184.5425,1
451,Mahesana,2021-10-18,184.53939285714287,1
451,Mahesana,2021-10-19,184.54679310344827,1
451,Mahesana,2021-10-20,184.53921212121213,1
451,Mahesana,2021-10-21,184.4591379310345,1
451,Mahesana,2021-10-22,184.51763333333332,1
451,Mahesana,2021-10-23,184.52303125,1
451,Mahesana,2021-10-24,184.50529032258063,1
451,Mahesana,2021-10-25,184.48136666666667,1
451,Mahesana,2021-10-26,184.46958620689657,1
451,Mahesana,2021-10-27,184.46574193548386,1
451,Mahesana,2021-10-28,184.45908510638296,1
451,Mahesana,2021-10-29,184.4415,1
451,Mahesana,2021-10-30,184.43297058823532,1
451,Mahesana,2021-10-31,184.317,1
451,Mahesana,2021-11-01,184.27988888888888,1
451,Mahesana,2021-11-02,184.26674074074074,1
451,Mahesana,2021-11-03,184.27666666666667,1
451,Mahesana,2021-11-04,184.26760000000002,1
451,Mahesana,2021-11-05,184.25283333333334,1
451,Mahesana,2021-11-06,184.23219230769232,1
451,Mahesana,2021-11-07,184.23025925925924,1
451,Mahesana,2021-11-08,184.224,1
451,Mahesana,2021-11-09,184.21996666666666,1
451,Mahesana,2021-11-10,184.1898888888889,1
451,Mahesana,2021-11-11,184.1825625,1
451,Mahesana,2021-11-12,184.1342258064516,1
451,Mahesana,2021-11-13,184.0660769230769,1
451,Mahesana,2021-11-14,184.02293333333333,1
451,Mahesana,2021-11-15,183.98010000000002,1
451,Mahesana,2021-11-16,183.9260303030303,1
451,Mahesana,2021-11-17,183.88810526315788,1
451,Mahesana,2021-11-18,183.8538064516129,1
451,Mahesana,2021-11-19,183.94232258064517,1
451,Mahesana,2021-11-20,183.98164285714284,1
451,Mahesana,2021-11-21,184.07385185185183,1
451,Mahesana,2021-11-22,184.14643333333333,1
451,Mahesana,2021-11-23,184.15837931034483,1
451,Mahesana,2021-11-24,184.17406896551722,1
451,Mahesana,2021-11-25,184.2030294117647,1
451,Mahesana,2021-11-26,184.1998181818182,1
451,Mahesana,2021-11-27,184.2290833333333,1
451,Mahesana,2021-11-28,184.226914893617,1
451,Mahesana,2021-11-29,184.22454166666668,1
451,Mahesana,2021-11-30,184.16794117647058,1
451,Mahesana,2021-12-01,184.1644193548387,1
451,Mahesana,2021-12-02,184.19144680851062,1
451,Mahesana,2021-12-03,184.1788043478261,1
451,Mahesana,2021-12-04,184.17851428571427,1
451,Mahesana,2021-12-05,184.1650322580645,1
451,Mahesana,2021-12-06,184.15512903225806,1
451,Mahesana,2021-12-07,184.12574999999998,1
451,Mahesana,2021-12-08,184.12457142857144,1
451,Mahesana,2021-12-09,184.11673333333331,1
451,Mahesana,2021-12-10,184.09026923076922,1
451,Mahesana,2021-12-11,184.09673333333333,1
451,Mahesana,2021-12-12,184.08890322580646,1
451,Mahesana,2021-12-13,184.07425806451613,1
451,Mahesana,2021-12-14,184.01592857142856,1
451,Mahesana,2021-12-15,183.96846666666667,1
451,Mahesana,2021-12-16,183.9300303030303,1
451,Mahesana,2021-12-17,183.84361290322582,1
451,Mahesana,2021-12-18,183.79527272727273,1
451,Mahesana,2021-12-19,183.7460606060606,1
451,Mahesana,2021-12-20,183.6962727272727,1
451,Mahesana,2021-12-21,183.64167741935483,1
451,Mahesana,2021-12-22,183.6043125,1
451,Mahesana,2021-12-23,183.58254838709678,1
451,Mahesana,2021-12-24,183.58025,1
451,Mahesana,2021-12-25,183.551275,1
451,Mahesana,2021-12-26,183.52223404255318,1
451,Mahesana,2021-12-27,183.48248979591835,1
451,Mahesana,2021-12-28,177.92682758620688,1
451,Mahesana,2021-12-29,183.36643333333333,1
451,Mahesana,2021-12-30,183.3278275862069,1
451,Mahesana,2021-12-31,183.31996875,1
451,Mahesana,2022-01-01,183.30283870967742,1
451,Mahesana,2022-01-02,183.25223076923078,1
451,Mahesana,2022-01-03,183.27363888888888,1
451,Mahesana,2022-01-04,183.23090322580646,1
451,Mahesana,2022-01-05,183.19966666666667,1
451,Mahesana,2022-01-06,183.18667857142856,1
451,Mahesana,2022-01-07,183.16979310344828,1
451,Mahesana,2022-01-08,183.1715357142857,1
451,Mahesana,2022-01-09,183.16942424242424,1
451,Mahesana,2022-01-10,183.12789655172412,1
451,Mahesana,2022-01-11,183.1134705882353,1
451,Mahesana,2022-01-12,183.07371875,1
451,Mahesana,2022-01-13,183.04551612903225,1
451,Mahesana,2022-01-14,183.0025625,1
451,Mahesana,2022-01-15,182.95444444444445,1
451,Mahesana,2022-01-16,182.92468965517241,1
451,Mahesana,2022-01-17,182.91272222222221,1
451,Mahesana,2022-01-18,182.84199999999998,1
451,Mahesana,2022-01-19,182.78775757575758,1
451,Mahesana,2022-01-20,182.77730952380952,1
451,Mahesana,2022-01-21,182.6645625,1
451,Mahesana,2022-01-22,182.59720000000002,1
451,Mahesana,2022-01-23,182.526,1
451,Mahesana,2022-01-24,182.45276470588237,1
451,Mahesana,2022-01-25,182.34672413793103,1
451,Mahesana,2022-01-26,182.28518518518518,1
451,Mahesana,2022-01-27,182.23509375,1
451,Mahesana,2022-01-28,182.17714285714285,1
451,Mahesana,2022-01-29,182.1392258064516,1
451,Mahesana,2022-01-30,182.08545161290323,1
451,Mahesana,2022-01-31,182.0556,1
451,Mahesana,2022-02-01,182.0064827586207,1
451,Mahesana,2022-02-02,182.00202272727273,1
451,Mahesana,2022-02-03,181.92730303030302,1
451,Mahesana,2022-02-04,181.87496428571427,1
451,Mahesana,2022-02-05,181.83370967741936,1
451,Mahesana,2022-02-06,181.80087096774193,1
451,Mahesana,2022-02-07,181.76386666666667,1
451,Mahesana,2022-02-08,181.7427931034483,1
451,Mahesana,2022-02-09,181.69653571428572,1
451,Mahesana,2022-02-10,181.66717857142856,1
451,Mahesana,2022-02-11,181.6549,1
451,Mahesana,2022-02-12,181.6324375,1
451,Mahesana,2022-02-13,181.59192857142855,1
451,Mahesana,2022-02-14,181.577625,1
451,Mahesana,2022-02-15,181.55196875000001,1
451,Mahesana,2022-02-16,181.542175,1
451,Mahesana,2022-02-17,181.52525,1
451,Mahesana,2022-02-18,181.824625,1
451,Mahesana,2022-02-19,181.42182758620692,1
451,Mahesana,2022-02-20,181.43140625,1
451,Mahesana,2022-02-21,181.4259696969697,1
451,Mahesana,2022-02-22,181.42516216216217,1
451,Mahesana,2022-02-23,181.42979545454546,1
451,Mahesana,2022-02-24,181.41390476190477,1
451,Mahesana,2022-02-25,181.37079411764705,1
451,Mahesana,2022-02-26,181.35510000000002,1
451,Mahesana,2022-02-27,181.3247,1
451,Mahesana,2022-02-28,181.3094827586207,1
451,Mahesana,2022-03-01,181.31403125,1
451,Mahesana,2022-03-02,181.30333333333334,1
451,Mahesana,2022-03-03,181.28255172413793,1
451,Mahesana,2022-03-04,181.25264516129033,1
451,Mahesana,2022-03-05,181.2417,1
451,Mahesana,2022-03-06,181.237125,1
451,Mahesana,2022-03-07,181.2018787878788,1
451,Mahesana,2022-03-08,181.15862068965518,1
451,Mahesana,2022-03-09,181.147375,1
451,Mahesana,2022-03-10,181.11076666666668,1
451,Mahesana,2022-03-11,181.06867741935483,1
451,Mahesana,2022-03-12,181.04860714285715,1
451,Mahesana,2022-03-13,181.00878571428572,1
451,Mahesana,2022-03-14,180.99306896551724,1
451,Mahesana,2022-03-15,180.98057142857144,1
451,Mahesana,2022-03-16,181.02946153846153,1
451,Mahesana,2022-03-17,181.01070370370368,1
451,Mahesana,2022-03-18,181.00125454545454,1
451,Mahesana,2022-03-19,180.9871851851852,1
451,Mahesana,2022-03-20,180.9785882352941,1
451,Mahesana,2022-03-21,180.95456666666666,1
451,Mahesana,2022-03-22,180.93703448275863,1
451,Mahesana,2022-03-23,180.9442181818182,1
451,Mahesana,2022-03-24,180.9302142857143,1
451,Mahesana,2022-03-25,180.84946428571428,1
451,Mahesana,2022-03-26,180.83706666666666,1
451,Mahesana,2022-03-27,180.82231034482757,1
451,Mahesana,2022-03-28,181.24980769230768,1
451,Mahesana,2022-03-29,180.81517142857143,1
451,Mahesana,2022-03-30,180.8347727272727,1
451,Mahesana,2022-03-31,181.5100303030303,1
451,Mahesana,2022-04-01,183.1424,1
451,Mahesana,2022-04-02,184.07538888888888,1
451,Mahesana,2022-04-03,180.7692380952381,1
451,Mahesana,2022-04-04,180.73907142857144,1
451,Mahesana,2022-04-05,180.714425,1
451,Mahesana,2022-04-06,181.2788095238095,1
451,Mahesana,2022-04-07,181.26933333333332,1
451,Mahesana,2022-04-08,182.00188888888889,1
451,Mahesana,2022-04-09,180.5150909090909,1
451,Mahesana,2022-04-10,180.63535294117648,1
451,Mahesana,2022-04-11,181.24946153846153,1
451,Mahesana,2022-04-12,180.62606976744186,1
451,Mahesana,2022-04-13,180.60844680851062,1
451,Mahesana,2022-04-14,185.3368222222222,1
451,Mahesana,2022-04-15,180.56558139534883,1
451,Mahesana,2022-04-16,180.55830952380953,1
451,Mahesana,2022-04-17,180.53663636363638,1
451,Mahesana,2022-04-18,180.5100487804878,1
451,Mahesana,2022-04-19,193.87680952380953,1
451,Mahesana,2022-04-20,180.46379069767443,1
451,Mahesana,2022-04-21,180.43815909090907,1
451,Mahesana,2022-04-22,180.43595454545454,1
451,Mahesana,2022-04-23,180.40666666666667,1
451,Mahesana,2022-04-24,180.390525,1
451,Mahesana,2022-04-25,180.37025,1
451,Mahesana,2022-04-26,180.31792857142858,1
451,Mahesana,2022-04-27,180.31253125,1
451,Mahesana,2022-04-28,180.316,1
451,Mahesana,2022-04-29,180.22887500000002,1
451,Mahesana,2022-04-30,181.77654166666665,1
451,Mahesana,2022-05-01,180.19908333333333,1
451,Mahesana,2022-05-02,180.69729166666664,1
451,Mahesana,2022-05-03,180.678125,1
451,Mahesana,2022-05-04,180.141,1
451,Mahesana,2022-05-05,180.11116666666666,1
451,Mahesana,2022-05-06,180.12403333333336,1
451,Mahesana,2022-05-07,180.0901851851852,1
451,Mahesana,2022-05-08,180.07803333333334,1
451,Mahesana,2022-05-09,180.4908275862069,1
451,Mahesana,2022-05-10,180.04465625,1
451,Mahesana,2022-05-11,180.01355555555554,1
451,Mahesana,2022-05-12,180.0078125,1
451,Mahesana,2022-05-13,179.97642307692306,1
451,Mahesana,2022-05-14,179.97593333333333,1
451,Mahesana,2022-05-15,179.97688888888888,1
451,Mahesana,2022-05-16,179.9201851851852,1
451,Mahesana,2022-05-17,179.91282142857145,1
451,Mahesana,2022-05-18,179.89889655172414,1
451,Mahesana,2022-05-19,179.90532352941176,1
451,Mahesana,2022-05-20,179.88202631578946,1
451,Mahesana,2022-05-21,179.8456111111111,1
451,Mahesana,2022-05-22,179.81883333333334,1
451,Mahesana,2022-05-23,179.78653125,1
451,Mahesana,2022-05-24,179.7918125,1
451,Mahesana,2022-05-25,179.78274193548387,1
451,Mahesana,2022-05-26,179.7838157894737,1
451,Mahesana,2022-05-27,179.72355555555555,1
451,Mahesana,2022-05-28,179.72829411764704,1
451,Mahesana,2022-05-29,179.71773684210527,1
451,Mahesana,2022-05-30,179.97302777777776,1
451,Mahesana,2022-05-31,179.702,1
451,Mahesana,2022-06-01,180.53086842105262,1
451,Mahesana,2022-06-02,179.6271923076923,1
451,Mahesana,2022-06-03,179.6514,1
451,Mahesana,2022-06-04,179.6288529411765,1
451,Mahesana,2022-06-05,179.6031818181818,1
451,Mahesana,2022-06-06,179.59352777777778,1
451,Mahesana,2022-06-07,179.5509375,1
451,Mahesana,2022-06-08,179.51318750000002,1
451,Mahesana,2022-06-09,179.51502499999998,1
451,Mahesana,2022-06-10,179.4931388888889,1
451,Mahesana,2022-06-11,179.45677419354837,1
451,Mahesana,2022-06-12,179.42192592592593,1
451,Mahesana,2022-06-13,179.4122857142857,1
451,Mahesana,2022-06-14,179.41874074074073,1
451,Mahesana,2022-06-15,179.38562962962965,1
451,Mahesana,2022-06-16,179.3951212121212,1
451,Mahesana,2022-06-17,179.3952972972973,1
451,Mahesana,2022-06-18,179.36373529411765,1
451,Mahesana,2022-06-19,179.3295,1
451,Mahesana,2022-06-20,179.3403888888889,1
451,Mahesana,2022-06-21,179.31799999999998,1
451,Mahesana,2022-06-22,179.28106451612902,1
451,Mahesana,2022-06-23,179.3074871794872,1
451,Mahesana,2022-06-24,179.29610810810811,1
451,Mahesana,2022-06-25,179.22912499999998,1
451,Mahesana,2022-06-26,180.187303030303,1
451,Mahesana,2022-06-27,179.23648484848485,1
451,Mahesana,2022-06-28,179.22121875,1
451,Mahesana,2022-06-29,179.21126470588234,1
451,Mahesana,2022-06-30,179.19157575757575,1
451,Mahesana,2022-07-01,179.19986842105263,1
451,Mahesana,2022-07-02,179.89343181818182,1
451,Mahesana,2022-07-03,180.3254722222222,1
451,Mahesana,2022-07-04,179.48338709677418,1
451,Mahesana,2022-07-05,179.54870967741937,1
451,Mahesana,2022-07-06,179.689875,1
451,Mahesana,2022-07-07,180.67609677419355,1
451,Mahesana,2022-07-08,179.9246551724138,1
451,Mahesana,2022-07-09,179.97740625,1
451,Mahesana,2022-07-10,179.9793448275862,1
451,Mahesana,2022-07-11,179.99746666666667,1
451,Mahesana,2022-07-12,184.39005405405405,1
451,Mahesana,2022-07-13,182.25715151515152,1
451,Mahesana,2022-07-14,180.53830000000002,1
451,Mahesana,2022-07-15,180.7074,1
451,Mahesana,2022-07-16,180.85619444444444,1
451,Mahesana,2022-07-17,195.02117647058824,1
451,Mahesana,2022-07-18,180.9384705882353,1
451,Mahesana,2022-07-19,181.06289999999998,1
451,Mahesana,2022-07-20,181.79896774193548,1
451,Mahesana,2022-07-21,182.0166451612903,1
451,Mahesana,2022-07-22,182.09829629629633,1
451,Mahesana,2022-07-23,182.82170967741936,1
451,Mahesana,2022-07-24,182.5243125,1
451,Mahesana,2022-07-25,182.9455,1
451,Mahesana,2022-07-26,183.49875757575757,1
451,Mahesana,2022-07-27,183.2164411764706,1
451,Mahesana,2022-07-28,184.1616052631579,1
451,Mahesana,2022-07-29,183.26043902439025,1
451,Mahesana,2022-07-30,183.316525,1
451,Mahesana,2022-07-31,183.35990697674418,1
451,Mahesana,2022-08-01,183.3951914893617,1
451,Mahesana,2022-08-02,183.43902173913042,1
451,Mahesana,2022-08-03,183.4628157894737,1
451,Mahesana,2022-08-04,183.54421428571428,1
451,Mahesana,2022-08-05,184.08161702127657,1
451,Mahesana,2022-08-06,185.1929210526316,1
451,Mahesana,2022-08-07,183.86844444444444,1
451,Mahesana,2022-08-08,183.8337380952381,1
451,Mahesana,2022-08-09,184.06248648648648,1
451,Mahesana,2022-08-10,184.30039393939396,1
451,Mahesana,2022-08-11,184.62535,1
451,Mahesana,2022-08-12,184.92335714285713,1
451,Mahesana,2022-08-13,185.3374565217391,1
451,Mahesana,2022-08-14,185.71397777777779,1
451,Mahesana,2022-08-15,185.96538636363636,1
451,Mahesana,2022-08-16,186.43417073170733,1
451,Mahesana,2022-08-17,188.02407894736842,1
451,Mahesana,2022-08-18,188.43138461538462,1
451,Mahesana,2022-08-19,188.49476315789474,1
451,Mahesana,2022-08-20,188.48146511627905,1
451,Mahesana,2022-08-21,188.47907692307692,1
451,Mahesana,2022-08-22,188.5900487804878,1
451,Mahesana,2022-08-23,188.52803333333335,1
451,Mahesana,2022-08-24,188.448625,1
451,Mahesana,2022-08-25,188.54600000000002,1
451,Mahesana,2022-08-26,188.82487500000002,1
451,Mahesana,2022-08-27,189.04425,1
451,Mahesana,2022-08-28,189.18954545454545,1
451,Mahesana,2022-08-29,189.24142857142857,1
451,Mahesana,2022-08-30,189.25323529411764,1
451,Mahesana,2022-08-31,189.24143750000002,1
451,Mahesana,2022-09-01,189.2499024390244,1
451,Mahesana,2022-09-02,189.25684210526316,1
451,Mahesana,2022-09-03,189.24917777777776,1
451,Mahesana,2022-09-04,189.23073809523808,1
451,Mahesana,2022-09-05,189.21845652173914,1
451,Mahesana,2022-09-06,189.24010869565217,1
451,Mahesana,2022-09-07,189.28242222222224,1
451,Mahesana,2022-09-08,189.30059574468086,1
451,Mahesana,2022-09-09,189.31479166666668,1
451,Mahesana,2022-09-10,189.31866666666667,1
451,Mahesana,2022-09-11,189.32529787234043,1
451,Mahesana,2022-09-12,189.3414255319149,1
451,Mahesana,2022-09-13,189.31591666666668,1
451,Mahesana,2022-09-14,189.30287234042555,1
451,Mahesana,2022-09-15,189.29635555555555,1
451,Mahesana,2022-09-16,189.31809756097562,1
451,Mahesana,2022-09-17,189.3056170212766,1
451,Mahesana,2022-09-18,189.33774285714284,1
451,Mahesana,2022-09-19,189.33742105263158,1
451,Mahesana,2022-09-20,189.34096666666667,1
451,Mahesana,2022-09-21,189.3481818181818,1
451,Mahesana,2022-09-22,189.34737142857145,1
451,Mahesana,2022-09-23,189.35216666666665,1
451,Mahesana,2022-09-24,189.3636129032258,1
451,Mahesana,2022-09-25,189.3680666666667,1
451,Mahesana,2022-09-26,189.3672,1
451,Mahesana,2022-09-27,189.3639,1
451,Mahesana,2022-09-28,189.36997368421052,1
451,Mahesana,2022-09-29,189.38066666666666,1
451,Mahesana,2022-09-30,189.3868695652174,1
451,Mahesana,2022-10-01,189.40058333333332,1
451,Mahesana,2022-10-02,189.4154583333333,1
451,Mahesana,2022-10-03,189.42153191489362,1
451,Mahesana,2022-10-04,189.42520833333333,1
451,Mahesana,2022-10-05,189.42487500000001,1
451,Mahesana,2022-10-06,189.42729166666666,1
451,Mahesana,2022-10-07,189.42355319148933,1
451,Mahesana,2022-10-08,189.41970833333335,1
451,Mahesana,2022-10-09,189.4365744680851,1
451,Mahesana,2022-10-10,189.44157142857142,1
451,Mahesana,2022-10-11,189.4414,1
451,Mahesana,2022-10-12,189.45056521739133,1
451,Mahesana,2022-10-13,189.45489361702127,1
451,Mahesana,2022-10-14,189.45741304347825,1
451,Mahesana,2022-10-15,189.45329032258064,1
451,Mahesana,2022-10-19,0.003,1
451,Mahesana,2022-10-28,183.147,1
451,Mahesana,2022-11-01,97.65156,1
451,Mahesana,2022-11-02,101.03533333333333,1
451,Mahesana,2022-11-03,79.01854166666666,1
451,Mahesana,2022-11-04,108.46983333333333,1
451,Mahesana,2022-11-05,102.55264705882352,1
451,Mahesana,2022-11-06,151.3172857142857,1
451,Mahesana,2022-11-07,147.62835294117647,1
451,Mahesana,2022-11-08,134.044125,1
451,Mahesana,2022-11-09,159.76391666666666,1
451,Mahesana,2022-11-10,189.13009302325582,1
451,Mahesana,2022-11-11,189.1060425531915,1
451,Mahesana,2022-11-12,189.07613333333333,1
451,Mahesana,2022-11-13,189.0410612244898,1
451,Mahesana,2022-11-14,189.00725531914895,1
451,Mahesana,2022-11-15,188.97228571428573,1
451,Mahesana,2022-11-16,188.93324324324323,1
451,Mahesana,2022-11-17,188.8944054054054,1
451,Mahesana,2022-11-18,188.854825,1
451,Mahesana,2022-11-19,188.81912499999999,1
451,Mahesana,2022-11-20,188.78714893617018,1
451,Mahesana,2022-11-21,188.76863829787234,1
451,Mahesana,2022-11-22,188.75916666666666,1
451,Mahesana,2022-11-23,188.39666666666668,1
451,Mahesana,2022-11-24,188.67763414634146,1
451,Mahesana,2022-11-25,188.646,1
451,Mahesana,2022-11-26,188.61678260869564,1
451,Mahesana,2022-11-27,188.59082222222222,1
451,Mahesana,2022-11-28,188.46246341463416,1
451,Mahesana,2022-11-29,188.53386486486485,1
451,Mahesana,2022-11-30,188.50564864864864,1
451,Mahesana,2022-12-01,188.48057575757576,1
451,Mahesana,2022-12-02,188.46391428571428,1
451,Mahesana,2022-12-03,188.44839393939392,1
451,Mahesana,2022-12-04,188.430375,1
451,Mahesana,2022-12-05,188.41085,1
451,Mahesana,2022-12-06,188.3952857142857,1
451,Mahesana,2022-12-07,188.38325714285713,1
451,Mahesana,2022-12-08,188.3665238095238,1
451,Mahesana,2022-12-09,188.35390476190477,1
451,Mahesana,2022-12-10,188.33845652173912,1
451,Mahesana,2022-12-11,188.31454545454545,1
451,Mahesana,2022-12-12,188.28697872340425,1
451,Mahesana,2022-12-13,188.2507916666667,1
451,Mahesana,2022-12-14,188.21657777777776,1
451,Mahesana,2022-12-15,188.18276086956521,1
451,Mahesana,2022-12-16,188.14445945945945,1
451,Mahesana,2022-12-17,188.09872222222222,1
451,Mahesana,2022-12-18,188.06310714285715,1
451,Mahesana,2022-12-19,188.01619047619047,1
451,Mahesana,2022-12-20,187.97983333333332,1
451,Mahesana,2022-12-21,187.94075555555557,1
451,Mahesana,2022-12-22,187.90285365853657,1
451,Mahesana,2022-12-23,187.8749534883721,1
451,Mahesana,2022-12-24,187.84525,1
451,Mahesana,2022-12-25,187.81290476190475,1
451,Mahesana,2022-12-26,187.66567500000002,1
451,Mahesana,2022-12-27,187.7637142857143,1
451,Mahesana,2022-12-28,187.74616666666668,1
451,Mahesana,2022-12-29,187.73521951219513,1
451,Mahesana,2022-12-30,187.72581395348837,1
451,Mahesana,2022-12-31,187.7063043478261,1
451,Mahesana,2023-01-01,187.68555555555557,1
451,Mahesana,2023-01-02,187.66983783783783,1
451,Mahesana,2023-01-03,187.641775,1
451,Mahesana,2023-01-04,187.61105128205128,1
451,Mahesana,2023-01-05,187.56946153846152,1
451,Mahesana,2023-01-06,187.5333777777778,1
451,Mahesana,2023-01-07,187.49408333333335,1
451,Mahesana,2023-01-08,187.45369444444444,1
451,Mahesana,2023-01-09,187.41677419354838,1
451,Mahesana,2023-01-10,187.23729268292684,1
451,Mahesana,2023-01-11,187.32842222222223,1
451,Mahesana,2023-01-12,187.2823076923077,1
451,Mahesana,2023-01-13,187.2404761904762,1
451,Mahesana,2023-01-14,187.21635135135136,1
451,Mahesana,2023-01-15,187.19242105263157,1
451,Mahesana,2023-01-16,187.1700625,1
451,Mahesana,2023-01-17,187.13804761904763,1
451,Mahesana,2023-01-18,186.26495555555556,1
451,Mahesana,2023-01-19,187.08021951219513,1
451,Mahesana,2023-01-20,187.04749999999999,1
451,Mahesana,2023-01-21,187.01491666666666,1
451,Mahesana,2023-01-22,186.9813076923077,1
451,Mahesana,2023-01-23,186.95333333333332,1
451,Mahesana,2023-01-24,186.92455882352942,1
451,Mahesana,2023-01-25,186.89832608695653,1
451,Mahesana,2023-01-26,186.8668085106383,1
451,Mahesana,2023-01-27,186.84189361702127,1
451,Mahesana,2023-01-28,186.8216888888889,1
451,Mahesana,2023-01-29,186.64118181818182,1
451,Mahesana,2023-01-30,186.81754285714285,1
451,Mahesana,2023-01-31,186.81004878048782,1
451,Mahesana,2023-02-01,186.79716666666664,1
451,Mahesana,2023-02-02,186.78151219512193,1
451,Mahesana,2023-02-03,186.7644565217391,1
451,Mahesana,2023-02-04,186.7480681818182,1
451,Mahesana,2023-02-05,186.73006382978724,1
451,Mahesana,2023-02-06,186.702,1
451,Mahesana,2023-02-07,186.66944444444445,1
451,Mahesana,2023-02-08,186.62952173913044,1
451,Mahesana,2023-02-09,186.59102564102565,1
451,Mahesana,2023-02-10,186.54332352941177,1
451,Mahesana,2023-02-11,186.50058333333334,1
451,Mahesana,2023-02-12,186.4547837837838,1
451,Mahesana,2023-02-13,186.27889583333334,1
451,Mahesana,2023-02-14,186.3742105263158,1
451,Mahesana,2023-02-15,186.33056097560976,1
451,Mahesana,2023-02-16,186.29814705882353,1
451,Mahesana,2023-02-17,186.2607857142857,1
451,Mahesana,2023-02-18,186.2323,1
451,Mahesana,2023-02-19,186.1959117647059,1
451,Mahesana,2023-02-20,186.16410638297873,1
451,Mahesana,2023-02-21,185.681914893617,1
451,Mahesana,2023-02-22,186.08454166666664,1
451,Mahesana,2023-02-23,186.0408913043478,1
451,Mahesana,2023-02-24,185.9955,1
451,Mahesana,2023-02-25,185.952925,1
451,Mahesana,2023-02-26,185.9094347826087,1
451,Mahesana,2023-02-27,185.86700000000002,1
451,Mahesana,2023-02-28,185.81933333333333,1
451,Mahesana,2023-03-01,185.79319512195121,1
451,Mahesana,2023-03-02,185.75820833333333,1
451,Mahesana,2023-03-03,185.55863636363637,1
451,Mahesana,2023-03-04,185.6705652173913,1
451,Mahesana,2023-03-05,185.62119565217392,1
451,Mahesana,2023-03-06,185.577125,1
451,Mahesana,2023-03-07,185.534,1
451,Mahesana,2023-03-08,185.49568085106384,1
451,Mahesana,2023-03-09,185.4578780487805,1
451,Mahesana,2023-03-10,185.41568421052634,1
451,Mahesana,2023-03-11,185.36752173913047,1
451,Mahesana,2023-03-12,185.32155555555553,1
451,Mahesana,2023-03-13,185.0050238095238,1
451,Mahesana,2023-03-14,185.23188372093026,1
451,Mahesana,2023-03-15,185.18697826086958,1
451,Mahesana,2023-03-16,185.1629772727273,1
451,Mahesana,2023-03-17,185.1306976744186,1
451,Mahesana,2023-03-18,185.10331428571428,1
451,Mahesana,2023-03-20,185.06609090909092,1
451,Mahesana,2023-03-21,185.05260975609755,1
451,Mahesana,2023-03-22,185.03452173913044,1
451,Mahesana,2023-03-23,185.0108260869565,1
451,Mahesana,2023-03-24,184.98514285714288,1
451,Mahesana,2023-03-25,184.96331818181818,1
451,Mahesana,2023-03-26,184.93575609756098,1
451,Mahesana,2023-03-27,184.91489361702128,1
451,Mahesana,2023-03-28,184.89621428571428,1
451,Mahesana,2023-03-29,184.87645,1
451,Mahesana,2023-03-30,184.86629545454545,1
451,Mahesana,2023-03-31,184.85175675675677,1
451,Mahesana,2023-04-01,184.83644444444442,1
451,Mahesana,2023-04-02,184.82485106382978,1
451,Mahesana,2023-04-03,184.81735714285713,1
451,Mahesana,2023-04-04,184.80288372093025,1
451,Mahesana,2023-04-05,184.79334210526315,1
451,Mahesana,2023-04-06,184.78241304347827,1
451,Mahesana,2023-04-07,184.77278048780488,1
451,Mahesana,2023-04-08,184.76157142857141,1
451,Mahesana,2023-04-09,184.75039130434783,1
451,Mahesana,2023-04-10,184.73927906976743,1
451,Mahesana,2023-04-11,184.72933333333336,1
451,Mahesana,2023-04-12,184.71740425531917,1
451,Mahesana,2023-04-13,184.703425,1
451,Mahesana,2023-04-14,184.69584090909092,1
451,Mahesana,2023-04-15,184.68271794871796,1
451,Mahesana,2023-04-16,184.67337837837837,1
451,Mahesana,2023-04-17,184.659425,1
451,Mahesana,2023-04-18,184.64558695652175,1
451,Mahesana,2023-04-19,184.62790476190477,1
451,Mahesana,2023-04-20,184.61302857142857,1
451,Mahesana,2023-04-21,184.60174999999998,1
451,Mahesana,2023-04-22,184.58855555555556,1
451,Mahesana,2023-04-23,184.56689999999998,1
451,Mahesana,2023-04-24,184.5663953488372,1
451,Mahesana,2023-04-25,184.54829999999998,1
451,Mahesana,2023-04-26,184.53586842105264,1
451,Mahesana,2023-04-27,184.5255945945946,1
451,Mahesana,2023-04-28,184.51533333333333,1
451,Mahesana,2023-04-29,184.51562962962961,1
451,Mahesana,2023-04-30,184.5088536585366,1
451,Mahesana,2023-05-01,184.49997727272728,1
451,Mahesana,2023-05-02,184.4913181818182,1
451,Mahesana,2023-05-03,184.48397500000002,1
451,Mahesana,2023-05-04,184.48007142857145,1
451,Mahesana,2023-05-05,184.4716222222222,1
451,Mahesana,2023-05-06,184.45927906976743,1
451,Mahesana,2023-05-07,184.44671739130433,1
451,Mahesana,2023-05-08,184.43751111111112,1
451,Mahesana,2023-05-09,184.42313043478262,1
451,Mahesana,2023-05-10,184.41088888888888,1
451,Mahesana,2023-05-11,184.40002127659574,1
451,Mahesana,2023-05-12,184.39057777777776,1
451,Mahesana,2023-05-13,184.37658064516128,1
451,Mahesana,2023-05-14,184.3534,1
451,Mahesana,2023-05-15,184.3415238095238,1
451,Mahesana,2023-05-16,184.32872972972973,1
451,Mahesana,2023-05-17,184.31926923076924,1
451,Mahesana,2023-05-18,184.306125,1
451,Mahesana,2023-05-19,184.2893214285714,1
451,Mahesana,2023-05-20,184.27589285714288,1
451,Mahesana,2023-05-21,184.26074193548385,1
451,Mahesana,2023-05-22,184.24964285714285,1
451,Mahesana,2023-05-23,184.2328780487805,1
451,Mahesana,2023-05-24,184.21709375,1
451,Mahesana,2023-05-25,184.18346153846156,1
451,Mahesana,2023-05-26,184.17428125,1
451,Mahesana,2023-05-27,184.16369444444445,1
451,Mahesana,2023-05-28,184.674,1
451,Mahesana,2023-05-29,184.18107692307692,1
451,Mahesana,2023-05-30,184.16436842105264,1
451,Mahesana,2023-05-31,184.1587234042553,1
451,Mahesana,2023-06-01,184.1449714285714,1
451,Mahesana,2023-06-02,184.13966666666667,1
451,Mahesana,2023-06-03,184.13448780487806,1
451,Mahesana,2023-06-04,183.77129166666668,1
451,Mahesana,2023-06-05,184.12436585365853,1
451,Mahesana,2023-06-06,184.12233333333333,1
451,Mahesana,2023-06-07,184.114875,1
451,Mahesana,2023-06-08,184.10154347826088,1
451,Mahesana,2023-06-09,183.8604358974359,1
451,Mahesana,2023-06-10,184.06946153846152,1
451,Mahesana,2023-06-11,184.05120833333334,1
451,Mahesana,2023-06-12,184.02784615384616,1
451,Mahesana,2023-06-13,184.00978260869567,1
451,Mahesana,2023-06-14,183.99205714285713,1
451,Mahesana,2023-06-15,183.9772105263158,1
451,Mahesana,2023-06-16,183.97299999999998,1
451,Mahesana,2023-06-17,184.0313846153846,1
451,Mahesana,2023-06-19,185.1270588235294,1
451,Mahesana,2023-06-20,185.32223333333334,1
451,Mahesana,2023-06-21,185.3867037037037,1
451,Mahesana,2023-06-22,185.41920588235294,1
451,Mahesana,2023-06-23,185.44141666666667,1
451,Mahesana,2023-06-24,185.45279487179488,1
451,Mahesana,2023-06-25,185.46905263157896,1
451,Mahesana,2023-06-26,185.4911395348837,1
451,Mahesana,2023-06-27,185.5301489361702,1
451,Mahesana,2023-06-28,185.55252272727273,1
451,Mahesana,2023-06-29,185.57365217391302,1
451,Mahesana,2023-06-30,185.61311111111112,1
451,Mahesana,2023-07-01,185.66113636363636,1
451,Mahesana,2023-07-02,185.8094347826087,1
451,Mahesana,2023-07-03,185.95259523809523,1
451,Mahesana,2023-07-04,185.9176976744186,1
451,Mahesana,2023-07-05,185.93553488372092,1
451,Mahesana,2023-07-06,186.0253181818182,1
451,Mahesana,2023-07-07,186.14613333333335,1
451,Mahesana,2023-07-08,186.28361764705883,1
451,Mahesana,2023-07-09,186.39945833333334,1
451,Mahesana,2023-07-10,186.57834375000002,1
451,Mahesana,2023-07-11,186.838875,1
451,Mahesana,2023-07-12,186.93321052631578,1
451,Mahesana,2023-07-13,186.988975,1
451,Mahesana,2023-07-14,187.03616000000002,1
451,Mahesana,2023-07-15,187.08664705882353,1
451,Mahesana,2023-07-16,187.1037,1
451,Mahesana,2023-07-17,187.14311764705883,1
451,Mahesana,2023-07-18,187.1770909090909,1
451,Mahesana,2023-07-19,187.10553333333334,1
451,Mahesana,2023-07-20,186.86470967741937,1
451,Mahesana,2023-07-21,187.5022972972973,1
451,Mahesana,2023-07-22,187.59315789473683,1
451,Mahesana,2023-07-23,187.70136585365856,1
451,Mahesana,2023-07-24,187.8357608695652,1
451,Mahesana,2023-07-25,187.9133404255319,1
451,Mahesana,2023-07-26,187.9717333333333,1
451,Mahesana,2023-07-27,187.79021276595742,1
451,Mahesana,2023-07-28,188.17631578947368,1
451,Mahesana,2023-07-29,188.32108333333335,1
451,Mahesana,2023-07-30,188.51654285714284,1
451,Mahesana,2023-07-31,188.55144444444443,1
451,Mahesana,2023-08-01,188.5909722222222,1
451,Mahesana,2023-08-02,188.47220512820513,1
451,Mahesana,2023-08-03,188.53923404255318,1
451,Mahesana,2023-08-04,188.54861111111111,1
451,Mahesana,2023-08-05,188.55696774193547,1
451,Mahesana,2023-08-06,188.54981578947368,1
451,Mahesana,2023-08-07,188.57217142857144,1
451,Mahesana,2023-08-08,188.617625,1
451,Mahesana,2023-08-09,188.67392105263158,1
451,Mahesana,2023-08-10,188.6293103448276,1
451,Mahesana,2023-08-11,188.77117647058824,1
451,Mahesana,2023-08-12,188.81248648648648,1
451,Mahesana,2023-08-13,188.84681395348838,1
451,Mahesana,2023-08-14,188.87929268292683,1
451,Mahesana,2023-08-15,189.6445581395349,1
451,Mahesana,2023-08-16,188.91159523809523,1
451,Mahesana,2023-08-17,188.91668181818184,1
451,Mahesana,2023-08-18,188.9233888888889,1
451,Mahesana,2023-08-19,188.93133333333333,1
451,Mahesana,2023-08-20,188.93604,1
451,Mahesana,2023-08-21,188.5243181818182,1
451,Mahesana,2023-08-22,188.95159459459458,1
451,Mahesana,2023-08-23,188.95295000000002,1
451,Mahesana,2023-08-24,188.95367441860463,1
451,Mahesana,2023-08-25,187.51002631578947,1
451,Mahesana,2023-08-26,188.95069230769232,1
451,Mahesana,2023-08-27,188.94142857142856,1
451,Mahesana,2023-08-28,188.83182857142856,1
451,Mahesana,2023-08-29,188.95391176470588,1
451,Mahesana,2023-08-30,188.96155263157894,1
451,Mahesana,2023-08-31,188.966575,1
451,Mahesana,2023-09-01,188.97494285714285,1
451,Mahesana,2023-09-02,188.97829411764707,1
451,Mahesana,2023-09-04,188.97133333333332,1
451,Mahesana,2023-09-05,188.971,1
451,Mahesana,2023-09-06,188.968,1
451,Mahesana,2023-09-07,188.97190909090907,1
451,Mahesana,2023-09-08,188.97514285714286,1
451,Mahesana,2023-09-09,188.97899999999998,1
451,Mahesana,2023-09-10,186.64499999999998,1
451,Mahesana,2023-09-11,188.97250000000003,1
451,Mahesana,2023-09-12,188.965,1
451,Mahesana,2023-09-14,188.94650000000001,1
451,Mahesana,2023-09-15,188.93500000000003,1
451,Mahesana,2023-09-16,188.915,1
451,Mahesana,2023-09-18,188.98525,1
451,Mahesana,2023-09-19,189.04975000000002,1
451,Mahesana,2023-09-20,189.08249999999998,1
451,Mahesana,2023-09-21,189.167,1
451,Mahesana,2023-09-22,189.2739230769231,1
451,Mahesana,2023-09-23,189.3239166666667,1
451,Mahesana,2023-09-24,189.399,1
451,Mahesana,2023-09-25,189.3911875,1
451,Mahesana,2023-09-26,189.37371428571427,1
451,Mahesana,2023-09-27,189.38993333333335,1
451,Mahesana,2023-09-28,189.39876470588234,1
451,Mahesana,2023-09-29,189.3905,1
451,Mahesana,2023-09-30,189.37757142857143,1
451,Mahesana,2023-10-01,189.37716666666665,1
451,Mahesana,2023-10-02,189.3831052631579,1
451,Mahesana,2023-10-03,189.39109523809523,1
451,Mahesana,2023-10-04,189.409225,1
451,Mahesana,2023-10-05,189.42271428571428,1
451,Mahesana,2023-10-06,189.4323181818182,1
451,Mahesana,2023-10-07,189.44213333333335,1
451,Mahesana,2023-10-08,189.3175,1
451,Mahesana,2023-10-09,189.47488095238094,1
451,Mahesana,2023-10-10,189.49297826086956,1
451,Mahesana,2023-10-11,189.50924999999998,1
451,Mahesana,2023-10-12,189.52346666666668,1
451,Mahesana,2023-10-13,189.53120930232558,1
451,Mahesana,2023-10-14,189.53268085106384,1
451,Mahesana,2023-10-15,189.53432608695653,1
451,Mahesana,2023-10-16,189.53212499999998,1
451,Mahesana,2023-10-17,189.5305,1
451,Mahesana,2023-10-18,189.52689361702127,1
451,Mahesana,2023-10-19,189.52177777777777,1
451,Mahesana,2023-10-20,189.52120689655172,1
451,Mahesana,2023-10-21,189.52,1
451,Mahesana,2023-10-22,188.62268965517242,1
451,Mahesana,2023-10-23,189.5173,1
451,Mahesana,2023-10-24,189.51,1
451,Mahesana,2023-10-25,189.50238709677419,1
451,Mahesana,2023-10-26,189.48834782608697,1
451,Mahesana,2023-10-27,189.47125000000003,1
451,Mahesana,2023-10-28,189.45251162790697,1
451,Mahesana,2023-10-29,189.431775,1
451,Mahesana,2023-10-30,189.41185714285714,1
451,Mahesana,2023-10-31,189.3900238095238,1
451,Mahesana,2023-11-01,189.36455,1
451,Mahesana,2023-11-02,189.26286956521741,1
451,Mahesana,2023-11-03,189.3101777777778,1
451,Mahesana,2023-11-04,189.28577272727273,1
451,Mahesana,2023-11-05,189.25841860465115,1
451,Mahesana,2023-11-06,189.23177777777778,1
451,Mahesana,2023-11-07,189.20448780487806,1
451,Mahesana,2023-11-08,189.17415,1
451,Mahesana,2023-11-09,189.14728260869563,1
451,Mahesana,2023-11-10,189.12088372093024,1
451,Mahesana,2023-11-11,189.0944358974359,1
451,Mahesana,2023-11-12,189.07855319148933,1
451,Mahesana,2023-11-13,189.07183333333333,1
451,Mahesana,2023-11-14,189.06357446808508,1
451,Mahesana,2023-11-15,189.05408333333332,1
451,Mahesana,2023-11-16,189.0458409090909,1
451,Mahesana,2023-11-17,189.03491304347827,1
451,Mahesana,2023-11-18,189.02653125,1
451,Mahesana,2023-11-19,189.00628125,1
451,Mahesana,2023-11-20,188.97624390243902,1
451,Mahesana,2023-11-21,188.94417021276595,1
451,Mahesana,2023-11-22,188.90741666666668,1
451,Mahesana,2023-11-23,188.87019565217392,1
451,Mahesana,2023-11-24,188.83367391304347,1
451,Mahesana,2023-11-25,188.79195833333333,1
451,Mahesana,2023-11-26,188.77197872340423,1
451,Mahesana,2023-11-27,188.78291666666667,1
451,Mahesana,2023-11-28,188.78587234042553,1
451,Mahesana,2023-11-29,188.79554166666665,1
451,Mahesana,2023-11-30,188.78263829787232,1
451,Mahesana,2023-12-01,188.77210638297873,1
451,Mahesana,2023-12-02,188.75891666666666,1
451,Mahesana,2023-12-03,188.74517021276597,1
451,Mahesana,2023-12-04,188.73175,1
451,Mahesana,2023-12-05,188.71584782608696,1
451,Mahesana,2023-12-06,188.695,1
451,Mahesana,2023-12-07,188.67026829268292,1
451,Mahesana,2023-12-08,188.64410638297872,1
451,Mahesana,2023-12-09,188.61878723404257,1
451,Mahesana,2023-12-10,188.59025,1
451,Mahesana,2023-12-11,188.56672340425533,1
451,Mahesana,2023-12-12,188.53595833333335,1
451,Mahesana,2023-12-13,188.50408333333334,1
451,Mahesana,2023-12-14,188.46923404255318,1
451,Mahesana,2023-12-15,188.43597872340425,1
451,Mahesana,2023-12-16,188.39973913043477,1
451,Mahesana,2023-12-17,188.36508333333333,1
451,Mahesana,2023-12-18,188.3322307692308,1
451,Mahesana,2023-12-19,188.3058695652174,1
451,Mahesana,2023-12-20,188.28070212765957,1
451,Mahesana,2023-12-21,188.25684782608695,1
451,Mahesana,2023-12-22,188.23833333333334,1
451,Mahesana,2023-12-23,188.2219761904762,1
451,Mahesana,2023-12-24,188.19775609756098,1
451,Mahesana,2023-12-25,188.17370833333334,1
451,Mahesana,2023-12-26,188.15053191489363,1
451,Mahesana,2023-12-27,188.13020833333334,1
451,Mahesana,2023-12-28,188.11029166666665,1
451,Mahesana,2023-12-29,188.08467441860464,1
451,Mahesana,2023-12-30,188.0596222222222,1
451,Mahesana,2023-12-31,188.03383333333332,1
451,Mahesana,2024-01-01,188.00634042553193,1
451,Mahesana,2024-01-02,187.9767837837838,1
451,Mahesana,2024-01-03,187.94558536585367,1
451,Mahesana,2024-01-04,187.91573333333335,1
451,Mahesana,2024-01-05,187.87655319148936,1
451,Mahesana,2024-01-06,187.8393023255814,1
451,Mahesana,2024-01-07,187.80060975609754,1
451,Mahesana,2024-01-08,187.7578,1
451,Mahesana,2024-01-09,187.72166666666666,1
451,Mahesana,2024-01-10,187.67936363636363,1
451,Mahesana,2024-01-11,187.63925,1
451,Mahesana,2024-01-12,187.60378260869564,1
451,Mahesana,2024-01-13,187.57913636363637,1
451,Mahesana,2024-01-14,187.55219512195123,1
451,Mahesana,2024-01-15,187.52948275862067,1
451,Mahesana,2024-01-16,187.50972727272728,1
451,Mahesana,2024-01-17,187.48330434782608,1
451,Mahesana,2024-01-18,187.4582765957447,1
451,Mahesana,2024-01-19,187.44070833333333,1
451,Mahesana,2024-01-20,187.40719148936168,1
451,Mahesana,2024-01-21,187.38471739130435,1
451,Mahesana,2024-01-22,187.36458333333334,1
451,Mahesana,2024-01-23,187.3403076923077,1
451,Mahesana,2024-01-24,187.315125,1
451,Mahesana,2024-01-25,187.28897872340426,1
451,Mahesana,2024-01-26,187.26605405405405,1
451,Mahesana,2024-01-27,187.23942105263157,1
451,Mahesana,2024-01-28,187.21136363636361,1
451,Mahesana,2024-01-29,187.18484210526316,1
451,Mahesana,2024-01-30,187.14666666666668,1
451,Mahesana,2024-01-31,187.11553488372093,1
451,Mahesana,2024-02-01,187.07967441860464,1
451,Mahesana,2024-02-02,187.04334782608697,1
451,Mahesana,2024-02-03,187.00411627906976,1
451,Mahesana,2024-02-04,186.9622222222222,1
451,Mahesana,2024-02-05,186.92041304347825,1
451,Mahesana,2024-02-06,186.8772765957447,1
451,Mahesana,2024-02-07,186.83431818181816,1
451,Mahesana,2024-02-08,186.78856097560976,1
451,Mahesana,2024-02-09,186.73927906976743,1
451,Mahesana,2024-02-10,186.69610869565219,1
451,Mahesana,2024-02-11,186.65095454545454,1
451,Mahesana,2024-02-12,186.61146666666667,1
451,Mahesana,2024-02-13,186.57604166666667,1
451,Mahesana,2024-02-14,186.5575,1
451,Mahesana,2024-02-15,186.53672340425533,1
451,Mahesana,2024-02-16,186.50400000000002,1
451,Mahesana,2024-02-17,186.46991666666668,1
451,Mahesana,2024-02-18,186.432875,1
451,Mahesana,2024-02-19,186.39768085106385,1
451,Mahesana,2024-02-20,186.3587659574468,1
451,Mahesana,2024-02-21,186.31241304347824,1
451,Mahesana,2024-02-22,186.27496875,1
451,Mahesana,2024-02-23,186.23314634146342,1
451,Mahesana,2024-02-24,186.19000000000003,1
451,Mahesana,2024-02-25,186.1492380952381,1
451,Mahesana,2024-02-26,186.10976744186047,1
451,Mahesana,2024-02-27,186.06995652173916,1
451,Mahesana,2024-02-28,186.03112765957445,1
451,Mahesana,2024-02-29,185.99270833333333,1
451,Mahesana,2024-03-01,185.963,1
451,Mahesana,2024-03-02,185.92377777777776,1
451,Mahesana,2024-03-03,185.89187234042552,1
451,Mahesana,2024-03-04,185.85429268292683,1
451,Mahesana,2024-03-05,185.80870454545453,1
451,Mahesana,2024-03-06,185.76616666666666,1
451,Mahesana,2024-03-07,185.72431111111112,1
451,Mahesana,2024-03-08,185.67978723404258,1
451,Mahesana,2024-03-09,185.64146808510637,1
451,Mahesana,2024-03-10,185.59650000000002,1
451,Mahesana,2024-03-11,185.54840425531913,1
451,Mahesana,2024-03-12,185.50186363636365,1
451,Mahesana,2024-03-13,185.45702173913043,1
451,Mahesana,2024-03-14,185.41368085106382,1
451,Mahesana,2024-03-15,185.37029166666665,1
451,Mahesana,2024-03-16,185.18320833333334,1
451,Mahesana,2024-03-17,185.2938333333333,1
451,Mahesana,2024-03-18,185.26063829787233,1
451,Mahesana,2024-03-19,185.23170731707316,1
451,Mahesana,2024-03-20,185.234,1
451,Mahesana,2024-03-21,185.2555111111111,1
451,Mahesana,2024-03-22,185.22510256410257,1
451,Mahesana,2024-03-23,185.1990487804878,1
451,Mahesana,2024-03-24,185.17882608695655,1
451,Mahesana,2024-03-25,185.15966666666668,1
451,Mahesana,2024-03-26,185.1346511627907,1
451,Mahesana,2024-03-27,185.10729268292684,1
451,Mahesana,2024-03-28,185.08733333333333,1
451,Mahesana,2024-03-29,185.05861904761906,1
451,Mahesana,2024-03-30,185.03251162790698,1
451,Mahesana,2024-03-31,185.00165217391302,1
451,Mahesana,2024-04-01,184.97295652173912,1
451,Mahesana,2024-04-02,184.94879166666666,1
451,Mahesana,2024-04-03,184.92666666666665,1
451,Mahesana,2024-04-04,184.90578723404255,1
451,Mahesana,2024-04-05,184.88341666666668,1
451,Mahesana,2024-04-06,184.8605,1
451,Mahesana,2024-04-07,184.83706818181818,1
451,Mahesana,2024-04-08,184.81120454545456,1
451,Mahesana,2024-04-09,184.78631914893617,1
451,Mahesana,2024-04-10,183.98148387096776,1
451,Mahesana,2024-04-11,184.730625,1
451,Mahesana,2024-04-12,184.70414285714287,1
451,Mahesana,2024-04-13,184.67891666666665,1
451,Mahesana,2024-04-14,184.65037500000003,1
451,Mahesana,2024-04-15,184.6170238095238,1
451,Mahesana,2024-04-16,184.58558333333335,1
451,Mahesana,2024-04-17,184.555625,1
451,Mahesana,2024-04-18,184.52397674418606,1
451,Mahesana,2024-04-19,184.4870930232558,1
451,Mahesana,2024-04-20,184.4515641025641,1
451,Mahesana,2024-04-21,184.42584615384615,1
451,Mahesana,2024-04-22,184.39746153846156,1
451,Mahesana,2024-04-23,184.3958205128205,1
451,Mahesana,2024-04-24,184.34695454545457,1
451,Mahesana,2024-04-25,184.32165789473683,1
451,Mahesana,2024-04-26,184.2962093023256,1
451,Mahesana,2024-04-27,184.27545238095237,1
451,Mahesana,2024-04-28,184.2545238095238,1
451,Mahesana,2024-04-29,184.22604878048782,1
451,Mahesana,2024-04-30,184.20418181818184,1
451,Mahesana,2024-05-01,184.17373333333333,1
451,Mahesana,2024-05-02,184.14534782608695,1
451,Mahesana,2024-05-03,184.11510638297872,1
451,Mahesana,2024-05-04,184.08376744186046,1
451,Mahesana,2024-05-05,184.05292857142857,1
451,Mahesana,2024-05-06,184.03888095238094,1
451,Mahesana,2024-05-07,184.02029166666668,1
451,Mahesana,2024-05-08,183.99966666666668,1
451,Mahesana,2024-05-09,183.98362162162164,1
451,Mahesana,2024-05-10,183.97,1
451,Mahesana,2024-05-11,183.9562105263158,1
451,Mahesana,2024-05-12,183.94435897435898,1
451,Mahesana,2024-05-13,183.69906666666668,1
451,Mahesana,2024-05-14,183.91591666666667,1
451,Mahesana,2024-05-15,183.9051777777778,1
451,Mahesana,2024-05-16,183.8929,1
451,Mahesana,2024-05-17,183.879,1
451,Mahesana,2024-05-18,183.86895833333332,1
451,Mahesana,2024-05-19,183.8493333333333,1
451,Mahesana,2024-05-20,183.83027906976744,1
451,Mahesana,2024-05-21,183.82228260869567,1
451,Mahesana,2024-05-22,183.81,1
451,Mahesana,2024-05-23,183.78946808510636,1
451,Mahesana,2024-05-24,183.77108571428573,1
451,Mahesana,2024-05-25,183.75183720930232,1
451,Mahesana,2024-05-26,183.73893333333334,1
451,Mahesana,2024-05-27,183.7202888888889,1
451,Mahesana,2024-05-28,183.70058333333336,1
451,Mahesana,2024-05-29,183.6829,1
451,Mahesana,2024-05-30,183.66651515151514,1
451,Mahesana,2024-05-31,183.64496551724136,1
451,Mahesana,2024-06-01,183.628,1
451,Mahesana,2024-06-02,183.61514893617021,1
451,Mahesana,2024-06-03,183.6028409090909,1
451,Mahesana,2024-06-04,183.5818076923077,1
451,Mahesana,2024-06-05,183.5654,1
451,Mahesana,2024-06-06,183.5470238095238,1
451,Mahesana,2024-06-07,183.5245,1
451,Mahesana,2024-06-08,183.30708333333334,1
451,Mahesana,2024-06-09,183.4768604651163,1
451,Mahesana,2024-06-10,183.44821276595746,1
451,Mahesana,2024-06-11,183.4230731707317,1
451,Mahesana,2024-06-12,183.39969565217393,1
451,Mahesana,2024-06-13,183.37489361702129,1
451,Mahesana,2024-06-14,183.35,1
451,Mahesana,2024-06-15,183.3229090909091,1
451,Mahesana,2024-06-16,183.304125,1
451,Mahesana,2024-06-17,183.27693548387097,1
451,Mahesana,2024-06-18,183.24510344827587,1
451,Mahesana,2024-06-19,183.21515384615384,1
451,Mahesana,2024-06-20,183.19427272727273,1
451,Mahesana,2024-06-21,183.1756818181818,1
451,Mahesana,2024-06-22,183.15370833333336,1
451,Mahesana,2024-06-23,183.13647826086958,1
451,Mahesana,2024-06-24,183.11729166666666,1
451,Mahesana,2024-06-25,183.18395833333332,1
451,Mahesana,2024-06-26,183.20968181818182,1
451,Mahesana,2024-06-27,183.19979166666667,1
451,Mahesana,2024-06-28,183.18425000000002,1
451,Mahesana,2024-06-29,183.16549999999998,1
451,Mahesana,2024-06-30,183.17360869565218,1
451,Mahesana,2024-07-01,183.20541666666668,1
451,Mahesana,2024-07-02,183.20316666666668,1
451,Mahesana,2024-07-03,183.19834782608694,1
451,Mahesana,2024-07-04,183.2236086956522,1
451,Mahesana,2024-07-05,183.22615384615386,1
451,Mahesana,2024-07-06,183.24163636363636,1
451,Mahesana,2024-07-07,183.24233333333333,1
451,Mahesana,2024-07-08,183.24380769230768,1
451,Mahesana,2024-07-09,182.69788888888888,1
451,Mahesana,2024-07-10,183.23134782608696,1
451,Mahesana,2024-07-11,183.2192962962963,1
451,Mahesana,2024-07-12,183.21300000000002,1
451,Mahesana,2024-07-13,183.21809677419355,1
451,Mahesana,2024-07-14,183.2133888888889,1
451,Mahesana,2024-07-15,183.2082972972973,1
451,Mahesana,2024-07-16,205.5541081081081,1
451,Mahesana,2024-07-17,183.3761875,1
451,Mahesana,2024-07-18,183.08056,1
451,Mahesana,2024-07-19,183.4740416666667,1
451,Mahesana,2024-07-20,183.48336363636363,1
451,Mahesana,2024-07-21,183.492625,1
451,Mahesana,2024-07-22,183.49091304347826,1
451,Mahesana,2024-07-23,183.50758620689655,1
451,Mahesana,2024-07-24,204.07372972972973,1
451,Mahesana,2024-07-25,183.5260625,1
451,Mahesana,2024-07-26,183.52844444444443,1
451,Mahesana,2024-07-27,183.5273846153846,1
451,Mahesana,2024-07-28,183.7403846153846,1
451,Mahesana,2024-07-29,183.5488076923077,1
451,Mahesana,2024-07-30,183.6162142857143,1
451,Mahesana,2024-07-31,183.63528571428571,1
451,Mahesana,2024-08-01,183.63797297297296,1
451,Mahesana,2024-08-02,184.9239347826087,1
451,Mahesana,2024-08-03,183.65613157894737,1
451,Mahesana,2024-08-04,183.7245641025641,1
451,Mahesana,2024-08-05,183.74110256410256,1
451,Mahesana,2024-08-06,198.3511,1
451,Mahesana,2024-08-07,183.8161951219512,1
451,Mahesana,2024-08-08,183.84085714285715,1
451,Mahesana,2024-08-09,183.87013513513511,1
451,Mahesana,2024-08-10,183.19692857142857,1
451,Mahesana,2024-08-11,183.92525,1
451,Mahesana,2024-08-12,183.9495925925926,1
451,Mahesana,2024-08-13,183.97324324324325,1
451,Mahesana,2024-08-14,184.0176857142857,1
451,Mahesana,2024-08-15,184.04530303030302,1
451,Mahesana,2024-08-16,184.0622,1
451,Mahesana,2024-08-17,184.0771875,1
451,Mahesana,2024-08-18,184.08807142857145,1
451,Mahesana,2024-08-19,184.09900000000002,1
451,Mahesana,2024-08-20,190.22324242424244,1
451,Mahesana,2024-08-21,184.1099696969697,1
451,Mahesana,2024-08-22,203.73235483870968,1
451,Mahesana,2024-08-23,184.13097368421052,1
451,Mahesana,2024-08-24,184.191025,1
451,Mahesana,2024-08-25,213.66266666666664,1
451,Mahesana,2024-08-26,198.01842105263157,1
451,Mahesana,2024-08-27,184.74985714285714,1
451,Mahesana,2024-08-28,185.01948148148148,1
451,Mahesana,2024-08-29,185.28415625,1
451,Mahesana,2024-08-30,185.5086052631579,1
451,Mahesana,2024-08-31,185.66715151515152,1
451,Mahesana,2024-09-01,185.78603225806452,1
451,Mahesana,2024-09-02,185.91795238095239,1
451,Mahesana,2024-09-03,186.12393617021277,1
451,Mahesana,2024-09-04,186.33558333333335,1
451,Mahesana,2024-09-05,186.64716666666666,1
451,Mahesana,2024-09-06,186.938,1
451,Mahesana,2024-09-07,187.12808333333336,1
451,Mahesana,2024-09-08,187.28287234042554,1
451,Mahesana,2024-09-09,187.41183333333333,1
451,Mahesana,2024-09-10,187.53706818181817,1
451,Mahesana,2024-09-11,187.64293617021278,1
451,Mahesana,2024-09-12,187.75397872340426,1
451,Mahesana,2024-09-13,187.84864444444446,1
451,Mahesana,2024-09-14,187.92778723404254,1
451,Mahesana,2024-09-15,187.99110869565217,1
451,Mahesana,2024-09-16,188.0464722222222,1
451,Mahesana,2024-09-17,188.1029756097561,1
451,Mahesana,2024-09-18,188.1412553191489,1
451,Mahesana,2024-09-19,188.17864444444447,1
451,Mahesana,2024-09-20,188.21670833333334,1
451,Mahesana,2024-09-21,188.2498085106383,1
451,Mahesana,2024-09-22,188.28128260869565,1
451,Mahesana,2024-09-23,188.31497826086957,1
451,Mahesana,2024-09-24,188.3481818181818,1
451,Mahesana,2024-09-25,188.38211428571427,1
451,Mahesana,2024-09-26,188.41114634146342,1
451,Mahesana,2024-09-27,188.45299999999997,1
451,Mahesana,2024-09-28,188.56263636363636,1
451,Mahesana,2024-09-29,188.6405263157895,1
451,Mahesana,2024-09-30,188.720375,1
451,Mahesana,2024-10-01,188.76739024390244,1
451,Mahesana,2024-10-02,188.80875555555556,1
451,Mahesana,2024-10-03,188.8381818181818,1
451,Mahesana,2024-10-04,188.86751162790696,1
451,Mahesana,2024-10-05,188.89072727272725,1
451,Mahesana,2024-10-06,188.9122888888889,1
451,Mahesana,2024-10-07,188.93293023255814,1
451,Mahesana,2024-10-08,188.9460909090909,1
451,Mahesana,2024-10-09,188.9598043478261,1
451,Mahesana,2024-10-10,188.9722765957447,1
451,Mahesana,2024-10-11,188.9810434782609,1
451,Mahesana,2024-10-12,188.99119148936168,1
451,Mahesana,2024-10-13,189.0032340425532,1
451,Mahesana,2024-10-14,189.0369090909091,1
451,Mahesana,2024-10-15,189.08855319148935,1
451,Mahesana,2024-10-16,189.13057142857144,1
451,Mahesana,2024-10-17,189.1531891891892,1
451,Mahesana,2024-10-18,189.084125,1
451,Mahesana,2024-10-19,189.0449130434783,1
451,Mahesana,2024-10-20,189.05886486486486,1
451,Mahesana,2024-10-21,189.06954054054054,1
451,Mahesana,2024-10-22,189.07726829268293,1
451,Mahesana,2024-10-23,189.0915,1
451,Mahesana,2024-10-24,189.1010238095238,1
451,Mahesana,2024-10-25,189.1091142857143,1
451,Mahesana,2024-10-26,189.11525,1
451,Mahesana,2024-10-27,189.12346666666667,1
451,Mahesana,2024-10-28,189.12797368421053,1
451,Mahesana,2024-10-29,189.13606666666666,1
451,Mahesana,2024-10-30,189.13935294117647,1
451,Mahesana,2024-10-31,189.14222222222222,1
451,Mahesana,2024-11-01,189.14499999999998,1
451,Mahesana,2024-11-02,189.14645833333336,1
451,Mahesana,2024-11-03,189.14663829787233,1
451,Mahesana,2024-11-04,189.14738095238096,1
451,Mahesana,2024-11-05,189.14610256410256,1
451,Mahesana,2024-11-06,189.1452,1
451,Mahesana,2024-11-07,189.13982978723405,1
451,Mahesana,2024-11-08,189.12934090909093,1
451,Mahesana,2024-11-09,189.1188695652174,1
451,Mahesana,2024-11-10,189.11047727272728,1
451,Mahesana,2024-11-11,189.09618604651163,1
451,Mahesana,2024-11-12,189.07761363636365,1
451,Mahesana,2024-11-13,189.05763829787236,1
451,Mahesana,2024-11-14,189.03580000000002,1
451,Mahesana,2024-11-15,189.01131818181818,1
451,Mahesana,2024-11-16,188.98693333333333,1
451,Mahesana,2024-11-17,188.96010638297872,1
451,Mahesana,2024-11-18,188.9319318181818,1
451,Mahesana,2024-11-19,188.90122222222223,1
451,Mahesana,2024-11-20,188.87158139534884,1
451,Mahesana,2024-11-21,188.84204651162793,1
451,Mahesana,2024-11-22,188.81020833333332,1
451,Mahesana,2024-11-23,188.775925,1
451,Mahesana,2024-11-24,188.74161904761905,1
451,Mahesana,2024-11-25,188.70877777777778,1
451,Mahesana,2024-11-26,188.67602325581396,1
451,Mahesana,2024-11-27,188.65904347826088,1
451,Mahesana,2024-11-28,188.6301590909091,1
451,Mahesana,2024-11-29,188.59255555555558,1
451,Mahesana,2024-11-30,188.5575294117647,1
451,Mahesana,2024-12-01,188.52244444444443,1
451,Mahesana,2024-12-02,188.48611428571428,1
451,Mahesana,2024-12-03,188.45577777777777,1
451,Mahesana,2024-12-04,188.42717647058825,1
451,Mahesana,2024-12-05,188.3958888888889,1
451,Mahesana,2024-12-06,188.3711282051282,1
451,Mahesana,2024-12-07,188.3470975609756,1
451,Mahesana,2024-12-08,188.32053488372094,1
451,Mahesana,2024-12-09,188.29680952380954,1
451,Mahesana,2024-12-10,188.26989743589743,1
451,Mahesana,2024-12-11,188.24508695652173,1
451,Mahesana,2024-12-12,188.22395833333334,1
451,Mahesana,2024-12-13,188.20395833333336,1
451,Mahesana,2024-12-14,188.1841304347826,1
451,Mahesana,2024-12-15,188.1624255319149,1
451,Mahesana,2024-12-16,188.14405263157894,1
451,Mahesana,2024-12-17,188.1225238095238,1
451,Mahesana,2024-12-18,188.1027234042553,1
451,Mahesana,2024-12-19,188.08083333333335,1
451,Mahesana,2024-12-20,188.05763829787236,1
451,Mahesana,2024-12-21,188.03154166666664,1
451,Mahesana,2024-12-22,188.01025531914894,1
451,Mahesana,2024-12-23,187.98554166666668,1
451,Mahesana,2024-12-24,187.95444680851065,1
451,Mahesana,2024-12-25,187.9206956521739,1
451,Mahesana,2024-12-26,187.88745,1
451,Mahesana,2024-12-27,187.86211538461538,1
451,Mahesana,2024-12-31,187.74557692307692,1
451,Mahesana,2025-01-01,187.723325,1
451,Mahesana,2025-01-02,187.70195833333332,1
451,Mahesana,2025-01-03,187.67795833333332,1
451,Mahesana,2025-01-04,187.65705405405404,1
451,Mahesana,2025-01-05,187.63121739130435,1
451,Mahesana,2025-01-06,187.60055813953488,1
451,Mahesana,2025-01-07,187.5691304347826,1
451,Mahesana,2025-01-08,187.53437499999998,1
451,Mahesana,2025-01-09,187.49945833333334,1
451,Mahesana,2025-01-10,187.46364102564104,1
451,Mahesana,2025-01-11,187.4312857142857,1
451,Mahesana,2025-01-12,187.39515,1
451,Mahesana,2025-01-13,187.36339393939394,1
451,Mahesana,2025-01-14,187.352,1
451,Mahesana,2025-01-15,187.34056818181818,1
451,Mahesana,2025-01-16,187.33297777777778,1
451,Mahesana,2025-01-17,187.3083076923077,1
451,Mahesana,2025-01-18,187.28241025641026,1
451,Mahesana,2025-01-19,187.26394594594595,1
451,Mahesana,2025-01-20,187.24329268292684,1
451,Mahesana,2025-01-21,187.2206923076923,1
451,Mahesana,2025-01-22,187.18753846153848,1
451,Mahesana,2025-01-23,187.1584193548387,1
451,Mahesana,2025-01-24,187.1231463414634,1
451,Mahesana,2025-01-25,187.08660606060607,1
451,Mahesana,2025-01-26,187.0525625,1
451,Mahesana,2025-01-27,187.01733333333334,1
451,Mahesana,2025-01-28,186.98032432432433,1
451,Mahesana,2025-01-29,186.94524242424242,1
451,Mahesana,2025-01-30,186.89717073170732,1
451,Mahesana,2025-01-31,186.88091666666665,1
451,Mahesana,2025-02-01,185.90903846153847,1
451,Mahesana,2025-02-03,186.75845833333332,1
451,Mahesana,2025-02-04,193.3210294117647,1
451,Mahesana,2025-02-05,186.6962,1
451,Mahesana,2025-02-06,189.26472727272724,1
451,Mahesana,2025-02-07,186.61499999999998,1
451,Mahesana,2025-02-08,186.579,1
451,Mahesana,2025-02-09,186.53402702702704,1
451,Mahesana,2025-02-10,186.48881395348837,1
451,Mahesana,2025-02-11,186.44635,1
451,Mahesana,2025-02-12,186.40278048780488,1
451,Mahesana,2025-02-13,184.721,1
451,Mahesana,2025-02-14,186.32229545454547,1
451,Mahesana,2025-02-15,186.30385365853658,1
451,Mahesana,2025-02-16,186.26982608695653,1
451,Mahesana,2025-02-17,186.24597435897437,1
451,Mahesana,2025-02-18,201.49462790697675,1
451,Mahesana,2025-02-19,186.19915,1
451,Mahesana,2025-02-20,200.56595,1
451,Mahesana,2025-02-21,186.1390789473684,1
451,Mahesana,2025-02-22,186.0873870967742,1
451,Mahesana,2025-02-23,186.063,1
451,Mahesana,2025-02-24,185.98796969696969,1
451,Mahesana,2025-02-25,185.9489696969697,1
451,Mahesana,2025-02-27,185.85266666666666,1
451,Mahesana,2025-02-28,185.81533333333334,1
451,Mahesana,2025-03-01,185.76834210526317,1
451,Mahesana,2025-03-02,185.7208857142857,1
451,Mahesana,2025-03-03,185.67053333333337,1
451,Mahesana,2025-03-04,185.61986956521739,1
451,Mahesana,2025-03-05,185.55842553191488,1
451,Mahesana,2025-03-06,185.5066052631579,1
451,Mahesana,2025-03-07,185.4565652173913,1
451,Mahesana,2025-03-08,185.41296774193546,1
451,Mahesana,2025-03-09,185.36934782608697,1
451,Mahesana,2025-03-10,185.32553658536585,1
451,Mahesana,2025-03-11,185.28363636363636,1
451,Mahesana,2025-03-12,185.23197727272728,1
451,Mahesana,2025-03-13,185.18576086956523,1
451,Mahesana,2025-03-14,185.13782608695652,1
451,Mahesana,2025-03-15,185.09188372093024,1
451,Mahesana,2025-03-16,185.03160975609757,1
451,Mahesana,2025-03-17,184.97941666666668,1
451,Mahesana,2025-03-18,184.92789361702128,1
451,Mahesana,2025-03-19,184.87683720930232,1
451,Mahesana,2025-03-20,184.83374285714288,1
451,Mahesana,2025-03-21,184.79178260869566,1
451,Mahesana,2025-03-22,184.758,1
451,Mahesana,2025-03-23,184.72286363636363,1
451,Mahesana,2025-03-24,184.69141666666667,1
451,Mahesana,2025-03-25,184.66569696969697,1
451,Mahesana,2025-03-26,184.6403684210526,1
451,Mahesana,2025-03-27,184.61872093023254,1
451,Mahesana,2025-03-28,184.59926315789474,1
451,Mahesana,2025-03-29,184.57025000000002,1
451,Mahesana,2025-03-30,184.54997826086958,1
451,Mahesana,2025-03-31,184.5359318181818,1
451,Mahesana,2025-04-01,184.5475348837209,1
451,Mahesana,2025-04-02,184.50956521739133,1
451,Mahesana,2025-04-03,184.50096666666664,1
451,Mahesana,2025-04-04,184.48482051282053,1
451,Mahesana,2025-04-05,184.47452272727273,1
451,Mahesana,2025-04-06,184.46259999999998,1
451,Mahesana,2025-04-07,184.4478780487805,1
451,Mahesana,2025-04-08,184.43495454545453,1
451,Mahesana,2025-04-09,184.4239534883721,1
451,Mahesana,2025-04-10,184.41023076923076,1
451,Mahesana,2025-04-11,184.3974090909091,1
451,Mahesana,2025-04-12,184.38618604651163,1
451,Mahesana,2025-04-13,184.37188636363638,1
451,Mahesana,2025-04-14,184.3555,1
451,Mahesana,2025-04-15,184.34357142857144,1
451,Mahesana,2025-04-16,182.8365625,1
451,Mahesana,2025-04-17,184.32002631578948,1
451,Mahesana,2025-04-18,184.30728125,1
451,Mahesana,2025-04-19,184.28933333333333,1
451,Mahesana,2025-04-20,184.27663157894736,1
451,Mahesana,2025-04-21,184.26181578947367,1
451,Mahesana,2025-04-22,184.24637837837838,1
451,Mahesana,2025-04-23,184.230675,1
451,Mahesana,2025-04-24,184.21434146341463,1
451,Mahesana,2025-04-25,184.19771875,1
451,Mahesana,2025-04-26,184.1804358974359,1
451,Mahesana,2025-04-27,184.16652173913045,1
451,Mahesana,2025-04-28,184.1520425531915,1
451,Mahesana,2025-04-29,184.28951612903228,1
451,Mahesana,2025-04-30,184.11924,1
451,Mahesana,2025-05-01,184.1032962962963,1
451,Mahesana,2025-05-02,184.0866956521739,1
451,Mahesana,2025-05-03,184.0749090909091,1
451,Mahesana,2025-05-04,184.0587142857143,1
451,Mahesana,2025-05-06,184.0447142857143,1
451,Mahesana,2025-05-07,184.04396296296295,1
451,Mahesana,2025-05-08,184.03776470588235,1
451,Mahesana,2025-05-09,176.0422608695652,1
451,Mahesana,2025-05-10,184.0356857142857,1
451,Mahesana,2025-05-11,184.02811999999997,1
451,Mahesana,2025-05-12,184.01657894736843,1
451,Mahesana,2025-05-13,184.00794736842104,1
451,Mahesana,2025-05-14,183.9944705882353,1
451,Mahesana,2025-05-15,183.98342857142856,1
451,Mahesana,2025-05-16,183.9689375,1
451,Mahesana,2025-05-17,182.44856,1
451,Mahesana,2025-05-18,183.94507407407406,1
451,Mahesana,2025-05-19,185.16034615384615,1
451,Mahesana,2025-05-20,183.9182857142857,1
451,Mahesana,2025-05-21,188.79862068965517,1
451,Mahesana,2025-05-22,183.89190909090908,1
451,Mahesana,2025-05-23,183.875,1
451,Mahesana,2025-05-24,183.85947826086957,1
451,Mahesana,2025-05-25,183.51107692307693,1
451,Mahesana,2025-05-26,183.8536785714286,1
451,Mahesana,2025-05-27,183.83663333333334,1
451,Mahesana,2025-05-28,183.82668,1
451,Mahesana,2025-05-29,183.8407037037037,1
451,Mahesana,2025-05-30,183.82865384615386,1
451,Mahesana,2025-05-31,183.81531999999999,1
451,Mahesana,2025-06-01,183.79983333333334,1
451,Mahesana,2025-06-02,183.78444827586208,1
451,Mahesana,2025-06-03,183.76764285714285,1
451,Mahesana,2025-06-04,200.98265384615385,1
451,Mahesana,2025-06-05,183.73850000000002,1
451,Mahesana,2025-06-06,183.7206551724138,1
451,Mahesana,2025-06-07,183.7,1
451,Mahesana,2025-06-08,183.67889655172414,1
451,Mahesana,2025-06-09,183.65473333333333,1
451,Mahesana,2025-06-10,183.63500000000002,1
451,Mahesana,2025-06-11,183.6157,1
451,Mahesana,2025-06-12,183.5980344827586,1
451,Mahesana,2025-06-13,183.5901935483871,1
451,Mahesana,2025-06-14,183.57063333333332,1
451,Mahesana,2025-06-15,183.55641666666668,1
451,Mahesana,2025-06-16,183.55180000000001,1
451,Mahesana,2025-06-17,180.10537142857143,1
451,Mahesana,2025-06-18,183.5205,1
451,Mahesana,2025-06-19,183.19896153846153,1
451,Mahesana,2025-06-20,183.54454166666667,1
451,Mahesana,2025-06-21,183.54975000000002,1
451,Mahesana,2025-06-22,184.3241612903226,1
451,Mahesana,2025-06-23,184.579125,1
451,Mahesana,2025-06-24,184.5787,1
451,Mahesana,2025-06-25,184.62824999999998,1
451,Mahesana,2025-06-26,184.7175,1
451,Mahesana,2025-06-27,185.226,1
451,Mahesana,2025-06-29,185.562625,1
451,Mahesana,2025-06-30,185.7,1
451,Mahesana,2025-07-01,185.74708333333334,1
451,Mahesana,2025-07-02,185.77495833333333,1
451,Mahesana,2025-07-03,186.1639130434783,1
451,Mahesana,2025-07-04,186.4225,1
451,Mahesana,2025-07-05,186.48545833333333,1
451,Mahesana,2025-07-06,186.601,1
451,Mahesana,2025-07-07,186.72591666666668,1
451,Mahesana,2025-07-08,186.79293103448276,1
451,Mahesana,2025-07-09,186.8290322580645,1
451,Mahesana,2025-07-10,186.85473333333331,1
451,Mahesana,2025-07-11,186.879,1
451,Mahesana,2025-07-12,186.8937083333333,1
451,Mahesana,2025-07-13,186.94765217391304,1
451,Mahesana,2025-07-14,187.06425000000002,1
451,Mahesana,2025-07-15,187.2619,1
451,Mahesana,2025-07-20,187.65370833333336,1
451,Mahesana,2025-07-21,187.7211739130435,1
451,Mahesana,2025-07-22,187.77626666666666,1
451,Mahesana,2025-07-23,187.82388235294115,1
451,Mahesana,2025-07-24,187.86587096774193,1
451,Mahesana,2025-07-27,188.19661764705882,1
451,Mahesana,2025-07-28,188.34196875,1
451,Mahesana,2025-07-29,188.39459259259257,1
451,Mahesana,2025-07-30,188.42565384615384,1
451,Mahesana,2025-07-31,188.44145161290325,1
451,Mahesana,2025-08-01,188.4641142857143,1
451,Mahesana,2025-08-02,188.49184615384618,1
451,Mahesana,2025-08-03,188.5205,1
451,Mahesana,2025-08-04,188.54818749999998,1
451,Mahesana,2025-08-05,188.57429166666668,1
451,Mahesana,2025-08-06,188.5999090909091,1
451,Mahesana,2025-08-07,188.6228064516129,1
451,Mahesana,2025-08-08,188.64016,1
451,Mahesana,2025-08-09,188.65439130434785,1
451,Mahesana,2025-08-10,188.6689090909091,1
451,Mahesana,2025-08-11,188.6780243902439,1
451,Mahesana,2025-08-12,188.68800000000002,1
451,Mahesana,2025-08-13,188.69804166666665,1
451,Mahesana,2025-08-14,188.70651851851852,1
451,Mahesana,2025-08-15,188.71689285714288,1
451,Mahesana,2025-08-16,188.7291851851852,1
451,Mahesana,2025-08-17,188.74533333333335,1
451,Mahesana,2025-08-18,188.804,1
451,Mahesana,2025-08-20,188.8685185185185,1
451,Mahesana,2025-08-21,188.89539285714287,1
451,Mahesana,2025-08-22,188.92030000000003,1
451,Mahesana,2025-08-23,189.0748064516129,1
451,Mahesana,2025-08-24,188.55020689655174,1
451,Mahesana,2025-08-25,188.5821153846154,1
451,Mahesana,2025-08-27,188.3750714285714,1
451,Mahesana,2025-08-28,188.32337037037036,1
451,Mahesana,2025-09-01,188.46312,1
451,Mahesana,2025-09-02,188.5205,1
451,Mahesana,2025-09-03,188.59970833333333,1
451,Mahesana,2025-09-04,188.68054166666664,1
451,Mahesana,2025-09-05,188.63537499999998,1
451,Mahesana,2025-09-06,188.3002962962963,1
451,Mahesana,2025-09-07,187.88967741935483,1
451,Mahesana,2025-09-08,188.64996551724138,1
451,Mahesana,2025-09-09,189.00206896551725,1
451,Mahesana,2025-09-10,189.03972413793105,1
451,Mahesana,2025-09-11,189.07803448275862,1
451,Mahesana,2025-09-12,189.18663333333333,1
451,Mahesana,2025-09-13,189.33920689655173,1
451,Mahesana,2025-09-14,189.38213333333334,1
451,Mahesana,2025-09-15,189.37335714285715,1
451,Mahesana,2025-09-16,189.3705,1
451,Mahesana,2025-09-17,189.364,1
451,Mahesana,2025-09-18,189.38379310344828,1
451,Mahesana,2025-09-20,189.41460869565216,1
451,Mahesana,2025-09-21,189.44570833333333,1
451,Mahesana,2025-09-22,189.47333333333333,1
451,Mahesana,2025-09-23,189.4914090909091,1
451,Mahesana,2025-09-24,189.49329166666666,1
451,Mahesana,2025-09-25,189.506125,1
451,Mahesana,2025-09-26,189.52841666666666,1
451,Mahesana,2025-09-27,189.56275000000002,1
451,Mahesana,2025-09-28,189.60345833333335,1
451,Mahesana,2025-09-29,189.64775,1
451,Mahesana,2025-09-30,189.63887499999998,1
451,Mahesana,2025-10-01,189.57641666666666,1
451,Mahesana,2025-10-02,189.5498695652174,1
451,Mahesana,2025-10-03,189.55954166666666,1
451,Mahesana,2025-10-04,189.55108695652174,1
451,Mahesana,2025-10-05,189.54860869565218,1
451,Mahesana,2025-10-06,189.54708333333335,1
451,Mahesana,2025-10-07,189.5475652173913,1
451,Mahesana,2025-10-08,189.5805652173913,1
451,Mahesana,2025-10-09,189.60526086956523,1
451,Mahesana,2025-10-10,189.62308695652175,1
451,Mahesana,2025-10-11,189.63904347826087,1
451,Mahesana,2025-10-12,189.64485714285715,1
451,Mahesana,2025-10-13,189.5978695652174,1
451,Mahesana,2025-10-14,189.55875,1
451,Mahesana,2025-10-15,189.5743636363636,1
451,Mahesana,2025-10-16,189.58589999999998,1
451,Mahesana,2025-10-17,189.5986086956522,1
451,Mahesana,2025-10-18,189.6091739130435,1
451,Mahesana,2025-10-19,189.61725,1
451,Mahesana,2025-10-20,189.61916666666664,1
451,Mahesana,2025-10-21,189.62134782608697,1
451,Mahesana,2025-10-22,189.62316666666666,1
451,Mahesana,2025-10-23,189.6218695652174,1
451,Mahesana,2025-10-24,189.62062500000002,1
451,Mahesana,2025-10-25,189.621125,1
451,Mahesana,2025-10-26,189.618125,1
451,Mahesana,2025-10-27,189.62137500000003,1
451,Mahesana,2025-10-28,189.63108333333332,1
451,Mahesana,2025-10-29,189.642125,1
451,Mahesana,2025-10-30,189.66216666666665,1
451,Mahesana,2025-10-31,189.612875,1
451,Mahesana,2025-11-01,189.567125,1
451,Mahesana,2025-11-02,189.548375,1
451,Mahesana,2025-11-03,189.57286956521742,1
451,Mahesana,2025-11-04,189.60195833333333,1
451,Mahesana,2025-11-05,189.6157,1
451,Mahesana,2025-11-07,189.6345263157895,1
451,Mahesana,2025-11-08,189.63440909090912,1
451,Mahesana,2025-11-09,189.63250000000002,1
451,Mahesana,2025-11-10,189.63008333333335,1
451,Mahesana,2025-11-11,189.62533333333332,1
451,Mahesana,2025-11-12,189.619,1
451,Mahesana,2025-11-13,189.60891304347825,1
451,Mahesana,2025-11-14,189.59821428571428,1
451,Mahesana,2025-11-15,189.5856666666667,1
451,Mahesana,2025-11-22,189.459,1
451,Mahesana,2025-11-23,189.44364705882353,1
451,Mahesana,2025-11-24,189.42395,1
451,Mahesana,2025-11-25,189.4029375,1
451,Mahesana,2025-11-26,189.37663157894735,1
451,Mahesana,2025-11-27,189.3592,1
451,Mahesana,2025-11-30,189.29866666666666,1
451,Mahesana,2025-12-01,189.27861904761906,1
451,Mahesana,2025-12-02,189.2581739130435,1
451,Mahesana,2025-12-03,189.23891304347825,1
451,Mahesana,2025-12-04,189.2153913043478,1
451,Mahesana,2025-12-05,189.1959090909091,1
451,Mahesana,2025-12-06,189.179,1
451,Mahesana,2025-12-07,189.1615238095238,1
451,Mahesana,2025-12-08,189.142,1
451,Mahesana,2025-12-09,189.1254347826087,1
451,Mahesana,2025-12-10,189.1060434782609,1
451,Mahesana,2025-12-11,189.09033333333332,1
451,Mahesana,2025-12-12,189.06825,1
451,Mahesana,2025-12-13,189.0472608695652,1
451,Mahesana,2025-12-14,188.84960606060608,1
451,Mahesana,2025-12-15,189.00341176470587,1
451,Mahesana,2025-12-16,188.98074358974358,1
451,Mahesana,2025-12-17,188.95408333333333,1
451,Mahesana,2025-12-18,188.92875675675674,1
451,Mahesana,2025-12-19,188.90183333333334,1
451,Mahesana,2025-12-20,188.8778888888889,1
451,Mahesana,2025-12-21,188.85297368421053,1
451,Mahesana,2025-12-22,188.82926470588234,1
451,Mahesana,2025-12-23,188.80499999999998,1
451,Mahesana,2025-12-24,188.77554166666667,1
451,Mahesana,2025-12-25,188.74545833333332,1
451,Mahesana,2025-12-26,188.71595833333333,1
451,Mahesana,2025-12-27,188.68704545454545,1
451,Mahesana,2025-12-28,188.65755,1
451,Mahesana,2025-12-29,188.63391666666666,1
451,Mahesana,2025-12-30,188.60841666666667,1
451,Mahesana,2025-12-31,188.59691666666666,1
458,Sabarkantha,2021-01-01,328.274,1
458,Sabarkantha,2021-01-02,328.732,1
458,Sabarkantha,2021-01-05,165.509,1
458,Sabarkantha,2021-01-09,179.4325,2
458,Sabarkantha,2021-01-10,238.93933333333334,2
458,Sabarkantha,2021-01-12,165.46,1
458,Sabarkantha,2021-01-14,194.036,1
458,Sabarkantha,2021-02-01,194.042,1
458,Sabarkantha,2021-02-05,328.721,1
458,Sabarkantha,2021-02-12,326.826,1
458,Sabarkantha,2021-02-22,194.064,1
458,Sabarkantha,2021-02-26,194.024,1
458,Sabarkantha,2021-03-16,323.698,1
458,Sabarkantha,2021-03-17,194.005,1
458,Sabarkantha,2021-04-04,194.007,1
458,Sabarkantha,2021-04-13,165.338,1
458,Sabarkantha,2021-05-06,194.066,1
458,Sabarkantha,2021-05-14,313.7377142857143,2
458,Sabarkantha,2021-05-15,333.690875,1
458,Sabarkantha,2021-05-16,333.689875,1
458,Sabarkantha,2021-05-17,333.6696875,1
458,Sabarkantha,2021-05-18,333.6065,1
458,Sabarkantha,2021-05-24,333.6789,1
458,Sabarkantha,2021-05-25,327.40268,2
458,Sabarkantha,2021-05-26,333.76166666666666,1
458,Sabarkantha,2021-05-27,333.64954166666666,1
458,Sabarkantha,2021-05-28,328.6556538461539,2
458,Sabarkantha,2021-05-29,334.244,1
458,Sabarkantha,2021-05-31,258.86,2
458,Sabarkantha,2021-06-02,194.01,1
458,Sabarkantha,2021-06-04,261.27,2
458,Sabarkantha,2021-06-05,129.29992857142858,1
458,Sabarkantha,2021-06-06,103.21136170212766,1
458,Sabarkantha,2021-06-07,137.42582857142855,1
458,Sabarkantha,2021-06-08,198.84225,1
458,Sabarkantha,2021-06-09,199.59566666666666,1
458,Sabarkantha,2021-06-10,177.160875,1
458,Sabarkantha,2021-06-11,121.75937142857144,1
458,Sabarkantha,2021-06-12,96.81460869565217,2
458,Sabarkantha,2021-06-13,150.944171875,2
458,Sabarkantha,2021-06-14,162.36921794871793,2
458,Sabarkantha,2021-06-15,190.30443103448275,2
458,Sabarkantha,2021-06-16,194.00763829787235,1
458,Sabarkantha,2021-06-17,194.002125,1
458,Sabarkantha,2021-06-18,194.00115909090908,1
458,Sabarkantha,2021-06-19,194.00729166666667,1
458,Sabarkantha,2021-06-20,194.10799999999998,1
458,Sabarkantha,2021-06-21,194.0136666666667,1
458,Sabarkantha,2021-06-22,196.7304285714286,2
458,Sabarkantha,2021-06-23,194.0245,1
458,Sabarkantha,2021-06-24,194.00202127659574,1
458,Sabarkantha,2021-06-25,194.0030833333333,1
458,Sabarkantha,2021-06-26,194.00412500000002,1
458,Sabarkantha,2021-06-27,237.80861971830987,2
458,Sabarkantha,2021-06-28,258.7969871794872,2
458,Sabarkantha,2021-06-29,258.8158125,2
458,Sabarkantha,2021-06-30,258.13595789473686,2
458,Sabarkantha,2021-07-01,258.81054166666667,2
458,Sabarkantha,2021-07-02,258.8050416666667,2
458,Sabarkantha,2021-07-03,258.8008125,2
458,Sabarkantha,2021-07-04,259.4801578947368,2
458,Sabarkantha,2021-07-05,258.7825757575758,2
458,Sabarkantha,2021-07-06,258.78041891891894,2
458,Sabarkantha,2021-07-07,258.77066666666667,2
458,Sabarkantha,2021-07-08,257.9893975903614,2
458,Sabarkantha,2021-07-09,258.76861904761904,2
458,Sabarkantha,2021-07-10,258.76859574468085,2
458,Sabarkantha,2021-07-11,258.776511627907,2
458,Sabarkantha,2021-07-12,258.7915853658537,2
458,Sabarkantha,2021-07-13,258.7922765957447,2
458,Sabarkantha,2021-07-14,258.10743010752685,2
458,Sabarkantha,2021-07-15,258.10940860215055,2
458,Sabarkantha,2021-07-16,255.98730434782607,2
458,Sabarkantha,2021-07-17,258.1200947368421,2
458,Sabarkantha,2021-07-18,259.491688172043,2
458,Sabarkantha,2021-07-19,258.78845744680854,2
458,Sabarkantha,2021-07-20,258.7857916666667,2
458,Sabarkantha,2021-07-21,258.78566666666666,2
458,Sabarkantha,2021-07-22,258.0989894736842,2
458,Sabarkantha,2021-07-23,258.7735833333333,2
458,Sabarkantha,2021-07-24,258.7822291666667,2
458,Sabarkantha,2021-07-25,258.09904210526315,2
458,Sabarkantha,2021-07-26,257.82269072164945,3
458,Sabarkantha,2021-07-27,258.78791666666666,2
458,Sabarkantha,2021-07-28,259.46819999999997,2
458,Sabarkantha,2021-07-29,258.78979166666664,2
458,Sabarkantha,2021-07-30,258.80047916666666,2
458,Sabarkantha,2021-07-31,258.8126875,2
458,Sabarkantha,2021-08-01,259.54434736842103,2
458,Sabarkantha,2021-08-02,257.86638144329896,3
458,Sabarkantha,2021-08-03,259.5312258064516,2
458,Sabarkantha,2021-08-04,258.83737234042553,2
458,Sabarkantha,2021-08-05,258.8401875,2
458,Sabarkantha,2021-08-06,258.8432872340426,2
458,Sabarkantha,2021-08-07,258.16255789473684,2
458,Sabarkantha,2021-08-08,258.14666666666665,2
458,Sabarkantha,2021-08-09,258.842625,2
458,Sabarkantha,2021-08-10,256.09726595744684,2
458,Sabarkantha,2021-08-11,258.83820833333334,2
458,Sabarkantha,2021-08-12,259.51914736842105,2
458,Sabarkantha,2021-08-13,258.1663195876289,2
458,Sabarkantha,2021-08-14,258.1489052631579,2
458,Sabarkantha,2021-08-15,258.1154065934066,2
458,Sabarkantha,2021-08-16,258.1471368421052,2
458,Sabarkantha,2021-08-17,258.1438210526316,2
458,Sabarkantha,2021-08-18,258.8194375,2
458,Sabarkantha,2021-08-19,259.50456701030924,2
458,Sabarkantha,2021-08-20,258.83725,2
458,Sabarkantha,2021-08-21,258.15370526315786,2
458,Sabarkantha,2021-08-22,259.52763157894736,2
458,Sabarkantha,2021-08-23,259.52573684210523,2
458,Sabarkantha,2021-08-24,258.84127083333334,2
458,Sabarkantha,2021-08-25,258.1557052631579,2
458,Sabarkantha,2021-08-26,258.15254736842104,2
458,Sabarkantha,2021-08-27,258.1863894736842,2
458,Sabarkantha,2021-08-28,257.4841666666667,2
458,Sabarkantha,2021-08-29,258.84225531914893,2
458,Sabarkantha,2021-08-30,256.8314,2
458,Sabarkantha,2021-08-31,258.87195833333334,2
458,Sabarkantha,2021-09-01,258.8980425531915,2
458,Sabarkantha,2021-09-02,258.25160824742267,2
458,Sabarkantha,2021-09-03,258.934387755102,2
458,Sabarkantha,2021-09-04,258.95043749999996,2
458,Sabarkantha,2021-09-05,258.2788105263158,2
458,Sabarkantha,2021-09-06,258.0147113402062,3
458,Sabarkantha,2021-09-07,259.77248421052633,2
458,Sabarkantha,2021-09-08,257.4618854166667,3
458,Sabarkantha,2021-09-09,259.16405319148936,2
458,Sabarkantha,2021-09-10,259.45610416666665,2
458,Sabarkantha,2021-09-11,259.8232708333333,2
458,Sabarkantha,2021-09-12,260.8566,2
458,Sabarkantha,2021-09-13,260.29633333333334,2
458,Sabarkantha,2021-09-14,260.3335,2
458,Sabarkantha,2021-09-15,258.9413085106383,2
458,Sabarkantha,2021-09-16,258.9656489361702,2
458,Sabarkantha,2021-09-17,258.9786808510638,2
458,Sabarkantha,2021-09-18,260.40524999999997,2
458,Sabarkantha,2021-09-19,261.11585263157895,2
458,Sabarkantha,2021-09-20,258.30658064516126,2
458,Sabarkantha,2021-09-21,240.27939999999998,3
458,Sabarkantha,2021-09-22,229.08505673758864,3
458,Sabarkantha,2021-09-23,228.99362411347516,3
458,Sabarkantha,2021-09-24,228.97255633802817,3
458,Sabarkantha,2021-09-25,229.24438888888892,3
458,Sabarkantha,2021-09-26,229.03925352112677,3
458,Sabarkantha,2021-09-27,229.33124999999998,3
458,Sabarkantha,2021-09-28,228.63937857142855,3
458,Sabarkantha,2021-09-29,228.65150714285713,3
458,Sabarkantha,2021-09-30,228.41971631205675,3
458,Sabarkantha,2021-10-01,230.07956338028168,3
458,Sabarkantha,2021-10-02,228.69395804195804,3
458,Sabarkantha,2021-10-03,228.70044055944055,3
458,Sabarkantha,2021-10-04,230.54549999999998,3
458,Sabarkantha,2021-10-05,228.3631048951049,3
458,Sabarkantha,2021-10-06,230.2002105263158,3
458,Sabarkantha,2021-10-07,229.12607236842106,3
458,Sabarkantha,2021-10-08,229.55020945945944,3
458,Sabarkantha,2021-10-09,230.21556375838927,3
458,Sabarkantha,2021-10-10,227.5991971830986,3
458,Sabarkantha,2021-10-11,229.3526965517241,3
458,Sabarkantha,2021-10-12,228.66140277777777,3
458,Sabarkantha,2021-10-13,229.6438811188811,3
458,Sabarkantha,2021-10-14,227.55755244755244,3
458,Sabarkantha,2021-10-15,230.14280141843972,3
458,Sabarkantha,2021-10-16,227.95124475524474,3
458,Sabarkantha,2021-10-17,230.13527659574467,3
458,Sabarkantha,2021-10-18,229.37987499999997,3
458,Sabarkantha,2021-10-19,229.62229370629368,3
458,Sabarkantha,2021-10-20,229.37175,3
458,Sabarkantha,2021-10-21,229.77934265734262,3
458,Sabarkantha,2021-10-22,228.93092857142858,3
458,Sabarkantha,2021-10-23,229.15340425531915,3
458,Sabarkantha,2021-10-24,228.65085314685314,3
458,Sabarkantha,2021-10-25,230.03699999999998,3
458,Sabarkantha,2021-10-26,229.43810563380282,3
458,Sabarkantha,2021-10-27,229.3436879432624,3
458,Sabarkantha,2021-10-28,229.78704895104897,3
458,Sabarkantha,2021-10-29,234.3229701492537,3
458,Sabarkantha,2021-10-30,232.0268656716418,3
458,Sabarkantha,2021-10-31,228.38627083333333,3
458,Sabarkantha,2021-11-01,228.8550503597122,3
458,Sabarkantha,2021-11-02,228.6005857142857,3
458,Sabarkantha,2021-11-03,230.23802777777777,3
458,Sabarkantha,2021-11-04,228.1268827586207,3
458,Sabarkantha,2021-11-05,228.79902097902098,3
458,Sabarkantha,2021-11-06,228.57709285714287,3
458,Sabarkantha,2021-11-07,229.07664539007092,3
458,Sabarkantha,2021-11-08,227.31314179104479,3
458,Sabarkantha,2021-11-09,227.74077372262775,3
458,Sabarkantha,2021-11-10,228.28563571428572,3
458,Sabarkantha,2021-11-11,228.92726896551721,3
458,Sabarkantha,2021-11-12,229.58847552447554,3
458,Sabarkantha,2021-11-13,230.0150352112676,3
458,Sabarkantha,2021-11-14,228.64330985915493,3
458,Sabarkantha,2021-11-15,227.22945833333335,3
458,Sabarkantha,2021-11-16,229.3424,3
458,Sabarkantha,2021-11-17,228.6392323943662,3
458,Sabarkantha,2021-11-18,230.04033076923076,3
458,Sabarkantha,2021-11-19,231.57763358778624,3
458,Sabarkantha,2021-11-20,229.12588888888888,3
458,Sabarkantha,2021-11-21,229.3300780141844,3
458,Sabarkantha,2021-11-22,228.8784014084507,3
458,Sabarkantha,2021-11-23,229.12494444444442,3
458,Sabarkantha,2021-11-24,228.63131468531466,3
458,Sabarkantha,2021-11-25,228.87299295774648,3
458,Sabarkantha,2021-11-26,229.11876388888888,3
458,Sabarkantha,2021-11-27,228.87346206896552,3
458,Sabarkantha,2021-11-28,229.11148611111113,3
458,Sabarkantha,2021-11-29,229.60124647887324,3
458,Sabarkantha,2021-11-30,229.10143055555557,3
458,Sabarkantha,2021-12-01,228.65573103448276,3
458,Sabarkantha,2021-12-02,228.3989020979021,3
458,Sabarkantha,2021-12-03,229.78647887323945,3
458,Sabarkantha,2021-12-04,227.42122142857144,3
458,Sabarkantha,2021-12-05,229.5326713286713,3
458,Sabarkantha,2021-12-06,229.32683916083914,3
458,Sabarkantha,2021-12-07,229.77262676056338,3
458,Sabarkantha,2021-12-08,229.27303472222223,3
458,Sabarkantha,2021-12-09,229.06541666666666,3
458,Sabarkantha,2021-12-10,229.06063829787234,3
458,Sabarkantha,2021-12-11,229.50311188811187,3
458,Sabarkantha,2021-12-12,228.3272727272727,3
458,Sabarkantha,2021-12-13,230.4254184397163,3
458,Sabarkantha,2021-12-14,228.94872222222224,3
458,Sabarkantha,2021-12-15,229.1698714285714,3
458,Sabarkantha,2021-12-16,228.4454577464789,3
458,Sabarkantha,2021-12-17,229.12497902097903,3
458,Sabarkantha,2021-12-18,228.17973426573428,3
458,Sabarkantha,2021-12-19,229.34542957746478,3
458,Sabarkantha,2021-12-20,228.84275,3
458,Sabarkantha,2021-12-21,228.83381944444443,3
458,Sabarkantha,2021-12-22,229.5189929577465,3
458,Sabarkantha,2021-12-23,229.05865034965035,3
458,Sabarkantha,2021-12-24,229.25768531468532,3
458,Sabarkantha,2021-12-25,228.80836111111114,3
458,Sabarkantha,2021-12-26,228.8029027777778,3
458,Sabarkantha,2021-12-27,229.04674285714287,3
458,Sabarkantha,2021-12-28,227.58561870503596,3
458,Sabarkantha,2021-12-29,229.2477,3
458,Sabarkantha,2021-12-30,228.77671631205675,3
458,Sabarkantha,2021-12-31,228.0793916083916,3
458,Sabarkantha,2022-01-01,227.6153475177305,3
458,Sabarkantha,2022-01-02,228.5169647887324,3
458,Sabarkantha,2022-01-03,229.87241134751773,3
458,Sabarkantha,2022-01-04,228.67265277777778,3
458,Sabarkantha,2022-01-05,227.4800709219858,3
458,Sabarkantha,2022-01-06,228.6023475177305,3
458,Sabarkantha,2022-01-07,228.59344444444443,3
458,Sabarkantha,2022-01-08,228.59291666666664,3
458,Sabarkantha,2022-01-09,228.5894722222222,3
458,Sabarkantha,2022-01-10,228.77652083333336,3
458,Sabarkantha,2022-01-11,228.11642957746477,3
458,Sabarkantha,2022-01-12,228.1041267605634,3
458,Sabarkantha,2022-01-13,228.98672727272728,3
458,Sabarkantha,2022-01-14,228.52633333333335,3
458,Sabarkantha,2022-01-15,228.75462937062937,3
458,Sabarkantha,2022-01-16,228.7494055944056,3
458,Sabarkantha,2022-01-17,230.7822290076336,3
458,Sabarkantha,2022-01-18,227.80323076923077,3
458,Sabarkantha,2022-01-19,228.48448611111112,3
458,Sabarkantha,2022-01-20,229.86412318840578,3
458,Sabarkantha,2022-01-21,228.47541843971632,3
458,Sabarkantha,2022-01-22,228.4657847222222,3
458,Sabarkantha,2022-01-23,228.461375,3
458,Sabarkantha,2022-01-24,227.76893006993006,3
458,Sabarkantha,2022-01-25,228.64580419580417,3
458,Sabarkantha,2022-01-26,228.35368055555557,3
458,Sabarkantha,2022-01-27,228.9972957746479,3
458,Sabarkantha,2022-01-28,227.58568531468532,3
458,Sabarkantha,2022-01-29,228.46604195804196,3
458,Sabarkantha,2022-01-30,227.65705714285716,3
458,Sabarkantha,2022-01-31,228.5364820143885,3
458,Sabarkantha,2022-02-01,227.2913146853147,3
458,Sabarkantha,2022-02-02,227.93983687943262,3
458,Sabarkantha,2022-02-03,226.72092805755395,3
458,Sabarkantha,2022-02-04,227.89643055555558,3
458,Sabarkantha,2022-02-05,228.77718309859156,3
458,Sabarkantha,2022-02-06,227.42983802816903,3
458,Sabarkantha,2022-02-07,228.0852167832168,3
458,Sabarkantha,2022-02-08,228.24495804195803,3
458,Sabarkantha,2022-02-09,228.2470979020979,3
458,Sabarkantha,2022-02-10,227.78981944444442,3
458,Sabarkantha,2022-02-11,226.14035294117647,3
458,Sabarkantha,2022-02-12,228.68387323943662,3
458,Sabarkantha,2022-02-13,227.79626241134753,3
458,Sabarkantha,2022-02-14,227.79970833333334,3
458,Sabarkantha,2022-02-15,228.04095,3
458,Sabarkantha,2022-02-16,227.76147222222224,3
458,Sabarkantha,2022-02-17,227.49990780141846,3
458,Sabarkantha,2022-02-18,227.89237062937065,3
458,Sabarkantha,2022-02-19,226.06737931034482,3
458,Sabarkantha,2022-02-20,227.1122676056338,3
458,Sabarkantha,2022-02-21,228.0218028169014,3
458,Sabarkantha,2022-02-22,228.68304255319148,3
458,Sabarkantha,2022-02-23,228.00612142857142,3
458,Sabarkantha,2022-02-24,226.88853146853148,3
458,Sabarkantha,2022-02-25,226.3834892086331,3
458,Sabarkantha,2022-02-26,226.40072463768115,3
458,Sabarkantha,2022-02-27,227.1052676056338,3
458,Sabarkantha,2022-02-28,227.08805035971224,3
458,Sabarkantha,2022-03-01,222.06328358208955,3
458,Sabarkantha,2022-03-02,221.76118699186992,3
458,Sabarkantha,2022-03-03,227.22872262773723,3
458,Sabarkantha,2022-03-04,226.78278260869567,3
458,Sabarkantha,2022-03-05,228.7775652173913,3
458,Sabarkantha,2022-03-06,225.93633093525182,3
458,Sabarkantha,2022-03-07,226.9767323943662,3
458,Sabarkantha,2022-03-08,229.41103676470587,3
458,Sabarkantha,2022-03-09,228.2000510948905,3
458,Sabarkantha,2022-03-10,227.65184962406016,3
458,Sabarkantha,2022-03-11,226.8889722222222,3
458,Sabarkantha,2022-03-12,227.7565915492958,3
458,Sabarkantha,2022-03-13,226.8738074074074,3
458,Sabarkantha,2022-03-14,227.10762773722627,3
458,Sabarkantha,2022-03-15,226.82169064748203,3
458,Sabarkantha,2022-03-16,224.01441139240507,3
458,Sabarkantha,2022-03-17,221.49635625000002,3
458,Sabarkantha,2022-03-18,221.95193251533743,3
458,Sabarkantha,2022-03-19,222.1886585365854,3
458,Sabarkantha,2022-03-20,221.50483233532935,3
458,Sabarkantha,2022-03-21,221.92018589743589,3
458,Sabarkantha,2022-03-22,221.02490967741934,3
458,Sabarkantha,2022-03-23,222.37239877300615,3
458,Sabarkantha,2022-03-24,222.0252151898734,3
458,Sabarkantha,2022-03-25,194.01064171122994,3
458,Sabarkantha,2022-03-26,194.76820297029704,3
458,Sabarkantha,2022-03-27,193.97863902439025,3
458,Sabarkantha,2022-03-28,193.8946794258373,3
458,Sabarkantha,2022-03-29,193.26010096153848,3
458,Sabarkantha,2022-03-30,196.1951904761905,3
458,Sabarkantha,2022-03-31,194.65902030456851,3
458,Sabarkantha,2022-04-01,192.91626203208557,3
458,Sabarkantha,2022-04-02,192.60902645502645,3
458,Sabarkantha,2022-04-03,192.28740211640212,3
458,Sabarkantha,2022-04-04,225.46972463768117,3
458,Sabarkantha,2022-04-05,226.3374718309859,3
458,Sabarkantha,2022-04-06,225.8581824817518,3
458,Sabarkantha,2022-04-07,231.62954411764704,3
458,Sabarkantha,2022-04-08,227.4196338028169,3
458,Sabarkantha,2022-04-09,226.06245588235294,3
458,Sabarkantha,2022-04-10,227.31042990654205,3
458,Sabarkantha,2022-04-11,226.69227272727272,3
458,Sabarkantha,2022-04-12,227.58945774647887,3
458,Sabarkantha,2022-04-13,226.9310839160839,3
458,Sabarkantha,2022-04-14,227.59846808510636,3
458,Sabarkantha,2022-04-15,226.21520714285714,3
458,Sabarkantha,2022-04-16,227.1377089552239,3
458,Sabarkantha,2022-04-17,226.22537323943664,3
458,Sabarkantha,2022-04-18,226.21497887323943,3
458,Sabarkantha,2022-04-19,226.17935714285716,3
458,Sabarkantha,2022-04-20,228.49115441176468,3
458,Sabarkantha,2022-04-21,226.83532624113474,3
458,Sabarkantha,2022-04-22,225.2613768115942,3
458,Sabarkantha,2022-04-23,229.42242537313433,3
458,Sabarkantha,2022-04-24,231.65923999999998,3
458,Sabarkantha,2022-04-25,226.8010507246377,3
458,Sabarkantha,2022-04-26,226.14519565217392,3
458,Sabarkantha,2022-04-27,226.826616,3
458,Sabarkantha,2022-04-28,227.67756140350875,3
458,Sabarkantha,2022-04-29,222.79411904761903,3
458,Sabarkantha,2022-04-30,224.03264705882356,3
458,Sabarkantha,2022-05-01,230.592825,3
458,Sabarkantha,2022-05-02,224.94975,3
458,Sabarkantha,2022-05-03,186.49947368421053,3
458,Sabarkantha,2022-05-04,194.14864583333335,3
458,Sabarkantha,2022-05-05,187.3650588235294,3
458,Sabarkantha,2022-05-06,195.265453125,3
458,Sabarkantha,2022-05-07,202.83615853658534,3
458,Sabarkantha,2022-05-08,205.93534146341463,3
458,Sabarkantha,2022-05-09,206.1509358974359,3
458,Sabarkantha,2022-05-10,207.1475357142857,3
458,Sabarkantha,2022-05-11,212.96408974358974,3
458,Sabarkantha,2022-05-12,218.1809438202247,3
458,Sabarkantha,2022-05-13,225.5109065420561,3
458,Sabarkantha,2022-05-14,223.56238938053096,3
458,Sabarkantha,2022-05-15,214.71736752136752,3
458,Sabarkantha,2022-05-16,208.8753738317757,3
458,Sabarkantha,2022-05-17,205.6514897959184,3
458,Sabarkantha,2022-05-18,207.57097849462363,3
458,Sabarkantha,2022-05-19,208.15216,3
458,Sabarkantha,2022-05-20,215.06100990099011,3
458,Sabarkantha,2022-05-21,219.8570648148148,3
458,Sabarkantha,2022-05-22,215.30723469387755,3
458,Sabarkantha,2022-05-23,209.92668817204301,3
458,Sabarkantha,2022-05-24,200.09177333333332,3
458,Sabarkantha,2022-05-25,212.9782807017544,3
458,Sabarkantha,2022-05-26,216.8927704918033,3
458,Sabarkantha,2022-05-27,199.24950666666666,3
458,Sabarkantha,2022-05-28,213.46547297297298,3
458,Sabarkantha,2022-05-29,222.76501,3
458,Sabarkantha,2022-05-30,211.8641038961039,3
458,Sabarkantha,2022-05-31,213.5809285714286,3
458,Sabarkantha,2022-06-01,216.95174789915967,3
458,Sabarkantha,2022-06-02,210.2083768115942,3
458,Sabarkantha,2022-06-03,211.64150561797754,3
458,Sabarkantha,2022-06-04,208.9949393939394,3
458,Sabarkantha,2022-06-05,207.90697894736843,3
458,Sabarkantha,2022-06-06,213.7668256880734,3
458,Sabarkantha,2022-06-07,215.05204901960786,3
458,Sabarkantha,2022-06-08,227.2370650406504,3
458,Sabarkantha,2022-06-09,224.99995454545453,3
458,Sabarkantha,2022-06-10,223.7676779661017,3
458,Sabarkantha,2022-06-11,226.99828099173556,3
458,Sabarkantha,2022-06-12,226.32290109890113,3
458,Sabarkantha,2022-06-13,223.82850537634408,3
458,Sabarkantha,2022-06-14,224.42411363636364,3
458,Sabarkantha,2022-06-15,226.75134453781513,3
458,Sabarkantha,2022-06-16,226.4824344262295,3
458,Sabarkantha,2022-06-17,227.01751666666667,3
458,Sabarkantha,2022-06-18,225.6551512605042,3
458,Sabarkantha,2022-06-19,222.94410256410256,3
458,Sabarkantha,2022-06-20,226.7205887096774,3
458,Sabarkantha,2022-06-21,226.18584745762712,3
458,Sabarkantha,2022-06-22,225.92819444444444,3
458,Sabarkantha,2022-06-23,227.96970689655174,3
458,Sabarkantha,2022-06-24,224.91910344827585,3
458,Sabarkantha,2022-06-25,225.45938596491226,3
458,Sabarkantha,2022-06-26,227.96354237288136,3
458,Sabarkantha,2022-06-27,225.00185950413223,3
458,Sabarkantha,2022-06-28,226.0800703125,3
458,Sabarkantha,2022-06-29,227.56216666666666,3
458,Sabarkantha,2022-06-30,226.05541803278686,3
458,Sabarkantha,2022-07-01,226.59995522388058,3
458,Sabarkantha,2022-07-02,226.234578125,3
458,Sabarkantha,2022-07-03,227.65352336448598,3
458,Sabarkantha,2022-07-04,226.56729268292685,3
458,Sabarkantha,2022-07-05,227.06912698412697,3
458,Sabarkantha,2022-07-06,227.75603053435114,3
458,Sabarkantha,2022-07-07,226.82543089430894,3
458,Sabarkantha,2022-07-08,227.01462931034482,3
458,Sabarkantha,2022-07-09,227.117203539823,3
458,Sabarkantha,2022-07-10,228.36325619834713,3
458,Sabarkantha,2022-07-11,227.0875575221239,3
458,Sabarkantha,2022-07-12,229.64152419354838,3
458,Sabarkantha,2022-07-13,228.352875,3
458,Sabarkantha,2022-07-14,228.58281967213114,3
458,Sabarkantha,2022-07-15,225.4765606060606,3
458,Sabarkantha,2022-07-16,226.51706201550388,3
458,Sabarkantha,2022-07-17,226.02774803149606,3
458,Sabarkantha,2022-07-18,223.9306766917293,3
458,Sabarkantha,2022-07-19,228.86028440366974,3
458,Sabarkantha,2022-07-20,232.13981343283584,3
458,Sabarkantha,2022-07-21,237.70220909090907,3
458,Sabarkantha,2022-07-22,227.0817520661157,3
458,Sabarkantha,2022-07-23,228.4949508196721,3
458,Sabarkantha,2022-07-24,225.44060769230768,3
458,Sabarkantha,2022-07-25,230.43456692913384,3
458,Sabarkantha,2022-07-26,230.28890476190475,3
458,Sabarkantha,2022-07-27,228.9735,3
458,Sabarkantha,2022-07-28,226.390512,3
458,Sabarkantha,2022-07-29,229.55728260869563,3
458,Sabarkantha,2022-07-30,229.5671507936508,3
458,Sabarkantha,2022-07-31,230.13335433070867,3
458,Sabarkantha,2022-08-01,228.51243609022555,3
458,Sabarkantha,2022-08-02,230.95197826086957,3
458,Sabarkantha,2022-08-03,229.32090551181102,3
458,Sabarkantha,2022-08-04,231.2138,3
458,Sabarkantha,2022-08-05,229.02020714285715,3
458,Sabarkantha,2022-08-06,229.75289682539685,3
458,Sabarkantha,2022-08-07,228.4997794117647,3
458,Sabarkantha,2022-08-08,230.57345454545452,3
458,Sabarkantha,2022-08-09,223.87141666666668,3
458,Sabarkantha,2022-08-10,227.84978787878788,3
458,Sabarkantha,2022-08-11,230.1959593495935,3
458,Sabarkantha,2022-08-12,228.997094488189,3
458,Sabarkantha,2022-08-13,229.9373870967742,3
458,Sabarkantha,2022-08-14,230.93985294117647,3
458,Sabarkantha,2022-08-15,230.97190769230767,3
458,Sabarkantha,2022-08-16,230.89379310344827,3
458,Sabarkantha,2022-08-17,234.65016666666668,3
458,Sabarkantha,2022-08-18,229.7650569105691,3
458,Sabarkantha,2022-08-19,229.328953125,3
458,Sabarkantha,2022-08-20,229.56841176470587,3
458,Sabarkantha,2022-08-21,230.03646031746032,3
458,Sabarkantha,2022-08-22,230.81984507042253,3
458,Sabarkantha,2022-08-23,228.8077476635514,3
458,Sabarkantha,2022-08-24,232.64740277777778,3
458,Sabarkantha,2022-08-25,232.62099999999998,3
458,Sabarkantha,2022-08-26,233.49518309859155,3
458,Sabarkantha,2022-08-27,230.65714492753625,3
458,Sabarkantha,2022-08-28,231.0658735632184,3
458,Sabarkantha,2022-08-29,229.56236458333333,3
458,Sabarkantha,2022-08-30,232.5114255319149,3
458,Sabarkantha,2022-08-31,230.29577083333334,3
458,Sabarkantha,2022-09-01,232.1082890625,3
458,Sabarkantha,2022-09-02,230.80335652173912,3
458,Sabarkantha,2022-09-03,232.75529545454546,3
458,Sabarkantha,2022-09-04,232.0254306569343,3
458,Sabarkantha,2022-09-05,233.06858695652173,3
458,Sabarkantha,2022-09-06,232.32074100719424,3
458,Sabarkantha,2022-09-07,232.3136402877698,3
458,Sabarkantha,2022-09-08,231.34795070422535,3
458,Sabarkantha,2022-09-09,231.01258394160584,3
458,Sabarkantha,2022-09-10,232.47532394366198,3
458,Sabarkantha,2022-09-11,233.0307902097902,3
458,Sabarkantha,2022-09-12,233.21381118881118,3
458,Sabarkantha,2022-09-13,233.11498550724636,3
458,Sabarkantha,2022-09-14,229.95822142857145,3
458,Sabarkantha,2022-09-15,228.7853432835821,3
458,Sabarkantha,2022-09-16,233.45719672131148,3
458,Sabarkantha,2022-09-17,232.51516197183096,3
458,Sabarkantha,2022-09-18,234.43301923076922,3
458,Sabarkantha,2022-09-19,231.3671181818182,3
458,Sabarkantha,2022-09-20,227.72272527472526,3
458,Sabarkantha,2022-09-21,230.57264646464645,3
458,Sabarkantha,2022-09-22,232.4951098901099,3
458,Sabarkantha,2022-09-23,231.26876767676768,3
458,Sabarkantha,2022-09-24,230.25860638297874,3
458,Sabarkantha,2022-09-25,231.10746315789473,3
458,Sabarkantha,2022-09-26,230.49731067961167,3
458,Sabarkantha,2022-09-27,227.81793203883495,3
458,Sabarkantha,2022-09-28,231.21836633663366,3
458,Sabarkantha,2022-09-29,231.10919266055046,3
458,Sabarkantha,2022-09-30,232.92573188405797,3
458,Sabarkantha,2022-10-01,232.92025,3
458,Sabarkantha,2022-10-02,233.3421888111888,3
458,Sabarkantha,2022-10-03,232.22577622377622,3
458,Sabarkantha,2022-10-04,233.33363636363634,3
458,Sabarkantha,2022-10-05,232.21646853146854,3
458,Sabarkantha,2022-10-06,232.91040277777776,3
458,Sabarkantha,2022-10-07,231.94046808510637,3
458,Sabarkantha,2022-10-08,233.1954055944056,3
458,Sabarkantha,2022-10-09,232.9326527777778,3
458,Sabarkantha,2022-10-10,232.9363488372093,3
458,Sabarkantha,2022-10-11,233.75625619834713,3
458,Sabarkantha,2022-10-12,233.20474825174827,3
458,Sabarkantha,2022-10-13,231.9298768115942,3
458,Sabarkantha,2022-10-14,232.0619925925926,3
458,Sabarkantha,2022-10-15,232.1942919708029,3
458,Sabarkantha,2022-10-16,231.068,3
458,Sabarkantha,2022-10-17,233.4926357142857,3
458,Sabarkantha,2022-10-18,231.27038016528925,3
458,Sabarkantha,2022-10-19,190.15427737226275,3
458,Sabarkantha,2022-10-20,234.31759285714287,3
458,Sabarkantha,2022-10-21,231.20732857142855,3
458,Sabarkantha,2022-10-22,231.76700709219858,3
458,Sabarkantha,2022-10-23,233.31143356643355,3
458,Sabarkantha,2022-10-24,227.9337984496124,3
458,Sabarkantha,2022-10-25,227.70775,3
458,Sabarkantha,2022-10-26,235.72839449541286,3
458,Sabarkantha,2022-10-27,241.21156302521007,3
458,Sabarkantha,2022-10-28,239.07070588235294,3
458,Sabarkantha,2022-10-29,231.79997674418604,3
458,Sabarkantha,2022-10-30,236.82841,3
458,Sabarkantha,2022-10-31,228.34879629629629,3
458,Sabarkantha,2022-11-01,233.43304929577465,3
458,Sabarkantha,2022-11-02,233.97966666666667,3
458,Sabarkantha,2022-11-03,234.17141666666666,3
458,Sabarkantha,2022-11-04,231.64354464285717,3
458,Sabarkantha,2022-11-05,213.61745614035087,3
458,Sabarkantha,2022-11-06,207.65278260869565,3
458,Sabarkantha,2022-11-07,216.8642846153846,3
458,Sabarkantha,2022-11-08,198.85297435897434,3
458,Sabarkantha,2022-11-09,210.8796875,3
458,Sabarkantha,2022-11-10,216.20896946564886,3
458,Sabarkantha,2022-11-11,214.35312676056338,3
458,Sabarkantha,2022-11-12,211.2838778625954,3
458,Sabarkantha,2022-11-13,218.47294405594405,3
458,Sabarkantha,2022-11-14,216.6805912408759,3
458,Sabarkantha,2022-11-15,215.876859375,3
458,Sabarkantha,2022-11-16,232.67866666666666,3
458,Sabarkantha,2022-11-17,232.32873214285715,3
458,Sabarkantha,2022-11-18,232.49369105691056,3
458,Sabarkantha,2022-11-19,231.512768115942,3
458,Sabarkantha,2022-11-20,230.24925899280575,3
458,Sabarkantha,2022-11-21,233.35078169014085,3
458,Sabarkantha,2022-11-22,230.11529365079366,3
458,Sabarkantha,2022-11-23,211.03371900826448,3
458,Sabarkantha,2022-11-24,213.71382222222223,3
458,Sabarkantha,2022-11-25,223.97758741258744,3
458,Sabarkantha,2022-11-26,229.92308450704226,3
458,Sabarkantha,2022-11-27,219.31788194444445,3
458,Sabarkantha,2022-11-28,224.2291452991453,3
458,Sabarkantha,2022-11-29,229.79631313131313,3
458,Sabarkantha,2022-11-30,233.88709890109888,3
458,Sabarkantha,2022-12-01,228.35248148148148,3
458,Sabarkantha,2022-12-02,232.3273431372549,3
458,Sabarkantha,2022-12-03,232.53080392156863,3
458,Sabarkantha,2022-12-04,232.52069444444447,3
458,Sabarkantha,2022-12-05,232.32870833333334,3
458,Sabarkantha,2022-12-06,225.02145112781955,3
458,Sabarkantha,2022-12-07,215.79660952380954,3
458,Sabarkantha,2022-12-08,221.1378015873016,3
458,Sabarkantha,2022-12-09,232.9543032786885,3
458,Sabarkantha,2022-12-10,232.97885211267607,3
458,Sabarkantha,2022-12-11,231.54637121212122,3
458,Sabarkantha,2022-12-12,232.67731468531468,3
458,Sabarkantha,2022-12-13,232.67213986013988,3
458,Sabarkantha,2022-12-14,232.1233165467626,3
458,Sabarkantha,2022-12-15,232.39905673758864,3
458,Sabarkantha,2022-12-16,176.62632456140352,3
458,Sabarkantha,2022-12-17,193.81786363636363,3
458,Sabarkantha,2022-12-18,141.5022261904762,3
458,Sabarkantha,2022-12-19,185.50408620689655,3
458,Sabarkantha,2022-12-20,208.09666433566434,3
458,Sabarkantha,2022-12-21,182.0356171875,3
458,Sabarkantha,2022-12-22,191.10562601626015,3
458,Sabarkantha,2022-12-23,184.86889344262295,3
458,Sabarkantha,2022-12-24,182.38709433962262,3
458,Sabarkantha,2022-12-25,194.7220806451613,3
458,Sabarkantha,2022-12-26,191.53308333333334,3
458,Sabarkantha,2022-12-27,193.28726612903225,3
458,Sabarkantha,2022-12-28,180.81742056074765,3
458,Sabarkantha,2022-12-29,193.17373170731707,3
458,Sabarkantha,2022-12-30,233.33949285714286,3
458,Sabarkantha,2022-12-31,231.39514074074074,3
458,Sabarkantha,2023-01-01,232.22524444444443,3
458,Sabarkantha,2023-01-02,232.18781896551724,3
458,Sabarkantha,2023-01-03,231.73462809917356,3
458,Sabarkantha,2023-01-04,233.12903968253966,3
458,Sabarkantha,2023-01-05,231.39594957983192,3
458,Sabarkantha,2023-01-06,231.29384328358208,3
458,Sabarkantha,2023-01-07,231.35413274336284,3
458,Sabarkantha,2023-01-08,231.17466379310343,3
458,Sabarkantha,2023-01-09,232.80301030927833,3
458,Sabarkantha,2023-01-10,231.6942479338843,3
458,Sabarkantha,2023-01-11,230.98555555555555,3
458,Sabarkantha,2023-01-12,234.0262347826087,3
458,Sabarkantha,2023-01-13,232.58293548387095,3
458,Sabarkantha,2023-01-14,231.9581981981982,3
458,Sabarkantha,2023-01-15,231.9414298245614,3
458,Sabarkantha,2023-01-16,231.92418750000002,3
458,Sabarkantha,2023-01-17,231.87538095238094,3
458,Sabarkantha,2023-01-18,231.84011363636364,3
458,Sabarkantha,2023-01-19,230.98884684684683,3
458,Sabarkantha,2023-01-20,230.79616883116884,3
458,Sabarkantha,2023-01-21,231.75122222222222,3
458,Sabarkantha,2023-01-22,227.52521153846152,3
458,Sabarkantha,2023-01-23,227.923375,3
458,Sabarkantha,2023-01-24,227.1405,3
458,Sabarkantha,2023-01-25,231.30303759398495,3
458,Sabarkantha,2023-01-26,231.8044965034965,3
458,Sabarkantha,2023-01-27,231.79532142857144,3
458,Sabarkantha,2023-01-28,231.51719259259258,3
458,Sabarkantha,2023-01-29,231.51523232323234,3
458,Sabarkantha,2023-01-30,231.5132476190476,3
458,Sabarkantha,2023-01-31,232.3170909090909,3
458,Sabarkantha,2023-02-01,232.0373237410072,3
458,Sabarkantha,2023-02-02,229.439432,3
458,Sabarkantha,2023-02-03,231.74032867132865,3
458,Sabarkantha,2023-02-04,231.7573816793893,3
458,Sabarkantha,2023-02-05,231.46243055555558,3
458,Sabarkantha,2023-02-06,231.71807142857142,3
458,Sabarkantha,2023-02-07,230.5169416058394,3
458,Sabarkantha,2023-02-08,229.77033088235294,3
458,Sabarkantha,2023-02-09,231.32668292682928,3
458,Sabarkantha,2023-02-10,232.1942075471698,3
458,Sabarkantha,2023-02-11,231.22718055555555,3
458,Sabarkantha,2023-02-12,231.00976068376067,3
458,Sabarkantha,2023-02-13,231.19783687943263,3
458,Sabarkantha,2023-02-14,230.6505625,3
458,Sabarkantha,2023-02-15,232.42932773109243,3
458,Sabarkantha,2023-02-16,229.88730476190477,3
458,Sabarkantha,2023-02-17,231.6110963855422,3
458,Sabarkantha,2023-02-18,231.1601222222222,3
458,Sabarkantha,2023-02-19,232.76128037383177,3
458,Sabarkantha,2023-02-20,232.4039416058394,3
458,Sabarkantha,2023-02-21,229.74483453237409,3
458,Sabarkantha,2023-02-22,232.20352857142856,3
458,Sabarkantha,2023-02-23,230.59482481751826,3
458,Sabarkantha,2023-02-24,232.183,3
458,Sabarkantha,2023-02-25,230.57421774193548,3
458,Sabarkantha,2023-02-26,231.52405633802815,3
458,Sabarkantha,2023-02-27,232.18824444444442,3
458,Sabarkantha,2023-02-28,223.68721875,3
458,Sabarkantha,2023-03-01,231.19173770491804,3
458,Sabarkantha,2023-03-02,232.0452142857143,3
458,Sabarkantha,2023-03-03,231.53311594202899,3
458,Sabarkantha,2023-03-04,230.38336619718308,3
458,Sabarkantha,2023-03-05,229.63087681159422,3
458,Sabarkantha,2023-03-06,231.35301612903226,3
458,Sabarkantha,2023-03-07,231.15721774193548,3
458,Sabarkantha,2023-03-08,231.07313380281693,3
458,Sabarkantha,2023-03-09,229.68096031746032,3
458,Sabarkantha,2023-03-10,228.27701709401708,3
458,Sabarkantha,2023-03-11,229.69986046511627,3
458,Sabarkantha,2023-03-12,230.5394740740741,3
458,Sabarkantha,2023-03-13,231.24224166666667,3
458,Sabarkantha,2023-03-14,230.7979765625,3
458,Sabarkantha,2023-03-15,231.65885925925926,3
458,Sabarkantha,2023-03-16,229.84515384615383,3
458,Sabarkantha,2023-03-17,232.44782926829268,3
458,Sabarkantha,2023-03-18,228.79776415094338,3
458,Sabarkantha,2023-03-19,181.46162222222222,2
458,Sabarkantha,2023-03-20,218.2767976190476,3
458,Sabarkantha,2023-03-21,228.6844958677686,3
458,Sabarkantha,2023-03-22,231.94891366906475,3
458,Sabarkantha,2023-03-23,231.32570503597123,3
458,Sabarkantha,2023-03-24,228.57213913043478,3
458,Sabarkantha,2023-03-25,231.77190625,3
458,Sabarkantha,2023-03-26,230.6261937984496,3
458,Sabarkantha,2023-03-27,231.5704275362319,3
458,Sabarkantha,2023-03-28,232.66135483870966,3
458,Sabarkantha,2023-03-29,231.96848799999998,3
458,Sabarkantha,2023-03-30,230.14979411764705,3
458,Sabarkantha,2023-03-31,229.06765656565656,3
458,Sabarkantha,2023-04-01,230.5876046511628,3
458,Sabarkantha,2023-04-02,229.97911267605633,3
458,Sabarkantha,2023-04-03,230.6796328125,3
458,Sabarkantha,2023-04-04,228.7432427184466,3
458,Sabarkantha,2023-04-05,229.1154857142857,3
458,Sabarkantha,2023-04-06,232.13677692307692,3
458,Sabarkantha,2023-04-07,232.7889,3
458,Sabarkantha,2023-04-08,230.08913533834587,3
458,Sabarkantha,2023-04-09,230.87021830985913,3
458,Sabarkantha,2023-04-10,230.25483846153847,3
458,Sabarkantha,2023-04-11,229.79982835820894,3
458,Sabarkantha,2023-04-12,229.90202158273382,3
458,Sabarkantha,2023-04-13,232.56833050847456,3
458,Sabarkantha,2023-04-14,230.02695161290322,3
458,Sabarkantha,2023-04-15,230.6270603448276,3
458,Sabarkantha,2023-04-16,229.7683482142857,3
458,Sabarkantha,2023-04-17,230.397592,3
458,Sabarkantha,2023-04-18,234.4119674796748,3
458,Sabarkantha,2023-04-19,232.5840534351145,3
458,Sabarkantha,2023-04-20,228.63772881355933,3
458,Sabarkantha,2023-04-21,228.5400168067227,3
458,Sabarkantha,2023-04-22,230.80287272727273,3
458,Sabarkantha,2023-04-23,229.03726666666665,3
458,Sabarkantha,2023-04-24,227.59760583941605,3
458,Sabarkantha,2023-04-25,229.40592424242422,3
458,Sabarkantha,2023-04-26,230.54229203539822,3
458,Sabarkantha,2023-04-27,230.7458407079646,3
458,Sabarkantha,2023-04-28,229.9354367816092,3
458,Sabarkantha,2023-04-29,230.21108333333333,3
458,Sabarkantha,2023-04-30,229.07191452991452,3
458,Sabarkantha,2023-05-01,230.02377777777778,3
458,Sabarkantha,2023-05-02,230.6276357142857,3
458,Sabarkantha,2023-05-03,231.47534146341465,3
458,Sabarkantha,2023-05-04,230.1967804878049,3
458,Sabarkantha,2023-05-05,228.55475714285714,3
458,Sabarkantha,2023-05-06,228.1599489051095,3
458,Sabarkantha,2023-05-07,230.60721428571426,3
458,Sabarkantha,2023-05-08,231.35296212121213,3
458,Sabarkantha,2023-05-09,230.0741942446043,3
458,Sabarkantha,2023-05-10,228.5596544117647,3
458,Sabarkantha,2023-05-11,229.89148591549295,3
458,Sabarkantha,2023-05-12,229.3833671875,3
458,Sabarkantha,2023-05-13,229.47995698924728,3
458,Sabarkantha,2023-05-14,229.6511634615385,3
458,Sabarkantha,2023-05-15,228.42734426229507,3
458,Sabarkantha,2023-05-16,225.88670873786407,3
458,Sabarkantha,2023-05-17,231.2141875,3
458,Sabarkantha,2023-05-18,234.46322727272727,3
458,Sabarkantha,2023-05-19,228.24969620253162,3
458,Sabarkantha,2023-05-20,231.0610412371134,3
458,Sabarkantha,2023-05-21,233.27714851485146,3
458,Sabarkantha,2023-05-22,228.47315476190474,3
458,Sabarkantha,2023-05-23,228.6474132231405,3
458,Sabarkantha,2023-05-24,230.03058585858585,3
458,Sabarkantha,2023-05-25,230.01923076923077,3
458,Sabarkantha,2023-05-26,228.61180582524273,3
458,Sabarkantha,2023-05-27,229.07695192307693,3
458,Sabarkantha,2023-05-29,229.2316956521739,3
458,Sabarkantha,2023-05-30,231.4157747747748,3
458,Sabarkantha,2023-05-31,230.504,3
458,Sabarkantha,2023-06-01,227.93832075471698,3
458,Sabarkantha,2023-06-02,229.9768333333333,3
458,Sabarkantha,2023-06-03,230.848081300813,3
458,Sabarkantha,2023-06-04,230.64738028169015,3
458,Sabarkantha,2023-06-05,229.47920967741933,3
458,Sabarkantha,2023-06-06,230.8554495412844,3
458,Sabarkantha,2023-06-07,230.64452816901408,3
458,Sabarkantha,2023-06-08,230.20858041958041,3
458,Sabarkantha,2023-06-09,230.86239495798318,3
458,Sabarkantha,2023-06-10,230.1444358974359,3
458,Sabarkantha,2023-06-11,229.92818055555557,3
458,Sabarkantha,2023-06-12,229.29571551724138,3
458,Sabarkantha,2023-06-13,230.75704929577464,3
458,Sabarkantha,2023-06-14,229.0426814159292,3
458,Sabarkantha,2023-06-15,230.08371544715445,3
458,Sabarkantha,2023-06-16,215.53726666666668,3
458,Sabarkantha,2023-06-17,230.6026388888889,3
458,Sabarkantha,2023-06-19,230.9914081632653,3
458,Sabarkantha,2023-06-20,234.64073033707868,3
458,Sabarkantha,2023-06-21,237.7106388888889,3
458,Sabarkantha,2023-06-22,237.3607234042553,3
458,Sabarkantha,2023-06-23,244.8144175824176,3
458,Sabarkantha,2023-06-24,234.60342105263157,3
458,Sabarkantha,2023-06-25,236.03686821705426,3
458,Sabarkantha,2023-06-26,228.0419037037037,3
458,Sabarkantha,2023-06-27,229.28063432835822,3
458,Sabarkantha,2023-06-28,229.99863829787233,3
458,Sabarkantha,2023-06-29,229.29576642335766,3
458,Sabarkantha,2023-06-30,230.4659104477612,3
458,Sabarkantha,2023-07-01,230.88077697841726,3
458,Sabarkantha,2023-07-02,229.497947761194,3
458,Sabarkantha,2023-07-03,229.49700714285714,3
458,Sabarkantha,2023-07-04,229.098085106383,3
458,Sabarkantha,2023-07-05,230.72742446043165,3
458,Sabarkantha,2023-07-06,229.33485401459853,3
458,Sabarkantha,2023-07-07,230.22778723404255,3
458,Sabarkantha,2023-07-08,230.64642307692307,3
458,Sabarkantha,2023-07-09,230.13079166666668,3
458,Sabarkantha,2023-07-10,232.48146464646464,3
458,Sabarkantha,2023-07-11,232.3543786407767,3
458,Sabarkantha,2023-07-12,237.2789,3
458,Sabarkantha,2023-07-13,235.39,3
458,Sabarkantha,2023-07-14,232.94822222222223,3
458,Sabarkantha,2023-07-15,231.207,3
458,Sabarkantha,2023-07-16,231.5238,3
458,Sabarkantha,2023-07-17,228.17111214953272,3
458,Sabarkantha,2023-07-18,229.9883679245283,3
458,Sabarkantha,2023-07-19,231.79421505376345,3
458,Sabarkantha,2023-07-20,229.7112403846154,3
458,Sabarkantha,2023-07-21,230.65728828828827,3
458,Sabarkantha,2023-07-22,230.35986440677965,3
458,Sabarkantha,2023-07-23,229.939968,3
458,Sabarkantha,2023-07-24,228.88887591240874,3
458,Sabarkantha,2023-07-25,230.33095774647887,3
458,Sabarkantha,2023-07-26,230.94694814814815,3
458,Sabarkantha,2023-07-27,231.94659574468085,3
458,Sabarkantha,2023-07-28,229.77686666666665,3
458,Sabarkantha,2023-07-29,230.9660648148148,3
458,Sabarkantha,2023-07-30,230.7594862385321,3
458,Sabarkantha,2023-07-31,232.35247540983607,3
458,Sabarkantha,2023-08-01,228.36509016393444,3
458,Sabarkantha,2023-08-02,229.80174809160303,3
458,Sabarkantha,2023-08-03,232.043115942029,3
458,Sabarkantha,2023-08-04,231.2510990990991,3
458,Sabarkantha,2023-08-05,230.95920161290323,3
458,Sabarkantha,2023-08-06,231.16743884892088,3
458,Sabarkantha,2023-08-07,231.77568067226892,3
458,Sabarkantha,2023-08-08,230.26714285714286,3
458,Sabarkantha,2023-08-09,229.97648672566373,3
458,Sabarkantha,2023-08-10,225.0730648148148,3
458,Sabarkantha,2023-08-11,229.72046153846154,3
458,Sabarkantha,2023-08-12,231.9115847457627,3
458,Sabarkantha,2023-08-13,232.00655882352942,3
458,Sabarkantha,2023-08-14,232.54225,3
458,Sabarkantha,2023-08-15,234.2599921875,3
458,Sabarkantha,2023-08-16,230.84810791366905,3
458,Sabarkantha,2023-08-17,232.4110307692308,3
458,Sabarkantha,2023-08-18,229.2272608695652,3
458,Sabarkantha,2023-08-19,222.27109473684212,3
458,Sabarkantha,2023-08-20,222.26955789473683,3
458,Sabarkantha,2023-08-21,223.18947826086958,3
458,Sabarkantha,2023-08-22,230.176712,3
458,Sabarkantha,2023-08-23,233.2427463768116,3
458,Sabarkantha,2023-08-24,230.82380147058825,3
458,Sabarkantha,2023-08-25,231.27228985507247,3
458,Sabarkantha,2023-08-26,232.6309037037037,3
458,Sabarkantha,2023-08-27,231.68591228070176,3
458,Sabarkantha,2023-08-28,233.5199831932773,3
458,Sabarkantha,2023-08-29,232.5894705882353,3
458,Sabarkantha,2023-08-30,230.0352882882883,3
458,Sabarkantha,2023-08-31,230.94174576271186,3
458,Sabarkantha,2023-09-01,232.68803603603604,3
458,Sabarkantha,2023-09-02,245.29715625000003,3
458,Sabarkantha,2023-09-03,261.85229166666664,2
458,Sabarkantha,2023-09-04,271.7961379310345,3
458,Sabarkantha,2023-09-05,298.06368604651163,3
458,Sabarkantha,2023-09-06,300.2746739130435,3
458,Sabarkantha,2023-09-07,279.7675476190476,3
458,Sabarkantha,2023-09-08,301.20462365591396,3
458,Sabarkantha,2023-09-09,307.043393939394,3
458,Sabarkantha,2023-09-10,269.1859733333333,3
458,Sabarkantha,2023-09-11,245.3955,2
458,Sabarkantha,2023-09-12,302.8235340909091,3
458,Sabarkantha,2023-09-13,294.79856164383557,3
458,Sabarkantha,2023-09-14,289.17833802816904,3
458,Sabarkantha,2023-09-15,279.35864285714285,3
458,Sabarkantha,2023-09-16,302.8737125,3
458,Sabarkantha,2023-09-17,268.0458651685393,3
458,Sabarkantha,2023-09-18,296.0186836734694,3
458,Sabarkantha,2023-09-19,276.5725,3
458,Sabarkantha,2023-09-20,287.89245454545454,3
458,Sabarkantha,2023-09-21,298.6997419354839,3
458,Sabarkantha,2023-09-22,310.4982380952381,3
458,Sabarkantha,2023-09-23,316.2836111111111,3
458,Sabarkantha,2023-09-24,325.84225252525255,3
458,Sabarkantha,2023-09-25,277.509875,3
458,Sabarkantha,2023-09-26,305.544261682243,3
458,Sabarkantha,2023-09-27,287.80334999999997,3
458,Sabarkantha,2023-09-28,253.53852830188677,3
458,Sabarkantha,2023-09-29,261.87721904761906,3
458,Sabarkantha,2023-09-30,320.1214778761062,3
458,Sabarkantha,2023-10-01,316.90912068965514,3
458,Sabarkantha,2023-10-02,320.0924285714286,3
458,Sabarkantha,2023-10-03,339.42263392857143,3
458,Sabarkantha,2023-10-04,305.51538848920865,3
458,Sabarkantha,2023-10-05,301.37735433070867,3
458,Sabarkantha,2023-10-06,304.82283333333334,3
458,Sabarkantha,2023-10-07,299.92135,3
458,Sabarkantha,2023-10-08,231.9957083333333,3
458,Sabarkantha,2023-10-09,247.38356692913385,3
458,Sabarkantha,2023-10-10,243.3808591549296,3
458,Sabarkantha,2023-10-11,241.70024475524477,3
458,Sabarkantha,2023-10-12,254.7278646616541,3
458,Sabarkantha,2023-10-13,260.51342635658915,3
458,Sabarkantha,2023-10-14,249.27965248226948,3
458,Sabarkantha,2023-10-15,246.88823076923077,3
458,Sabarkantha,2023-10-16,260.1961928571428,3
458,Sabarkantha,2023-10-17,246.87813986013987,3
458,Sabarkantha,2023-10-18,277.4780839160839,3
458,Sabarkantha,2023-10-19,256.0327375886525,3
458,Sabarkantha,2023-10-20,313.8928303571429,3
458,Sabarkantha,2023-10-21,291.6220808080808,3
458,Sabarkantha,2023-10-22,238.06322033898303,3
458,Sabarkantha,2023-10-23,243.0505425531915,3
458,Sabarkantha,2023-10-24,242.4904375,3
458,Sabarkantha,2023-10-25,244.0263652173913,3
458,Sabarkantha,2023-10-26,231.5572700729927,3
458,Sabarkantha,2023-10-27,242.0975234375,3
458,Sabarkantha,2023-10-28,230.83597619047617,3
458,Sabarkantha,2023-10-29,230.99873983739838,3
458,Sabarkantha,2023-10-30,230.87681060606062,3
458,Sabarkantha,2023-10-31,231.33441221374048,3
458,Sabarkantha,2023-11-01,233.5867874015748,3
458,Sabarkantha,2023-11-02,247.50583211678833,3
458,Sabarkantha,2023-11-03,237.14412949640288,3
458,Sabarkantha,2023-11-04,233.34196721311477,3
458,Sabarkantha,2023-11-05,228.44658620689654,3
458,Sabarkantha,2023-11-06,239.96384782608695,3
458,Sabarkantha,2023-11-07,236.79917054263566,3
458,Sabarkantha,2023-11-08,239.57875187969924,3
458,Sabarkantha,2023-11-09,244.83433576642338,3
458,Sabarkantha,2023-11-10,253.7737744360902,3
458,Sabarkantha,2023-11-11,231.49169999999998,3
458,Sabarkantha,2023-11-12,243.2626126760563,3
458,Sabarkantha,2023-11-13,241.70604225352113,3
458,Sabarkantha,2023-11-14,251.72779720279718,3
458,Sabarkantha,2023-11-15,263.4123404255319,3
458,Sabarkantha,2023-11-16,262.4218571428571,3
458,Sabarkantha,2023-11-17,238.61814999999999,3
458,Sabarkantha,2023-11-18,252.54517592592595,3
458,Sabarkantha,2023-11-19,245.25175,3
458,Sabarkantha,2023-11-20,240.12640163934424,3
458,Sabarkantha,2023-11-21,231.43691366906475,3
458,Sabarkantha,2023-11-22,240.97354676258996,3
458,Sabarkantha,2023-11-23,252.89845774647887,3
458,Sabarkantha,2023-11-24,247.98326277372266,3
458,Sabarkantha,2023-11-25,259.1653758865248,3
458,Sabarkantha,2023-11-26,252.32374468085106,3
458,Sabarkantha,2023-11-27,247.28214788732396,3
458,Sabarkantha,2023-11-28,249.2924685314685,3
458,Sabarkantha,2023-11-29,246.02959722222224,3
458,Sabarkantha,2023-11-30,326.90759574468086,3
458,Sabarkantha,2023-12-01,282.2732765957447,3
458,Sabarkantha,2023-12-02,247.3338741258741,3
458,Sabarkantha,2023-12-03,259.77008391608393,3
458,Sabarkantha,2023-12-04,242.3541267605634,3
458,Sabarkantha,2023-12-05,261.94794160583945,3
458,Sabarkantha,2023-12-06,238.89165289256198,3
458,Sabarkantha,2023-12-07,237.33884126984125,3
458,Sabarkantha,2023-12-08,244.12717361111112,3
458,Sabarkantha,2023-12-09,244.33114583333332,3
458,Sabarkantha,2023-12-10,243.47643356643354,3
458,Sabarkantha,2023-12-11,240.13199999999998,3
458,Sabarkantha,2023-12-12,242.40415277777777,3
458,Sabarkantha,2023-12-13,247.72486330935251,3
458,Sabarkantha,2023-12-14,243.50660416666668,3
458,Sabarkantha,2023-12-15,237.25413286713288,3
458,Sabarkantha,2023-12-16,267.43180985915495,3
458,Sabarkantha,2023-12-17,238.89740845070423,3
458,Sabarkantha,2023-12-18,251.80842748091604,3
458,Sabarkantha,2023-12-19,242.78027338129496,3
458,Sabarkantha,2023-12-20,267.21690225563907,3
458,Sabarkantha,2023-12-21,243.98521428571428,3
458,Sabarkantha,2023-12-22,243.00590780141843,3
458,Sabarkantha,2023-12-23,252.94575590551182,3
458,Sabarkantha,2023-12-24,251.3607857142857,3
458,Sabarkantha,2023-12-25,244.74095774647887,3
458,Sabarkantha,2023-12-26,249.92571631205672,3
458,Sabarkantha,2023-12-27,257.4912937062937,3
458,Sabarkantha,2023-12-28,271.1221654676259,3
458,Sabarkantha,2023-12-29,259.61484375,3
458,Sabarkantha,2023-12-30,281.4564117647059,3
458,Sabarkantha,2023-12-31,346.2287183098592,3
458,Sabarkantha,2024-01-01,273.8529705882353,3
458,Sabarkantha,2024-01-02,264.64683333333335,3
458,Sabarkantha,2024-01-03,259.7024568965517,3
458,Sabarkantha,2024-01-04,240.86424637681162,3
458,Sabarkantha,2024-01-05,269.5510428571429,3
458,Sabarkantha,2024-01-06,245.05966423357663,3
458,Sabarkantha,2024-01-07,257.8069568345324,3
458,Sabarkantha,2024-01-08,263.11642446043163,3
458,Sabarkantha,2024-01-09,241.19388888888886,3
458,Sabarkantha,2024-01-10,245.80388148148145,3
458,Sabarkantha,2024-01-11,254.43006299212598,3
458,Sabarkantha,2024-01-12,249.38412142857143,3
458,Sabarkantha,2024-01-13,260.59802877697837,3
458,Sabarkantha,2024-01-14,233.71462790697672,3
458,Sabarkantha,2024-01-15,247.72861956521737,3
458,Sabarkantha,2024-01-16,237.84752525252523,3
458,Sabarkantha,2024-01-17,239.18425899280575,3
458,Sabarkantha,2024-01-18,241.80887142857142,3
458,Sabarkantha,2024-01-19,244.64144444444446,3
458,Sabarkantha,2024-01-20,234.61808333333335,3
458,Sabarkantha,2024-01-21,248.10402112676056,3
458,Sabarkantha,2024-01-22,242.15256643356645,3
458,Sabarkantha,2024-01-23,261.6296850393701,3
458,Sabarkantha,2024-01-24,239.60423703703705,3
458,Sabarkantha,2024-01-25,246.89034751773048,3
458,Sabarkantha,2024-01-26,230.81127731092437,3
458,Sabarkantha,2024-01-27,250.74677419354836,3
458,Sabarkantha,2024-01-28,248.60198529411767,3
458,Sabarkantha,2024-01-29,239.5347672413793,3
458,Sabarkantha,2024-01-30,256.24341121495326,3
458,Sabarkantha,2024-01-31,249.2144423076923,3
458,Sabarkantha,2024-02-01,247.44786607142856,3
458,Sabarkantha,2024-02-02,232.98699193548387,3
458,Sabarkantha,2024-02-03,252.462368852459,3
458,Sabarkantha,2024-02-04,258.0229268292683,3
458,Sabarkantha,2024-02-05,250.62104065040648,3
458,Sabarkantha,2024-02-06,245.3239837398374,3
458,Sabarkantha,2024-02-07,230.95071666666666,3
458,Sabarkantha,2024-02-08,250.237593220339,3
458,Sabarkantha,2024-02-09,248.72021093749998,3
458,Sabarkantha,2024-02-10,242.25480555555558,3
458,Sabarkantha,2024-02-11,239.29727464788735,3
458,Sabarkantha,2024-02-12,283.7042142857143,3
458,Sabarkantha,2024-02-13,274.085176056338,3
458,Sabarkantha,2024-02-14,256.22947916666664,3
458,Sabarkantha,2024-02-15,293.06501388888887,3
458,Sabarkantha,2024-02-16,267.19956737588655,3
458,Sabarkantha,2024-02-17,269.7994166666667,3
458,Sabarkantha,2024-02-18,258.84523776223773,3
458,Sabarkantha,2024-02-19,262.1417062937063,3
458,Sabarkantha,2024-02-20,266.8984722222222,3
458,Sabarkantha,2024-02-21,256.7354583333333,3
458,Sabarkantha,2024-02-22,228.9906530612245,3
458,Sabarkantha,2024-02-23,241.64621875,3
458,Sabarkantha,2024-02-24,239.1746338028169,3
458,Sabarkantha,2024-02-25,244.47093661971832,3
458,Sabarkantha,2024-02-26,243.9619925925926,3
458,Sabarkantha,2024-02-27,235.41911428571427,3
458,Sabarkantha,2024-02-28,239.54966666666667,3
458,Sabarkantha,2024-02-29,307.9231328671329,3
458,Sabarkantha,2024-03-01,265.7943146853147,3
458,Sabarkantha,2024-03-02,234.42420979020977,3
458,Sabarkantha,2024-03-03,242.8727605633803,3
458,Sabarkantha,2024-03-04,246.22853956834533,3
458,Sabarkantha,2024-03-05,236.37383216783215,3
458,Sabarkantha,2024-03-06,239.52993006993006,3
458,Sabarkantha,2024-03-07,228.1539647887324,3
458,Sabarkantha,2024-03-08,246.73956338028165,3
458,Sabarkantha,2024-03-09,238.32968055555557,3
458,Sabarkantha,2024-03-10,242.05051079136692,3
458,Sabarkantha,2024-03-11,233.98636363636365,3
458,Sabarkantha,2024-03-12,240.72496376811594,3
458,Sabarkantha,2024-03-13,229.40747222222222,3
458,Sabarkantha,2024-03-14,253.49535211267604,3
458,Sabarkantha,2024-03-15,242.51225000000002,3
458,Sabarkantha,2024-03-16,238.93052857142857,3
458,Sabarkantha,2024-03-17,239.66650349650348,3
458,Sabarkantha,2024-03-18,237.62413194444446,3
458,Sabarkantha,2024-03-19,279.02179365079365,3
458,Sabarkantha,2024-03-20,262.04235416666666,3
458,Sabarkantha,2024-03-21,241.50120422535213,3
458,Sabarkantha,2024-03-22,302.63719199999997,3
458,Sabarkantha,2024-03-23,234.4188527131783,3
458,Sabarkantha,2024-03-24,256.2479225352113,3
458,Sabarkantha,2024-03-25,239.83677235772356,3
458,Sabarkantha,2024-03-26,238.2913828125,3
458,Sabarkantha,2024-03-27,244.09499212598425,3
458,Sabarkantha,2024-03-28,230.70678095238094,3
458,Sabarkantha,2024-03-29,234.43241085271316,3
458,Sabarkantha,2024-03-30,237.12988888888887,3
458,Sabarkantha,2024-03-31,311.56543750000003,3
458,Sabarkantha,2024-04-01,255.46325174825176,3
458,Sabarkantha,2024-04-02,232.4371285714286,3
458,Sabarkantha,2024-04-03,236.35520833333334,3
458,Sabarkantha,2024-04-04,228.63241666666667,3
458,Sabarkantha,2024-04-05,232.51603521126762,3
458,Sabarkantha,2024-04-06,231.97699305555554,3
458,Sabarkantha,2024-04-07,260.2274244604317,3
458,Sabarkantha,2024-04-08,240.66515384615383,3
458,Sabarkantha,2024-04-09,241.61070714285717,3
458,Sabarkantha,2024-04-10,228.59943809523807,3
458,Sabarkantha,2024-04-11,233.71590566037736,3
458,Sabarkantha,2024-04-12,236.5559037037037,3
458,Sabarkantha,2024-04-13,238.21948951048952,3
458,Sabarkantha,2024-04-14,236.51293055555556,3
458,Sabarkantha,2024-04-15,247.44034265734263,3
458,Sabarkantha,2024-04-16,241.1649219858156,3
458,Sabarkantha,2024-04-17,238.67869444444446,3
458,Sabarkantha,2024-04-18,246.38430215827336,3
458,Sabarkantha,2024-04-19,228.28164705882352,3
458,Sabarkantha,2024-04-20,227.00005343511452,3
458,Sabarkantha,2024-04-21,227.46138461538462,3
458,Sabarkantha,2024-04-22,227.962968,3
458,Sabarkantha,2024-04-23,230.6753,3
458,Sabarkantha,2024-04-24,229.16805223880598,3
458,Sabarkantha,2024-04-25,229.34556204379564,3
458,Sabarkantha,2024-04-26,228.72477622377622,3
458,Sabarkantha,2024-04-27,227.71165925925925,3
458,Sabarkantha,2024-04-28,230.0735620437956,3
458,Sabarkantha,2024-04-29,228.2558740740741,3
458,Sabarkantha,2024-04-30,229.34158273381294,3
458,Sabarkantha,2024-05-01,229.08102142857143,3
458,Sabarkantha,2024-05-02,228.00197887323944,3
458,Sabarkantha,2024-05-03,233.21789436619719,3
458,Sabarkantha,2024-05-04,243.2082269503546,3
458,Sabarkantha,2024-05-05,229.6591851851852,3
458,Sabarkantha,2024-05-06,240.92488028169012,3
458,Sabarkantha,2024-05-07,242.19050000000001,3
458,Sabarkantha,2024-05-08,236.07219580419581,3
458,Sabarkantha,2024-05-09,235.27812408759124,3
458,Sabarkantha,2024-05-10,230.17325409836064,3
458,Sabarkantha,2024-05-11,227.55393277310927,3
458,Sabarkantha,2024-05-12,229.35491935483873,3
458,Sabarkantha,2024-05-13,236.75841549295774,3
458,Sabarkantha,2024-05-14,237.62426573426572,3
458,Sabarkantha,2024-05-15,236.34898611111112,3
458,Sabarkantha,2024-05-16,239.64153435114505,3
458,Sabarkantha,2024-05-17,230.61028057553958,3
458,Sabarkantha,2024-05-18,231.3649225352113,3
458,Sabarkantha,2024-05-19,236.20974100719425,3
458,Sabarkantha,2024-05-20,234.57512318840583,3
458,Sabarkantha,2024-05-21,232.43588028169017,3
458,Sabarkantha,2024-05-22,232.24789361702128,3
458,Sabarkantha,2024-05-23,237.94282481751827,3
458,Sabarkantha,2024-05-24,238.58447706422018,3
458,Sabarkantha,2024-05-25,238.6057441860465,3
458,Sabarkantha,2024-05-26,238.33055944055943,3
458,Sabarkantha,2024-05-27,230.9896783216783,3
458,Sabarkantha,2024-05-28,234.2804,3
458,Sabarkantha,2024-05-29,188.2373417721519,3
458,Sabarkantha,2024-05-30,200.20801351351352,3
458,Sabarkantha,2024-05-31,245.98305376344086,3
458,Sabarkantha,2024-06-01,239.93028346456694,3
458,Sabarkantha,2024-06-02,244.8384375,3
458,Sabarkantha,2024-06-03,234.7910579710145,3
458,Sabarkantha,2024-06-04,244.84877049180326,3
458,Sabarkantha,2024-06-05,237.80439024390242,3
458,Sabarkantha,2024-06-06,231.499168,3
458,Sabarkantha,2024-06-07,234.26088888888887,3
458,Sabarkantha,2024-06-08,238.1709020979021,3
458,Sabarkantha,2024-06-09,241.68167883211677,3
458,Sabarkantha,2024-06-10,230.56824460431656,3
458,Sabarkantha,2024-06-11,240.9593515625,3
458,Sabarkantha,2024-06-12,233.35483916083916,3
458,Sabarkantha,2024-06-13,241.75416083916085,3
458,Sabarkantha,2024-06-14,241.5007111111111,3
458,Sabarkantha,2024-06-15,253.7020380952381,3
458,Sabarkantha,2024-06-16,226.93211428571428,3
458,Sabarkantha,2024-06-17,247.50399056603771,3
458,Sabarkantha,2024-06-18,237.9735568181818,3
458,Sabarkantha,2024-06-19,232.8271264367816,3
458,Sabarkantha,2024-06-20,228.24923943661972,3
458,Sabarkantha,2024-06-21,227.76666666666668,3
458,Sabarkantha,2024-06-22,227.76043055555556,3
458,Sabarkantha,2024-06-23,228.23176056338028,3
458,Sabarkantha,2024-06-24,228.09487499999997,3
458,Sabarkantha,2024-06-25,228.25635211267604,3
458,Sabarkantha,2024-06-26,228.25088732394366,3
458,Sabarkantha,2024-06-27,230.058115942029,3
458,Sabarkantha,2024-06-28,228.64100000000002,3
458,Sabarkantha,2024-06-29,226.87872857142858,3
458,Sabarkantha,2024-06-30,227.7572777777778,3
458,Sabarkantha,2024-07-01,228.6358591549296,3
458,Sabarkantha,2024-07-02,228.25557746478873,3
458,Sabarkantha,2024-07-03,226.38064705882354,3
458,Sabarkantha,2024-07-04,230.5293376623377,3
458,Sabarkantha,2024-07-05,236.24945652173915,3
458,Sabarkantha,2024-07-06,226.63993333333332,3
458,Sabarkantha,2024-07-07,239.87923762376238,3
458,Sabarkantha,2024-07-08,243.76606603773587,3
458,Sabarkantha,2024-07-09,245.00933720930232,3
458,Sabarkantha,2024-07-10,226.09167010309278,3
458,Sabarkantha,2024-07-11,247.4189908256881,3
458,Sabarkantha,2024-07-12,243.18604464285713,3
458,Sabarkantha,2024-07-13,255.71963636363637,3
458,Sabarkantha,2024-07-14,249.915679245283,3
458,Sabarkantha,2024-07-15,249.8961111111111,3
458,Sabarkantha,2024-07-16,245.58747244094488,3
458,Sabarkantha,2024-07-17,245.63921621621623,3
458,Sabarkantha,2024-07-18,239.2452235294118,3
458,Sabarkantha,2024-07-19,227.85268055555557,3
458,Sabarkantha,2024-07-20,227.85041666666666,3
458,Sabarkantha,2024-07-21,227.84506944444445,3
458,Sabarkantha,2024-07-22,231.7590985915493,3
458,Sabarkantha,2024-07-23,248.35534545454544,3
458,Sabarkantha,2024-07-24,243.0734152542373,3
458,Sabarkantha,2024-07-25,241.0643027522936,3
458,Sabarkantha,2024-07-26,238.86945132743364,3
458,Sabarkantha,2024-07-27,253.30593043478262,3
458,Sabarkantha,2024-07-28,236.9804727272727,3
458,Sabarkantha,2024-07-29,237.46716964285716,3
458,Sabarkantha,2024-07-30,254.31509375,3
458,Sabarkantha,2024-07-31,272.8992748091603,3
458,Sabarkantha,2024-08-01,245.02441007194247,3
458,Sabarkantha,2024-08-02,241.5285968992248,3
458,Sabarkantha,2024-08-03,251.81824324324324,3
458,Sabarkantha,2024-08-04,252.25531967213115,3
458,Sabarkantha,2024-08-05,247.65581746031748,3
458,Sabarkantha,2024-08-06,241.83430158730158,3
458,Sabarkantha,2024-08-07,254.4841525423729,3
458,Sabarkantha,2024-08-08,244.98075555555556,3
458,Sabarkantha,2024-08-09,248.76008000000002,3
458,Sabarkantha,2024-08-10,263.59825,3
458,Sabarkantha,2024-08-11,239.47437234042553,3
458,Sabarkantha,2024-08-12,248.1725,3
458,Sabarkantha,2024-08-13,233.372024,3
458,Sabarkantha,2024-08-14,253.60582677165354,3
458,Sabarkantha,2024-08-15,251.69971544715446,3
458,Sabarkantha,2024-08-16,260.75242477876105,3
458,Sabarkantha,2024-08-17,231.8205227272727,3
458,Sabarkantha,2024-08-18,234.4097142857143,3
458,Sabarkantha,2024-08-19,221.98644736842107,3
458,Sabarkantha,2024-08-20,245.44977981651374,3
458,Sabarkantha,2024-08-21,249.55472222222224,3
458,Sabarkantha,2024-08-22,254.34919811320754,3
458,Sabarkantha,2024-08-23,253.14841739130435,3
458,Sabarkantha,2024-08-24,258.26206451612904,3
458,Sabarkantha,2024-08-25,239.4089375,3
458,Sabarkantha,2024-08-26,238.18144360902258,3
458,Sabarkantha,2024-08-27,274.8905169491526,3
458,Sabarkantha,2024-08-28,245.84676470588232,3
458,Sabarkantha,2024-08-29,248.9239516129032,3
458,Sabarkantha,2024-08-30,249.64883703703705,3
458,Sabarkantha,2024-08-31,278.81051937984495,3
458,Sabarkantha,2024-09-01,243.87216935483872,3
458,Sabarkantha,2024-09-02,239.97921126760565,3
458,Sabarkantha,2024-09-03,224.56408000000002,3
458,Sabarkantha,2024-09-04,235.03987050359714,3
458,Sabarkantha,2024-09-05,231.99165217391305,3
458,Sabarkantha,2024-09-06,233.01824822695033,3
458,Sabarkantha,2024-09-07,236.22335294117647,3
458,Sabarkantha,2024-09-08,234.33300709219856,3
458,Sabarkantha,2024-09-09,235.3693846153846,3
458,Sabarkantha,2024-09-10,234.16247101449278,3
458,Sabarkantha,2024-09-11,232.54536170212765,3
458,Sabarkantha,2024-09-12,236.03115942028984,3
458,Sabarkantha,2024-09-13,236.44520279720277,3
458,Sabarkantha,2024-09-14,227.3268432835821,3
458,Sabarkantha,2024-09-15,216.80397457627117,3
458,Sabarkantha,2024-09-16,207.85181720430108,3
458,Sabarkantha,2024-09-17,219.47221782178218,3
458,Sabarkantha,2024-09-18,221.5867606837607,3
458,Sabarkantha,2024-09-19,216.96152136752136,3
458,Sabarkantha,2024-09-20,212.32915966386554,3
458,Sabarkantha,2024-09-21,214.35886206896552,3
458,Sabarkantha,2024-09-22,218.18719827586207,3
458,Sabarkantha,2024-09-23,213.05776923076922,3
458,Sabarkantha,2024-09-24,220.86094285714287,3
458,Sabarkantha,2024-09-25,210.35791463414637,3
458,Sabarkantha,2024-09-26,215.84221000000002,3
458,Sabarkantha,2024-09-27,214.1485043478261,3
458,Sabarkantha,2024-09-28,213.49507407407407,3
458,Sabarkantha,2024-09-29,223.8795294117647,3
458,Sabarkantha,2024-09-30,320.20703000000003,3
458,Sabarkantha,2024-10-01,246.21084210526317,3
458,Sabarkantha,2024-10-02,214.36971304347827,3
458,Sabarkantha,2024-10-03,220.11241739130435,3
458,Sabarkantha,2024-10-04,219.06985593220338,3
458,Sabarkantha,2024-10-05,226.99152586206895,3
458,Sabarkantha,2024-10-06,220.11982051282052,3
458,Sabarkantha,2024-10-07,213.64151304347828,3
458,Sabarkantha,2024-10-08,218.82280172413792,3
458,Sabarkantha,2024-10-09,218.19786086956523,3
458,Sabarkantha,2024-10-10,217.31054310344828,3
458,Sabarkantha,2024-10-11,221.68524786324787,3
458,Sabarkantha,2024-10-12,220.9835614035088,3
458,Sabarkantha,2024-10-13,235.97855172413793,3
458,Sabarkantha,2024-10-14,255.62087931034483,3
458,Sabarkantha,2024-10-15,238.2885042735043,3
458,Sabarkantha,2024-10-16,260.5045471698113,3
458,Sabarkantha,2024-10-17,218.28230681818184,3
458,Sabarkantha,2024-10-18,225.9069900990099,3
458,Sabarkantha,2024-10-19,230.47845454545453,3
458,Sabarkantha,2024-10-20,272.1369659090909,3
458,Sabarkantha,2024-10-21,280.98477777777777,3
458,Sabarkantha,2024-10-22,235.09212765957446,3
458,Sabarkantha,2024-10-23,259.0386947368421,3
458,Sabarkantha,2024-10-24,251.29163551401868,3
458,Sabarkantha,2024-10-25,245.83534736842105,3
458,Sabarkantha,2024-10-26,212.40932,3
458,Sabarkantha,2024-10-27,222.26967256637167,3
458,Sabarkantha,2024-10-28,278.780625,3
458,Sabarkantha,2024-10-29,182.27361538461537,2
458,Sabarkantha,2024-10-30,220.77211235955056,3
458,Sabarkantha,2024-10-31,318.5138727272727,3
458,Sabarkantha,2024-11-01,249.38938260869563,3
458,Sabarkantha,2024-11-02,227.97442592592594,3
458,Sabarkantha,2024-11-03,182.99655555555555,2
458,Sabarkantha,2024-11-04,215.89949438202248,3
458,Sabarkantha,2024-11-05,209.74868181818184,3
458,Sabarkantha,2024-11-06,185.83542045454544,3
458,Sabarkantha,2024-11-07,182.25210638297872,2
458,Sabarkantha,2024-11-08,185.7958488372093,3
458,Sabarkantha,2024-11-09,188.9025487804878,2
458,Sabarkantha,2024-11-10,188.68598749999998,2
458,Sabarkantha,2024-11-11,213.83060975609757,3
458,Sabarkantha,2024-11-12,182.49425555555555,2
458,Sabarkantha,2024-11-13,182.35915053763438,2
458,Sabarkantha,2024-11-14,188.46897777777775,2
458,Sabarkantha,2024-11-15,182.22416304347826,2
458,Sabarkantha,2024-11-16,182.3560224719101,2
458,Sabarkantha,2024-11-17,189.1775212765957,3
458,Sabarkantha,2024-11-18,181.80972527472528,2
458,Sabarkantha,2024-11-19,194.45635416666667,3
458,Sabarkantha,2024-11-20,214.62372413793102,3
458,Sabarkantha,2024-11-21,215.74353571428574,3
458,Sabarkantha,2024-11-22,228.06161946902654,3
458,Sabarkantha,2024-11-23,225.25601785714284,3
458,Sabarkantha,2024-11-24,214.03633333333335,3
458,Sabarkantha,2024-11-25,217.43623584905657,3
458,Sabarkantha,2024-11-26,223.43285840707966,3
458,Sabarkantha,2024-11-27,216.69044537815125,3
458,Sabarkantha,2024-11-28,226.0786126126126,3
458,Sabarkantha,2024-11-29,218.88324074074075,3
458,Sabarkantha,2024-11-30,182.02108823529412,2
458,Sabarkantha,2024-12-01,181.6429696969697,2
458,Sabarkantha,2024-12-02,226.5934111111111,3
458,Sabarkantha,2024-12-03,344.70812280701756,3
458,Sabarkantha,2024-12-04,329.1779569892473,3
458,Sabarkantha,2024-12-05,348.29163265306124,3
458,Sabarkantha,2024-12-06,358.1904285714286,3
458,Sabarkantha,2024-12-07,357.6409514563107,3
458,Sabarkantha,2024-12-08,336.6741272727273,3
458,Sabarkantha,2024-12-09,374.8850873786408,3
458,Sabarkantha,2024-12-10,386.18319417475726,3
458,Sabarkantha,2024-12-11,356.2724491525424,3
458,Sabarkantha,2024-12-12,347.8319166666667,3
458,Sabarkantha,2024-12-13,356.9209166666667,3
458,Sabarkantha,2024-12-14,324.1213913043478,3
458,Sabarkantha,2024-12-15,368.5467142857143,3
458,Sabarkantha,2024-12-16,315.3664105263158,3
458,Sabarkantha,2024-12-17,331.9075523809524,3
458,Sabarkantha,2024-12-18,348.93285000000003,3
458,Sabarkantha,2024-12-19,341.8837983193277,3
458,Sabarkantha,2024-12-20,335.22998333333334,3
458,Sabarkantha,2024-12-21,350.5858907563025,3
458,Sabarkantha,2024-12-22,337.45895,3
458,Sabarkantha,2024-12-23,335.62878151260503,3
458,Sabarkantha,2024-12-24,330.70474576271187,3
458,Sabarkantha,2024-12-25,363.22567796610167,3
458,Sabarkantha,2024-12-26,349.0776,3
458,Sabarkantha,2024-12-27,253.27595454545454,3
458,Sabarkantha,2024-12-28,169.443,1
458,Sabarkantha,2024-12-31,353.1056811594203,3
458,Sabarkantha,2025-01-01,360.4743301886793,3
458,Sabarkantha,2025-01-02,359.468025,3
458,Sabarkantha,2025-01-03,342.67590082644625,3
458,Sabarkantha,2025-01-04,314.7350681818182,3
458,Sabarkantha,2025-01-05,183.7763829787234,2
458,Sabarkantha,2025-01-06,322.6341764705883,3
458,Sabarkantha,2025-01-07,357.9409495798319,3
458,Sabarkantha,2025-01-08,349.1431416666667,3
458,Sabarkantha,2025-01-09,333.48320338983046,3
458,Sabarkantha,2025-01-10,315.7602727272727,3
458,Sabarkantha,2025-01-11,182.00691304347825,2
458,Sabarkantha,2025-01-12,184.6618611111111,2
458,Sabarkantha,2025-01-13,313.6523854166667,3
458,Sabarkantha,2025-01-14,326.8365446428571,3
458,Sabarkantha,2025-01-15,322.1219549549549,3
458,Sabarkantha,2025-01-16,343.81107758620686,3
458,Sabarkantha,2025-01-17,316.3371801801802,3
458,Sabarkantha,2025-01-18,312.37469811320756,3
458,Sabarkantha,2025-01-19,284.6458849557522,3
458,Sabarkantha,2025-01-20,290.48819999999995,3
458,Sabarkantha,2025-01-21,273.3103939393939,3
458,Sabarkantha,2025-01-22,293.3555842696629,3
458,Sabarkantha,2025-01-23,287.96658585858586,3
458,Sabarkantha,2025-01-24,269.3387391304348,3
458,Sabarkantha,2025-01-25,247.74310126582282,3
458,Sabarkantha,2025-01-26,251.97272602739724,3
458,Sabarkantha,2025-01-27,184.56963829787236,2
458,Sabarkantha,2025-01-28,274.8190980392157,3
458,Sabarkantha,2025-01-29,309.2736696428571,3
458,Sabarkantha,2025-01-30,324.7762136752137,3
458,Sabarkantha,2025-01-31,313.3478086956522,3
458,Sabarkantha,2025-02-01,301.86320731707315,3
458,Sabarkantha,2025-02-02,404.94449999999995,1
458,Sabarkantha,2025-02-03,323.50060317460316,3
458,Sabarkantha,2025-02-04,316.24403571428576,3
458,Sabarkantha,2025-02-05,338.576375,3
458,Sabarkantha,2025-02-06,329.7477413793103,3
458,Sabarkantha,2025-02-07,349.2525338983051,3
458,Sabarkantha,2025-02-08,321.67910169491523,3
458,Sabarkantha,2025-02-09,310.29392035398234,3
458,Sabarkantha,2025-02-10,322.3988534482759,3
458,Sabarkantha,2025-02-11,317.4266666666667,3
458,Sabarkantha,2025-02-12,325.49190598290596,3
458,Sabarkantha,2025-02-13,319.39926495726496,3
458,Sabarkantha,2025-02-14,317.84285714285716,3
458,Sabarkantha,2025-02-15,314.2034117647059,3
458,Sabarkantha,2025-02-16,184.94393617021277,2
458,Sabarkantha,2025-02-17,282.83306,3
458,Sabarkantha,2025-02-18,332.00068965517244,3
458,Sabarkantha,2025-02-19,315.2072980769231,3
458,Sabarkantha,2025-02-20,296.62801,3
458,Sabarkantha,2025-02-21,328.8711181818182,3
458,Sabarkantha,2025-02-22,326.120275862069,3
458,Sabarkantha,2025-02-23,185.942,2
458,Sabarkantha,2025-02-24,343.3611585365854,3
458,Sabarkantha,2025-02-25,328.71082894736844,3
458,Sabarkantha,2025-02-27,237.42259493670883,3
458,Sabarkantha,2025-02-28,291.3404128440367,3
458,Sabarkantha,2025-03-01,224.92655,3
458,Sabarkantha,2025-03-02,220.00118691588784,3
458,Sabarkantha,2025-03-03,220.0323739130435,3
458,Sabarkantha,2025-03-04,224.86552173913043,3
458,Sabarkantha,2025-03-05,221.4891623931624,3
458,Sabarkantha,2025-03-06,208.0227888888889,3
458,Sabarkantha,2025-03-07,185.74286666666666,2
458,Sabarkantha,2025-03-08,210.33712676056336,3
458,Sabarkantha,2025-03-09,185.91591304347824,2
458,Sabarkantha,2025-03-10,210.76867647058822,3
458,Sabarkantha,2025-03-11,226.24800869565217,3
458,Sabarkantha,2025-03-12,212.4799051724138,3
458,Sabarkantha,2025-03-13,215.14331304347826,3
458,Sabarkantha,2025-03-14,218.86785593220338,3
458,Sabarkantha,2025-03-15,214.42956880733945,3
458,Sabarkantha,2025-03-16,219.50088349514564,3
458,Sabarkantha,2025-03-17,214.88112280701753,3
458,Sabarkantha,2025-03-18,217.73357627118645,3
458,Sabarkantha,2025-03-19,214.35939473684212,3
458,Sabarkantha,2025-03-20,204.5485421686747,3
458,Sabarkantha,2025-03-21,185.92070833333332,2
458,Sabarkantha,2025-03-22,185.92284782608698,2
458,Sabarkantha,2025-03-23,185.92354347826088,2
458,Sabarkantha,2025-03-24,185.9665652173913,2
458,Sabarkantha,2025-03-25,204.07588732394368,3
458,Sabarkantha,2025-03-26,205.84946153846153,3
458,Sabarkantha,2025-03-27,213.98795412844038,3
458,Sabarkantha,2025-03-28,210.17080645161292,3
458,Sabarkantha,2025-03-29,209.8191505376344,3
458,Sabarkantha,2025-03-30,213.93381739130433,3
458,Sabarkantha,2025-03-31,209.59395327102803,3
458,Sabarkantha,2025-04-01,212.9753982300885,3
458,Sabarkantha,2025-04-02,211.51444736842106,3
458,Sabarkantha,2025-04-03,204.974472972973,3
458,Sabarkantha,2025-04-04,211.0133894736842,3
458,Sabarkantha,2025-04-05,212.57604545454546,3
458,Sabarkantha,2025-04-06,213.26546428571427,3
458,Sabarkantha,2025-04-07,212.61280555555555,3
458,Sabarkantha,2025-04-08,213.96262831858408,3
458,Sabarkantha,2025-04-09,215.97577876106195,3
458,Sabarkantha,2025-04-10,213.78355045871558,3
458,Sabarkantha,2025-04-11,214.3840796460177,3
458,Sabarkantha,2025-04-12,212.01486324786325,3
458,Sabarkantha,2025-04-13,213.57367241379313,3
458,Sabarkantha,2025-04-14,214.02018260869565,3
458,Sabarkantha,2025-04-15,210.755009009009,3
458,Sabarkantha,2025-04-16,206.61755555555555,3
458,Sabarkantha,2025-04-17,217.2398,3
458,Sabarkantha,2025-04-18,212.35257142857142,3
458,Sabarkantha,2025-04-19,185.1805,2
458,Sabarkantha,2025-04-20,186.7017619047619,2
458,Sabarkantha,2025-04-21,213.43054216867472,3
458,Sabarkantha,2025-04-22,212.35234482758622,3
458,Sabarkantha,2025-04-23,217.31286666666665,3
458,Sabarkantha,2025-04-24,219.4035894736842,3
458,Sabarkantha,2025-04-25,210.0519746835443,3
458,Sabarkantha,2025-04-26,214.34475000000003,3
458,Sabarkantha,2025-04-27,214.06362962962962,3
458,Sabarkantha,2025-04-28,215.1718598130841,3
458,Sabarkantha,2025-04-29,215.10804761904762,3
458,Sabarkantha,2025-04-30,199.25170370370373,3
458,Sabarkantha,2025-05-01,196.53418518518518,3
458,Sabarkantha,2025-05-02,216.32252459016394,3
458,Sabarkantha,2025-05-03,191.93142222222224,3
458,Sabarkantha,2025-05-04,186.51739285714285,2
458,Sabarkantha,2025-05-06,240.41194594594594,3
458,Sabarkantha,2025-05-07,222.10263736263735,3
458,Sabarkantha,2025-05-08,218.93083950617284,3
458,Sabarkantha,2025-05-09,205.38381967213115,3
458,Sabarkantha,2025-05-10,214.2125287356322,3
458,Sabarkantha,2025-05-11,194.11586274509804,3
458,Sabarkantha,2025-05-12,186.1363111111111,2
458,Sabarkantha,2025-05-13,192.97832558139532,3
458,Sabarkantha,2025-05-14,186.45021875,2
458,Sabarkantha,2025-05-15,241.32665454545455,3
458,Sabarkantha,2025-05-16,225.24776744186047,3
458,Sabarkantha,2025-05-17,216.7279479166667,3
458,Sabarkantha,2025-05-18,220.98314583333334,3
458,Sabarkantha,2025-05-19,211.48823655913978,3
458,Sabarkantha,2025-05-20,206.55738157894737,3
458,Sabarkantha,2025-05-21,215.49907,3
458,Sabarkantha,2025-05-22,216.14432530120482,3
458,Sabarkantha,2025-05-23,216.96755789473687,3
458,Sabarkantha,2025-05-24,214.47172727272726,3
458,Sabarkantha,2025-05-25,219.25668367346938,3
458,Sabarkantha,2025-05-26,208.0316105263158,3
458,Sabarkantha,2025-05-27,211.5581649484536,3
458,Sabarkantha,2025-05-28,210.7768842105263,3
458,Sabarkantha,2025-05-29,208.72667741935487,3
458,Sabarkantha,2025-05-30,213.39787610619467,3
458,Sabarkantha,2025-05-31,199.7707868852459,3
458,Sabarkantha,2025-06-01,212.39715789473684,3
458,Sabarkantha,2025-06-02,212.50403773584907,3
458,Sabarkantha,2025-06-03,201.79865671641792,3
458,Sabarkantha,2025-06-04,193.12269999999998,3
458,Sabarkantha,2025-06-05,206.14265625,3
458,Sabarkantha,2025-06-06,211.46583185840709,3
458,Sabarkantha,2025-06-07,211.85750892857143,3
458,Sabarkantha,2025-06-08,208.9809175257732,3
458,Sabarkantha,2025-06-09,205.77520454545456,3
458,Sabarkantha,2025-06-10,208.83790740740739,3
458,Sabarkantha,2025-06-11,212.25654629629628,3
458,Sabarkantha,2025-06-12,209.85922330097088,3
458,Sabarkantha,2025-06-13,210.3873839285714,3
458,Sabarkantha,2025-06-14,213.22499074074074,3
458,Sabarkantha,2025-06-15,210.88095535714288,3
458,Sabarkantha,2025-06-16,212.60740909090907,3
458,Sabarkantha,2025-06-17,212.100625,3
458,Sabarkantha,2025-06-18,212.35545945945944,3
458,Sabarkantha,2025-06-19,210.02321686746987,3
458,Sabarkantha,2025-06-20,211.7905227272727,3
458,Sabarkantha,2025-06-21,212.4933292682927,3
458,Sabarkantha,2025-06-22,200.48044776119403,3
458,Sabarkantha,2025-06-23,181.0413125,2
458,Sabarkantha,2025-06-24,178.7853793103448,2
458,Sabarkantha,2025-06-25,182.924,2
458,Sabarkantha,2025-06-26,180.70636363636365,2
458,Sabarkantha,2025-06-27,181.21442424242423,2
458,Sabarkantha,2025-06-28,168.925,1
458,Sabarkantha,2025-06-29,185.86046428571427,2
458,Sabarkantha,2025-06-30,180.97350000000003,2
458,Sabarkantha,2025-07-01,181.51302083333334,2
458,Sabarkantha,2025-07-02,184.48248979591835,3
458,Sabarkantha,2025-07-03,181.65787234042554,2
458,Sabarkantha,2025-07-04,184.88430612244898,3
458,Sabarkantha,2025-07-05,182.14173469387754,2
458,Sabarkantha,2025-07-06,181.69717021276594,2
458,Sabarkantha,2025-07-07,181.49926086956523,2
458,Sabarkantha,2025-07-08,196.8833924050633,3
458,Sabarkantha,2025-07-09,195.92885185185187,3
458,Sabarkantha,2025-07-10,199.75183750000002,3
458,Sabarkantha,2025-07-11,199.52116666666666,3
458,Sabarkantha,2025-07-12,182.05304166666667,2
458,Sabarkantha,2025-07-13,182.05814583333333,2
458,Sabarkantha,2025-07-14,181.605,2
458,Sabarkantha,2025-07-15,185.31326086956523,2
458,Sabarkantha,2025-07-20,182.4347021276596,2
458,Sabarkantha,2025-07-21,181.934,2
458,Sabarkantha,2025-07-22,196.27830303030305,3
458,Sabarkantha,2025-07-23,201.60815789473682,3
458,Sabarkantha,2025-07-24,191.00398412698414,3
458,Sabarkantha,2025-07-27,202.55446835443038,3
458,Sabarkantha,2025-07-28,201.37793506493506,3
458,Sabarkantha,2025-07-29,197.03433870967743,3
458,Sabarkantha,2025-07-30,192.55731034482758,3
458,Sabarkantha,2025-07-31,193.74864179104478,3
458,Sabarkantha,2025-08-01,203.6043734939759,3
458,Sabarkantha,2025-08-02,189.26983636363636,3
458,Sabarkantha,2025-08-03,182.83758333333333,2
458,Sabarkantha,2025-08-04,206.62321126760563,3
458,Sabarkantha,2025-08-05,182.70450000000002,2
458,Sabarkantha,2025-08-06,202.71986486486486,3
458,Sabarkantha,2025-08-07,202.18928947368423,3
458,Sabarkantha,2025-08-08,188.0126909090909,3
458,Sabarkantha,2025-08-09,183.89312500000003,2
458,Sabarkantha,2025-08-10,183.6019375,2
458,Sabarkantha,2025-08-11,208.59770103092782,3
458,Sabarkantha,2025-08-12,205.16115789473685,3
458,Sabarkantha,2025-08-13,185.79564583333334,2
458,Sabarkantha,2025-08-14,197.14253968253968,3
458,Sabarkantha,2025-08-15,203.89651351351353,3
458,Sabarkantha,2025-08-16,197.4190281690141,3
458,Sabarkantha,2025-08-17,211.3543090909091,3
458,Sabarkantha,2025-08-18,234.71166666666667,3
458,Sabarkantha,2025-08-20,199.47972602739728,3
458,Sabarkantha,2025-08-21,200.72524657534245,3
458,Sabarkantha,2025-08-22,202.72601492537314,3
458,Sabarkantha,2025-08-23,196.5519523809524,3
458,Sabarkantha,2025-08-24,201.9881176470588,3
458,Sabarkantha,2025-08-25,195.17650746268657,3
458,Sabarkantha,2025-08-27,202.026125,3
458,Sabarkantha,2025-08-28,195.55746875,3
458,Sabarkantha,2025-09-01,196.55105454545455,3
458,Sabarkantha,2025-09-02,191.6694827586207,3
458,Sabarkantha,2025-09-03,191.53394545454546,3
458,Sabarkantha,2025-09-04,183.4159347826087,2
458,Sabarkantha,2025-09-05,183.68946511627908,2
458,Sabarkantha,2025-09-06,183.67339215686275,2
458,Sabarkantha,2025-09-07,187.91275,3
458,Sabarkantha,2025-09-08,190.54089473684212,3
458,Sabarkantha,2025-09-09,191.65357894736843,3
458,Sabarkantha,2025-09-10,194.53859375,3
458,Sabarkantha,2025-09-11,193.89652777777778,3
458,Sabarkantha,2025-09-12,192.52904347826086,3
458,Sabarkantha,2025-09-13,191.73341176470586,3
458,Sabarkantha,2025-09-14,193.11698507462685,3
458,Sabarkantha,2025-09-15,199.16479166666667,3
458,Sabarkantha,2025-09-16,199.71176388888887,3
458,Sabarkantha,2025-09-17,194.4277397260274,3
458,Sabarkantha,2025-09-18,198.86314285714286,3
458,Sabarkantha,2025-09-20,184.81262222222222,2
458,Sabarkantha,2025-09-21,185.27002083333332,2
458,Sabarkantha,2025-09-22,184.2108085106383,2
458,Sabarkantha,2025-09-23,183.21760975609754,2
458,Sabarkantha,2025-09-24,185.95066666666665,2
458,Sabarkantha,2025-09-25,183.45382978723404,2
458,Sabarkantha,2025-09-26,183.45341666666664,2
458,Sabarkantha,2025-09-27,183.22408510638297,2
458,Sabarkantha,2025-09-28,183.455375,2
458,Sabarkantha,2025-09-29,183.468,2
458,Sabarkantha,2025-09-30,183.47131249999998,2
458,Sabarkantha,2025-10-01,183.2357659574468,2
458,Sabarkantha,2025-10-02,183.45581249999998,2
458,Sabarkantha,2025-10-03,182.98080434782608,2
458,Sabarkantha,2025-10-04,183.2059111111111,2
458,Sabarkantha,2025-10-05,183.4415625,2
458,Sabarkantha,2025-10-06,183.44393749999998,2
458,Sabarkantha,2025-10-07,183.67582978723402,2
458,Sabarkantha,2025-10-08,183.4535625,2
458,Sabarkantha,2025-10-09,183.2172222222222,2
458,Sabarkantha,2025-10-10,183.45515217391304,2
458,Sabarkantha,2025-10-11,185.52316666666664,2
458,Sabarkantha,2025-10-12,186.51655813953488,2
458,Sabarkantha,2025-10-13,185.95632608695652,2
458,Sabarkantha,2025-10-14,186.12821276595744,2
458,Sabarkantha,2025-10-15,185.9525625,2
458,Sabarkantha,2025-10-16,185.9515,2
458,Sabarkantha,2025-10-17,186.6916590909091,2
458,Sabarkantha,2025-10-18,185.77565957446808,2
458,Sabarkantha,2025-10-19,185.7759574468085,2
458,Sabarkantha,2025-10-20,185.949875,2
458,Sabarkantha,2025-10-21,185.94839583333336,2
458,Sabarkantha,2025-10-22,185.94785416666664,2
458,Sabarkantha,2025-10-23,186.1208510638298,2
458,Sabarkantha,2025-10-24,185.948625,2
458,Sabarkantha,2025-10-25,186.49397777777776,2
458,Sabarkantha,2025-10-26,185.77665957446808,2
458,Sabarkantha,2025-10-27,185.77797872340426,2
458,Sabarkantha,2025-10-28,186.13548936170213,2
458,Sabarkantha,2025-10-29,186.1296170212766,2
458,Sabarkantha,2025-10-30,186.30973913043476,2
458,Sabarkantha,2025-10-31,185.95641666666666,2
458,Sabarkantha,2025-11-01,185.8546458333333,2
458,Sabarkantha,2025-11-02,185.04404255319147,2
458,Sabarkantha,2025-11-03,185.7490625,2
458,Sabarkantha,2025-11-04,185.95768750000002,2
458,Sabarkantha,2025-11-05,185.9562,2
458,Sabarkantha,2025-11-07,185.1382,2
458,Sabarkantha,2025-11-08,185.95389583333335,2
458,Sabarkantha,2025-11-09,185.95360416666668,2
458,Sabarkantha,2025-11-10,185.9538125,2
458,Sabarkantha,2025-11-11,185.95285416666664,2
458,Sabarkantha,2025-11-12,185.95238636363635,2
458,Sabarkantha,2025-11-13,186.32222727272728,2
458,Sabarkantha,2025-11-14,186.43141176470587,2
458,Sabarkantha,2025-11-15,187.31108333333336,2
458,Sabarkantha,2025-11-22,185.94475,2
458,Sabarkantha,2025-11-23,186.57082051282052,2
458,Sabarkantha,2025-11-24,186.31352272727273,2
458,Sabarkantha,2025-11-25,187.30094444444444,2
458,Sabarkantha,2025-11-26,185.74241463414634,2
458,Sabarkantha,2025-11-27,186.22106896551725,2
458,Sabarkantha,2025-11-30,180.50716666666668,2
458,Sabarkantha,2025-12-01,185.36781395348837,2
458,Sabarkantha,2025-12-02,186.28928260869566,2
458,Sabarkantha,2025-12-03,185.746,2
458,Sabarkantha,2025-12-04,185.9371818181818,2
458,Sabarkantha,2025-12-05,186.11051063829785,2
458,Sabarkantha,2025-12-06,186.11151063829786,2
458,Sabarkantha,2025-12-07,185.93888095238094,2
458,Sabarkantha,2025-12-08,186.3084090909091,2
458,Sabarkantha,2025-12-09,185.74876744186048,2
458,Sabarkantha,2025-12-10,186.11127659574467,2
458,Sabarkantha,2025-12-11,186.11014893617022,2
458,Sabarkantha,2025-12-12,185.93660416666668,2
458,Sabarkantha,2025-12-13,185.93229166666666,2
458,Sabarkantha,2025-12-14,186.37993243243244,2
458,Sabarkantha,2025-12-15,187.0132891566265,2
458,Sabarkantha,2025-12-16,186.8116,2
458,Sabarkantha,2025-12-17,185.15116049382718,2
458,Sabarkantha,2025-12-18,186.3006818181818,2
458,Sabarkantha,2025-12-19,186.5396375,2
458,Sabarkantha,2025-12-20,191.55545679012346,3
458,Sabarkantha,2025-12-21,186.7580512820513,2
458,Sabarkantha,2025-12-22,193.10584210526315,2
458,Sabarkantha,2025-12-23,186.5590576923077,2
458,Sabarkantha,2025-12-24,185.92887499999998,2
458,Sabarkantha,2025-12-25,185.93616666666665,2
458,Sabarkantha,2025-12-26,186.10697872340427,2
458,Sabarkantha,2025-12-27,186.11746666666667,2
458,Sabarkantha,2025-12-28,186.11833333333334,2
458,Sabarkantha,2025-12-29,185.93545833333334,2
458,Sabarkantha,2025-12-30,185.93514583333334,2
458,Sabarkantha,2025-12-31,185.9374375,2
460,Surendranagar,2021-01-03,101.515,1
460,Surendranagar,2021-01-04,39.967,1
460,Surendranagar,2021-01-05,80.43633333333334,2
460,Surendranagar,2021-01-06,44.745,1
460,Surendranagar,2021-01-07,44.416,1
460,Surendranagar,2021-01-08,39.911,1
460,Surendranagar,2021-01-09,73.297,1
460,Surendranagar,2021-01-11,39.92,1
460,Surendranagar,2021-01-12,70.2505,2
460,Surendranagar,2021-01-14,72.434,1
460,Surendranagar,2021-01-20,44.664,1
460,Surendranagar,2021-02-01,44.749,1
460,Surendranagar,2021-02-02,72.587,1
460,Surendranagar,2021-02-06,39.891,1
460,Surendranagar,2021-02-10,39.958,1
460,Surendranagar,2021-03-02,44.585,1
460,Surendranagar,2021-03-08,41.197,1
460,Surendranagar,2021-03-13,98.935,1
460,Surendranagar,2021-03-17,39.883,1
460,Surendranagar,2021-03-19,42.611,1
460,Surendranagar,2021-03-21,42.901,1
460,Surendranagar,2021-03-22,72.217,1
460,Surendranagar,2021-03-25,72.208,1
460,Surendranagar,2021-04-05,3.2737777777777777,1
460,Surendranagar,2021-04-06,3.264666666666667,1
460,Surendranagar,2021-04-07,3.241857142857143,1
460,Surendranagar,2021-04-10,101.806,1
460,Surendranagar,2021-04-13,75.90242857142857,1
460,Surendranagar,2021-04-14,76.4166,1
460,Surendranagar,2021-04-15,76.49175000000001,1
460,Surendranagar,2021-04-16,76.492125,1
460,Surendranagar,2021-04-17,77.27787500000001,1
460,Surendranagar,2021-04-18,76.85973076923077,2
460,Surendranagar,2021-04-19,77.58592,1
460,Surendranagar,2021-04-20,76.4812857142857,1
460,Surendranagar,2021-04-23,101.174,1
460,Surendranagar,2021-04-27,41.186,1
460,Surendranagar,2021-05-01,101.646,1
460,Surendranagar,2021-05-06,44.74,1
460,Surendranagar,2021-05-19,41.681363636363635,1
460,Surendranagar,2021-05-20,41.600208333333335,1
460,Surendranagar,2021-05-21,42.80310204081633,2
460,Surendranagar,2021-05-22,41.58523404255319,1
460,Surendranagar,2021-05-23,41.53686956521739,1
460,Surendranagar,2021-05-24,42.65451020408163,2
460,Surendranagar,2021-05-25,41.532833333333336,1
460,Surendranagar,2021-05-26,41.537083333333335,1
460,Surendranagar,2021-05-27,41.51558333333333,1
460,Surendranagar,2021-05-28,34.95010344827586,2
460,Surendranagar,2021-05-29,28.802013888888887,2
460,Surendranagar,2021-05-30,29.30095833333333,3
460,Surendranagar,2021-05-31,34.37633898305085,2
460,Surendranagar,2021-06-01,41.45732608695652,1
460,Surendranagar,2021-06-02,43.24225974025974,3
460,Surendranagar,2021-06-03,38.301655462184875,3
460,Surendranagar,2021-06-04,48.11269565217391,3
460,Surendranagar,2021-06-05,61.373635514018694,3
460,Surendranagar,2021-06-06,55.45276842105263,2
460,Surendranagar,2021-06-07,55.5897340425532,2
460,Surendranagar,2021-06-08,55.5755625,2
460,Surendranagar,2021-06-09,55.4059381443299,2
460,Surendranagar,2021-06-10,55.55602083333333,2
460,Surendranagar,2021-06-11,55.98746315789474,2
460,Surendranagar,2021-06-12,55.51802222222223,2
460,Surendranagar,2021-06-13,55.48224324324324,2
460,Surendranagar,2021-06-14,49.689759259259255,3
460,Surendranagar,2021-06-15,44.965661016949156,3
460,Surendranagar,2021-06-16,51.18949504950495,3
460,Surendranagar,2021-06-17,64.96430434782609,2
460,Surendranagar,2021-06-18,56.057448275862065,2
460,Surendranagar,2021-06-19,56.55756842105263,2
460,Surendranagar,2021-06-20,56.555,2
460,Surendranagar,2021-06-21,56.74914583333333,2
460,Surendranagar,2021-06-22,56.9337052631579,2
460,Surendranagar,2021-06-23,56.7670625,2
460,Surendranagar,2021-06-24,56.76833333333334,2
460,Surendranagar,2021-06-25,56.75495833333333,2
460,Surendranagar,2021-06-26,56.59635789473684,2
460,Surendranagar,2021-06-27,56.790375000000004,2
460,Surendranagar,2021-06-28,54.14874390243902,3
460,Surendranagar,2021-06-29,47.70329787234042,3
460,Surendranagar,2021-06-30,45.89695798319328,3
460,Surendranagar,2021-07-01,45.346711864406785,3
460,Surendranagar,2021-07-02,50.159832061068705,4
460,Surendranagar,2021-07-03,53.728586387434554,4
460,Surendranagar,2021-07-04,53.549449735449734,4
460,Surendranagar,2021-07-05,59.45822881355932,4
460,Surendranagar,2021-07-06,70.29596226415094,3
460,Surendranagar,2021-07-07,70.84752040816326,3
460,Surendranagar,2021-07-08,70.06211382113821,3
460,Surendranagar,2021-07-09,70.48956451612904,3
460,Surendranagar,2021-07-10,70.51330215827338,3
460,Surendranagar,2021-07-11,70.2499126984127,3
460,Surendranagar,2021-07-12,70.52155371900827,3
460,Surendranagar,2021-07-13,70.38708450704226,3
460,Surendranagar,2021-07-14,70.57356115107913,3
460,Surendranagar,2021-07-15,67.23232903225806,4
460,Surendranagar,2021-07-16,62.3202688172043,4
460,Surendranagar,2021-07-17,62.96466315789474,4
460,Surendranagar,2021-07-18,62.51482352941177,4
460,Surendranagar,2021-07-19,62.53501639344262,4
460,Surendranagar,2021-07-20,63.04913227513227,4
460,Surendranagar,2021-07-21,62.854749999999996,4
460,Surendranagar,2021-07-22,62.91992105263158,4
460,Surendranagar,2021-07-23,62.95602094240838,4
460,Surendranagar,2021-07-24,62.95571727748691,4
460,Surendranagar,2021-07-25,62.94653926701571,4
460,Surendranagar,2021-07-26,62.715634920634926,4
460,Surendranagar,2021-07-27,62.52536315789474,4
460,Surendranagar,2021-07-28,63.01373298429319,4
460,Surendranagar,2021-07-29,62.88652604166666,4
460,Surendranagar,2021-07-30,62.61832275132275,4
460,Surendranagar,2021-07-31,62.34467010309278,4
460,Surendranagar,2021-08-01,63.11874345549738,4
460,Surendranagar,2021-08-02,62.676612565445026,4
460,Surendranagar,2021-08-03,62.85976719576719,4
460,Surendranagar,2021-08-04,62.83779166666667,4
460,Surendranagar,2021-08-05,62.83411458333333,4
460,Surendranagar,2021-08-06,62.645382978723404,4
460,Surendranagar,2021-08-07,62.81828042328043,4
460,Surendranagar,2021-08-08,61.988259668508285,4
460,Surendranagar,2021-08-09,62.654380952380954,4
460,Surendranagar,2021-08-10,62.759994680851065,4
460,Surendranagar,2021-08-11,62.49641798941799,4
460,Surendranagar,2021-08-12,62.552989528795806,4
460,Surendranagar,2021-08-13,62.49923157894737,4
460,Surendranagar,2021-08-14,62.93800526315789,4
460,Surendranagar,2021-08-15,62.693782608695656,4
460,Surendranagar,2021-08-16,62.800664921465966,4
460,Surendranagar,2021-08-17,62.553715789473685,4
460,Surendranagar,2021-08-18,62.7215989010989,4
460,Surendranagar,2021-08-19,62.44248691099476,4
460,Surendranagar,2021-08-20,62.74900523560209,4
460,Surendranagar,2021-08-21,62.56656020942408,4
460,Surendranagar,2021-08-22,62.505210526315786,4
460,Surendranagar,2021-08-23,62.60649206349206,4
460,Surendranagar,2021-08-24,62.5233612565445,4
460,Surendranagar,2021-08-25,62.560125,4
460,Surendranagar,2021-08-26,62.443200000000004,4
460,Surendranagar,2021-08-27,62.43019170984456,4
460,Surendranagar,2021-08-28,62.292457894736835,4
460,Surendranagar,2021-08-29,62.686715025906736,4
460,Surendranagar,2021-08-30,62.32526595744681,4
460,Surendranagar,2021-08-31,62.06230687830688,4
460,Surendranagar,2021-09-01,62.82877540106952,4
460,Surendranagar,2021-09-02,62.73667015706806,4
460,Surendranagar,2021-09-03,62.40810582010582,4
460,Surendranagar,2021-09-04,62.47957068062827,4
460,Surendranagar,2021-09-05,62.925094240837694,4
460,Surendranagar,2021-09-06,61.441461956521735,4
460,Surendranagar,2021-09-07,60.29553672316384,4
460,Surendranagar,2021-09-08,62.447806629834254,4
460,Surendranagar,2021-09-09,62.30079096045198,4
460,Surendranagar,2021-09-10,62.78848633879781,4
460,Surendranagar,2021-09-11,62.52388950276244,4
460,Surendranagar,2021-09-12,62.665186813186814,4
460,Surendranagar,2021-09-13,62.38706010928962,4
460,Surendranagar,2021-09-14,62.73772826086957,4
460,Surendranagar,2021-09-15,62.74350543478261,4
460,Surendranagar,2021-09-16,62.67956084656085,4
460,Surendranagar,2021-09-17,62.56502209944752,4
460,Surendranagar,2021-09-18,62.14623699421965,4
460,Surendranagar,2021-09-19,62.495090395480226,4
460,Surendranagar,2021-09-20,62.804801136363636,4
460,Surendranagar,2021-09-21,62.45612,4
460,Surendranagar,2021-09-22,62.74347093023256,4
460,Surendranagar,2021-09-23,62.27552272727273,4
460,Surendranagar,2021-09-24,62.52979651162791,4
460,Surendranagar,2021-09-25,62.458849710982655,4
460,Surendranagar,2021-09-26,62.164808139534884,4
460,Surendranagar,2021-09-27,63.08728901734104,4
460,Surendranagar,2021-09-28,62.97025698324022,4
460,Surendranagar,2021-09-29,63.402113636363644,4
460,Surendranagar,2021-09-30,64.17605617977527,4
460,Surendranagar,2021-10-01,64.25578409090909,4
460,Surendranagar,2021-10-02,63.9146312849162,4
460,Surendranagar,2021-10-03,64.2652192513369,4
460,Surendranagar,2021-10-04,64.78235326086956,4
460,Surendranagar,2021-10-05,63.85406,4
460,Surendranagar,2021-10-06,64.16425628140703,4
460,Surendranagar,2021-10-07,63.640489898989905,4
460,Surendranagar,2021-10-08,63.82984848484848,4
460,Surendranagar,2021-10-09,63.450980676328506,4
460,Surendranagar,2021-10-10,63.89703664921466,4
460,Surendranagar,2021-10-11,64.77665608465608,4
460,Surendranagar,2021-10-12,64.61612432432433,4
460,Surendranagar,2021-10-13,63.92070899470899,4
460,Surendranagar,2021-10-14,64.44230434782608,4
460,Surendranagar,2021-10-15,64.70511764705883,4
460,Surendranagar,2021-10-16,64.35435483870968,4
460,Surendranagar,2021-10-17,64.90632291666667,4
460,Surendranagar,2021-10-18,64.50372677595628,4
460,Surendranagar,2021-10-19,64.85449726775956,4
460,Surendranagar,2021-10-20,64.9026755319149,4
460,Surendranagar,2021-10-21,65.15234426229507,4
460,Surendranagar,2021-10-22,64.62575263157895,4
460,Surendranagar,2021-10-23,64.48521390374331,4
460,Surendranagar,2021-10-24,64.52832446808512,4
460,Surendranagar,2021-10-25,64.56324867724868,4
460,Surendranagar,2021-10-26,64.5325135135135,4
460,Surendranagar,2021-10-27,63.98351336898396,4
460,Surendranagar,2021-10-28,64.77579581151832,4
460,Surendranagar,2021-10-29,64.41289839572192,4
460,Surendranagar,2021-10-30,66.50259411764706,4
460,Surendranagar,2021-10-31,64.78650555555555,4
460,Surendranagar,2021-11-01,64.44290909090908,4
460,Surendranagar,2021-11-02,64.26494117647059,4
460,Surendranagar,2021-11-03,64.35823118279569,4
460,Surendranagar,2021-11-04,64.5170962566845,4
460,Surendranagar,2021-11-05,64.79755675675676,4
460,Surendranagar,2021-11-06,63.87869398907104,4
460,Surendranagar,2021-11-07,64.51446022727272,4
460,Surendranagar,2021-11-08,64.32865934065934,4
460,Surendranagar,2021-11-09,64.01796721311476,4
460,Surendranagar,2021-11-10,63.8887,4
460,Surendranagar,2021-11-11,64.47191578947368,4
460,Surendranagar,2021-11-12,64.72451630434783,4
460,Surendranagar,2021-11-13,63.93971978021978,4
460,Surendranagar,2021-11-14,64.62557368421052,4
460,Surendranagar,2021-11-15,63.99921390374331,4
460,Surendranagar,2021-11-16,64.53384895833334,4
460,Surendranagar,2021-11-17,64.89105263157894,4
460,Surendranagar,2021-11-18,64.34985326086957,4
460,Surendranagar,2021-11-19,64.23502645502646,4
460,Surendranagar,2021-11-20,63.7416559139785,4
460,Surendranagar,2021-11-21,64.50567934782609,4
460,Surendranagar,2021-11-22,64.35258510638297,4
460,Surendranagar,2021-11-23,64.19096216216217,4
460,Surendranagar,2021-11-24,63.97603278688524,4
460,Surendranagar,2021-11-25,64.5492191011236,4
460,Surendranagar,2021-11-26,63.8928021978022,4
460,Surendranagar,2021-11-27,63.73410052910052,4
460,Surendranagar,2021-11-28,64.46713541666666,4
460,Surendranagar,2021-11-29,64.25061666666666,4
460,Surendranagar,2021-11-30,64.30061621621621,4
460,Surendranagar,2021-12-01,64.45938378378379,4
460,Surendranagar,2021-12-02,63.88715,4
460,Surendranagar,2021-12-03,63.845732954545454,4
460,Surendranagar,2021-12-04,64.32002732240437,4
460,Surendranagar,2021-12-05,64.10392307692308,4
460,Surendranagar,2021-12-06,64.2243314917127,4
460,Surendranagar,2021-12-07,64.26763736263737,4
460,Surendranagar,2021-12-08,63.968655737704914,4
460,Surendranagar,2021-12-09,63.831782608695654,4
460,Surendranagar,2021-12-10,64.24664516129032,4
460,Surendranagar,2021-12-11,64.09824736842106,4
460,Surendranagar,2021-12-12,63.515820652173915,4
460,Surendranagar,2021-12-13,63.71327027027027,4
460,Surendranagar,2021-12-14,64.08958288770053,4
460,Surendranagar,2021-12-15,64.07148087431695,4
460,Surendranagar,2021-12-16,64.10521808510637,4
460,Surendranagar,2021-12-17,64.14237037037037,4
460,Surendranagar,2021-12-18,64.06839790575917,4
460,Surendranagar,2021-12-19,64.20715706806283,4
460,Surendranagar,2021-12-20,64.22678723404256,4
460,Surendranagar,2021-12-21,64.32507894736843,4
460,Surendranagar,2021-12-22,64.1048888888889,4
460,Surendranagar,2021-12-23,64.12902631578947,4
460,Surendranagar,2021-12-24,64.15865968586388,4
460,Surendranagar,2021-12-25,64.17726178010471,4
460,Surendranagar,2021-12-26,64.10543386243386,4
460,Surendranagar,2021-12-27,63.701419889502766,4
460,Surendranagar,2021-12-28,63.82977595628415,4
460,Surendranagar,2021-12-29,64.04329411764705,4
460,Surendranagar,2021-12-30,64.15296774193548,4
460,Surendranagar,2021-12-31,64.10648648648649,4
460,Surendranagar,2022-01-01,63.83710215053763,4
460,Surendranagar,2022-01-02,63.69912568306011,4
460,Surendranagar,2022-01-03,64.05438219895288,4
460,Surendranagar,2022-01-04,63.50906666666666,4
460,Surendranagar,2022-01-05,63.554182320441996,4
460,Surendranagar,2022-01-06,64.061875,4
460,Surendranagar,2022-01-07,63.94928651685393,4
460,Surendranagar,2022-01-08,63.96479459459459,4
460,Surendranagar,2022-01-09,63.90750282485876,4
460,Surendranagar,2022-01-10,63.72924043715847,4
460,Surendranagar,2022-01-11,64.40824064171123,4
460,Surendranagar,2022-01-12,63.634342391304344,4
460,Surendranagar,2022-01-13,63.293050561797756,4
460,Surendranagar,2022-01-14,64.09984239130435,4
460,Surendranagar,2022-01-15,63.89374863387978,4
460,Surendranagar,2022-01-16,64.00181914893618,4
460,Surendranagar,2022-01-17,64.52436994219653,4
460,Surendranagar,2022-01-18,64.48108510638298,4
460,Surendranagar,2022-01-19,64.02474193548387,4
460,Surendranagar,2022-01-20,64.36579894179894,4
460,Surendranagar,2022-01-21,63.91461666666666,4
460,Surendranagar,2022-01-22,63.458784530386744,4
460,Surendranagar,2022-01-23,63.51948044692738,4
460,Surendranagar,2022-01-24,63.79394594594594,4
460,Surendranagar,2022-01-25,63.36818644067797,4
460,Surendranagar,2022-01-26,63.55854494382022,4
460,Surendranagar,2022-01-27,63.867877777777785,4
460,Surendranagar,2022-01-28,63.77986263736263,4
460,Surendranagar,2022-01-29,63.78145810055866,4
460,Surendranagar,2022-01-30,63.87992737430167,4
460,Surendranagar,2022-01-31,64.2367458563536,4
460,Surendranagar,2022-02-01,64.14057526881722,4
460,Surendranagar,2022-02-02,63.82397849462366,4
460,Surendranagar,2022-02-03,63.262829545454544,4
460,Surendranagar,2022-02-04,63.73376630434783,4
460,Surendranagar,2022-02-05,63.74931351351351,4
460,Surendranagar,2022-02-06,63.982497326203216,4
460,Surendranagar,2022-02-07,64.09062841530054,4
460,Surendranagar,2022-02-08,63.67262765957447,4
460,Surendranagar,2022-02-09,63.87547849462366,4
460,Surendranagar,2022-02-10,63.813961325966844,4
460,Surendranagar,2022-02-11,63.35726315789474,4
460,Surendranagar,2022-02-12,63.4680782122905,4
460,Surendranagar,2022-02-13,63.386062146892655,4
460,Surendranagar,2022-02-14,63.43620454545454,4
460,Surendranagar,2022-02-15,63.59261142857143,4
460,Surendranagar,2022-02-16,63.50936781609195,4
460,Surendranagar,2022-02-17,63.120925287356314,4
460,Surendranagar,2022-02-18,63.22140223463687,4
460,Surendranagar,2022-02-19,63.288525423728814,4
460,Surendranagar,2022-02-20,63.005182857142856,4
460,Surendranagar,2022-02-21,62.9801091954023,4
460,Surendranagar,2022-02-22,62.99492000000001,4
460,Surendranagar,2022-02-23,62.69823952095808,4
460,Surendranagar,2022-02-24,62.95660571428571,4
460,Surendranagar,2022-02-25,63.728251428571426,4
460,Surendranagar,2022-02-26,62.984497109826584,4
460,Surendranagar,2022-02-27,63.80666304347826,4
460,Surendranagar,2022-02-28,63.83455172413793,4
460,Surendranagar,2022-03-01,62.996722222222225,4
460,Surendranagar,2022-03-02,63.15057894736842,4
460,Surendranagar,2022-03-03,63.39551704545455,4
460,Surendranagar,2022-03-04,63.31167977528089,4
460,Surendranagar,2022-03-05,63.97815083798883,4
460,Surendranagar,2022-03-06,63.22551412429378,4
460,Surendranagar,2022-03-07,63.417787709497205,4
460,Surendranagar,2022-03-08,63.744040000000005,4
460,Surendranagar,2022-03-09,63.52652298850575,4
460,Surendranagar,2022-03-10,63.88324852071006,4
460,Surendranagar,2022-03-11,63.489908602150535,4
460,Surendranagar,2022-03-12,66.63831550802139,4
460,Surendranagar,2022-03-13,63.52622777777778,4
460,Surendranagar,2022-03-14,63.87211666666666,4
460,Surendranagar,2022-03-15,64.31355978260869,4
460,Surendranagar,2022-03-16,58.62218468468468,4
460,Surendranagar,2022-03-17,58.44794247787611,4
460,Surendranagar,2022-03-18,58.86075862068965,4
460,Surendranagar,2022-03-19,58.543929515418505,4
460,Surendranagar,2022-03-20,58.56109210526316,4
460,Surendranagar,2022-03-21,63.45666964285714,4
460,Surendranagar,2022-03-22,61.360876106194695,4
460,Surendranagar,2022-03-23,58.472625,4
460,Surendranagar,2022-03-24,58.59933484162896,4
460,Surendranagar,2022-03-25,68.73564782608696,4
460,Surendranagar,2022-03-26,64.72033884297521,4
460,Surendranagar,2022-03-27,65.35637200000001,4
460,Surendranagar,2022-03-28,65.0988612244898,4
460,Surendranagar,2022-03-29,65.50881102362206,4
460,Surendranagar,2022-03-30,65.73074409448819,4
460,Surendranagar,2022-03-31,65.5764031007752,4
460,Surendranagar,2022-04-01,67.70822072072072,4
460,Surendranagar,2022-04-02,67.78801793721972,4
460,Surendranagar,2022-04-03,67.96802620087337,4
460,Surendranagar,2022-04-04,64.08676756756756,4
460,Surendranagar,2022-04-05,63.357760638297876,4
460,Surendranagar,2022-04-06,64.39170053475935,4
460,Surendranagar,2022-04-07,63.46461413043478,4
460,Surendranagar,2022-04-08,63.68632631578947,4
460,Surendranagar,2022-04-09,63.122193181818176,4
460,Surendranagar,2022-04-10,63.73046616541353,4
460,Surendranagar,2022-04-11,62.80055625,4
460,Surendranagar,2022-04-12,63.57389417989418,4
460,Surendranagar,2022-04-13,63.42936507936508,4
460,Surendranagar,2022-04-14,63.39557837837838,4
460,Surendranagar,2022-04-15,63.2734385026738,4
460,Surendranagar,2022-04-16,63.78557446808511,4
460,Surendranagar,2022-04-17,63.40855614973262,4
460,Surendranagar,2022-04-18,63.2695935828877,4
460,Surendranagar,2022-04-19,63.18869354838709,4
460,Surendranagar,2022-04-20,63.42799435028248,4
460,Surendranagar,2022-04-21,63.465913978494626,4
460,Surendranagar,2022-04-22,63.20832967032967,4
460,Surendranagar,2022-04-23,62.55118181818182,4
460,Surendranagar,2022-04-24,63.67260927152318,4
460,Surendranagar,2022-04-25,63.469195652173916,4
460,Surendranagar,2022-04-26,63.15328729281767,4
460,Surendranagar,2022-04-27,63.202975308641975,4
460,Surendranagar,2022-04-28,62.467136054421765,4
460,Surendranagar,2022-04-29,61.88341509433962,4
460,Surendranagar,2022-04-30,58.97297916666667,4
460,Surendranagar,2022-05-01,63.059625,4
460,Surendranagar,2022-05-02,64.05022033898305,4
460,Surendranagar,2022-05-03,69.09473913043479,4
460,Surendranagar,2022-05-04,66.75664583333334,4
460,Surendranagar,2022-05-05,74.04734042553191,4
460,Surendranagar,2022-05-06,73.9069074074074,4
460,Surendranagar,2022-05-07,69.00679411764705,4
460,Surendranagar,2022-05-08,71.546,4
460,Surendranagar,2022-05-09,70.79777631578948,4
460,Surendranagar,2022-05-10,61.85021100917431,4
460,Surendranagar,2022-05-11,60.20837962962963,4
460,Surendranagar,2022-05-12,61.92686231884058,4
460,Surendranagar,2022-05-13,61.2462937062937,4
460,Surendranagar,2022-05-14,65.7702896551724,4
460,Surendranagar,2022-05-15,68.28303361344538,4
460,Surendranagar,2022-05-16,61.873851851851846,4
460,Surendranagar,2022-05-17,63.01706779661017,4
460,Surendranagar,2022-05-18,64.25719841269841,4
460,Surendranagar,2022-05-19,63.036734042553185,4
460,Surendranagar,2022-05-20,65.67662121212122,4
460,Surendranagar,2022-05-21,62.818735999999994,4
460,Surendranagar,2022-05-22,63.693969230769234,4
460,Surendranagar,2022-05-23,65.59362608695652,4
460,Surendranagar,2022-05-24,66.00917,4
460,Surendranagar,2022-05-25,63.222249999999995,4
460,Surendranagar,2022-05-26,62.35196470588236,4
460,Surendranagar,2022-05-27,62.703253012048194,4
460,Surendranagar,2022-05-28,62.02439772727273,4
460,Surendranagar,2022-05-29,63.149445255474454,4
460,Surendranagar,2022-05-30,63.998603960396046,4
460,Surendranagar,2022-05-31,62.5077032967033,4
460,Surendranagar,2022-06-01,63.287120805369135,4
460,Surendranagar,2022-06-02,64.901625,4
460,Surendranagar,2022-06-03,66.87822033898306,4
460,Surendranagar,2022-06-04,66.039408,4
460,Surendranagar,2022-06-05,66.61805084745762,4
460,Surendranagar,2022-06-06,63.887190476190476,4
460,Surendranagar,2022-06-07,64.42942753623188,4
460,Surendranagar,2022-06-08,62.466635802469135,4
460,Surendranagar,2022-06-09,62.45530459770115,4
460,Surendranagar,2022-06-10,63.14321153846154,4
460,Surendranagar,2022-06-11,62.10876923076923,4
460,Surendranagar,2022-06-12,61.85605785123967,4
460,Surendranagar,2022-06-13,61.057478632478634,4
460,Surendranagar,2022-06-14,62.57,4
460,Surendranagar,2022-06-15,62.04226627218935,4
460,Surendranagar,2022-06-16,62.65780503144654,4
460,Surendranagar,2022-06-17,62.895819354838714,4
460,Surendranagar,2022-06-18,61.95316666666666,4
460,Surendranagar,2022-06-19,63.210836601307186,4
460,Surendranagar,2022-06-20,62.500031055900614,4
460,Surendranagar,2022-06-21,61.71563157894737,4
460,Surendranagar,2022-06-22,63.14392903225806,4
460,Surendranagar,2022-06-23,62.87544171779141,4
460,Surendranagar,2022-06-24,62.556986111111115,4
460,Surendranagar,2022-06-25,62.05134415584415,4
460,Surendranagar,2022-06-26,68.04129411764706,4
460,Surendranagar,2022-06-27,62.48701898734178,4
460,Surendranagar,2022-06-28,62.34491515151515,4
460,Surendranagar,2022-06-29,62.158604790419155,4
460,Surendranagar,2022-06-30,61.2439455782313,4
460,Surendranagar,2022-07-01,62.91015789473685,4
460,Surendranagar,2022-07-02,62.17690909090909,4
460,Surendranagar,2022-07-03,61.93601388888889,4
460,Surendranagar,2022-07-04,63.11989570552147,4
460,Surendranagar,2022-07-05,61.94537106918239,4
460,Surendranagar,2022-07-06,62.75650588235294,4
460,Surendranagar,2022-07-07,65.94470552147239,4
460,Surendranagar,2022-07-08,62.050980132450334,4
460,Surendranagar,2022-07-09,64.46236875,4
460,Surendranagar,2022-07-10,63.02288235294118,4
460,Surendranagar,2022-07-11,65.32546794871794,4
460,Surendranagar,2022-07-12,63.12770481927711,4
460,Surendranagar,2022-07-13,63.338205882352945,4
460,Surendranagar,2022-07-14,64.14887341772152,4
460,Surendranagar,2022-07-15,63.308767857142854,4
460,Surendranagar,2022-07-16,63.29746820809248,4
460,Surendranagar,2022-07-17,69.438,4
460,Surendranagar,2022-07-18,63.52990476190476,4
460,Surendranagar,2022-07-19,63.59017808219178,4
460,Surendranagar,2022-07-20,63.059084337349404,4
460,Surendranagar,2022-07-21,62.83291791044777,4
460,Surendranagar,2022-07-22,69.12080794701987,4
460,Surendranagar,2022-07-23,61.855095890410965,4
460,Surendranagar,2022-07-24,61.01689156626506,4
460,Surendranagar,2022-07-25,65.17687719298245,4
460,Surendranagar,2022-07-26,62.68003703703703,4
460,Surendranagar,2022-07-27,64.95119018404908,4
460,Surendranagar,2022-07-28,62.991601226993865,4
460,Surendranagar,2022-07-29,64.06483240223463,4
460,Surendranagar,2022-07-30,63.12698773006135,4
460,Surendranagar,2022-07-31,62.98364848484848,4
460,Surendranagar,2022-08-01,61.341605714285706,4
460,Surendranagar,2022-08-02,62.73246590909091,4
460,Surendranagar,2022-08-03,62.97885714285714,4
460,Surendranagar,2022-08-04,63.12545454545454,4
460,Surendranagar,2022-08-05,63.316348066298346,4
460,Surendranagar,2022-08-06,63.1581705882353,4
460,Surendranagar,2022-08-07,63.051,4
460,Surendranagar,2022-08-08,63.79256024096386,4
460,Surendranagar,2022-08-09,61.54015862068966,4
460,Surendranagar,2022-08-10,61.68284732824428,4
460,Surendranagar,2022-08-11,63.89342592592593,4
460,Surendranagar,2022-08-12,62.69919161676646,4
460,Surendranagar,2022-08-13,62.51502941176471,4
460,Surendranagar,2022-08-14,62.77646994535519,4
460,Surendranagar,2022-08-15,63.17286390532544,4
460,Surendranagar,2022-08-16,63.368118749999994,4
460,Surendranagar,2022-08-17,62.505040268456376,4
460,Surendranagar,2022-08-18,61.96590853658537,4
460,Surendranagar,2022-08-19,62.568917159763316,4
460,Surendranagar,2022-08-20,63.022331491712706,4
460,Surendranagar,2022-08-21,62.47605,4
460,Surendranagar,2022-08-22,61.43163742690058,4
460,Surendranagar,2022-08-23,63.22292142857143,4
460,Surendranagar,2022-08-24,63.55463541666666,4
460,Surendranagar,2022-08-25,63.60907291666666,4
460,Surendranagar,2022-08-26,63.63186458333333,4
460,Surendranagar,2022-08-27,63.65533333333334,4
460,Surendranagar,2022-08-28,62.04202608695652,4
460,Surendranagar,2022-08-29,61.956424,4
460,Surendranagar,2022-08-30,62.95529770992366,4
460,Surendranagar,2022-08-31,63.19975,4
460,Surendranagar,2022-09-01,63.256279761904764,4
460,Surendranagar,2022-09-02,63.94754088050314,4
460,Surendranagar,2022-09-03,64.1666453488372,4
460,Surendranagar,2022-09-04,62.97703888888889,4
460,Surendranagar,2022-09-05,62.80938797814208,4
460,Surendranagar,2022-09-06,63.36700555555555,4
460,Surendranagar,2022-09-07,63.359335195530726,4
460,Surendranagar,2022-09-08,63.80802150537634,4
460,Surendranagar,2022-09-09,63.41363888888889,4
460,Surendranagar,2022-09-10,63.65828042328043,4
460,Surendranagar,2022-09-11,64.18149206349206,4
460,Surendranagar,2022-09-12,64.22506914893617,4
460,Surendranagar,2022-09-13,63.84904787234042,4
460,Surendranagar,2022-09-14,63.53881720430107,4
460,Surendranagar,2022-09-15,64.5738306010929,4
460,Surendranagar,2022-09-16,63.532493827160486,4
460,Surendranagar,2022-09-17,64.09664705882354,4
460,Surendranagar,2022-09-18,63.85304411764705,4
460,Surendranagar,2022-09-19,63.638777070063696,4
460,Surendranagar,2022-09-20,63.10798387096774,4
460,Surendranagar,2022-09-21,62.68159842519685,4
460,Surendranagar,2022-09-22,62.58756923076923,4
460,Surendranagar,2022-09-23,63.804992366412215,4
460,Surendranagar,2022-09-24,62.31485039370079,4
460,Surendranagar,2022-09-25,64.27111111111111,4
460,Surendranagar,2022-09-26,62.38215942028985,4
460,Surendranagar,2022-09-27,63.26089999999999,4
460,Surendranagar,2022-09-28,61.477753623188406,4
460,Surendranagar,2022-09-29,62.824687074829924,4
460,Surendranagar,2022-09-30,64.38252717391305,4
460,Surendranagar,2022-10-01,63.80887894736842,4
460,Surendranagar,2022-10-02,63.609449735449736,4
460,Surendranagar,2022-10-03,64.22092063492063,4
460,Surendranagar,2022-10-04,63.77866842105263,4
460,Surendranagar,2022-10-05,64.13619895287958,4
460,Surendranagar,2022-10-06,64.00307291666667,4
460,Surendranagar,2022-10-07,64.4196256684492,4
460,Surendranagar,2022-10-08,64.23097894736843,4
460,Surendranagar,2022-10-09,63.9166052631579,4
460,Surendranagar,2022-10-10,63.32156804733727,4
460,Surendranagar,2022-10-11,64.37399346405229,4
460,Surendranagar,2022-10-12,65.04466666666666,4
460,Surendranagar,2022-10-13,64.72118085106383,4
460,Surendranagar,2022-10-14,64.16062011173184,4
460,Surendranagar,2022-10-15,65.34731521739131,4
460,Surendranagar,2022-10-16,65.07516931216931,4
460,Surendranagar,2022-10-17,64.6655,4
460,Surendranagar,2022-10-18,64.42901242236024,4
460,Surendranagar,2022-10-19,64.75265053763441,4
460,Surendranagar,2022-10-20,64.80222994652406,4
460,Surendranagar,2022-10-21,64.62850802139037,4
460,Surendranagar,2022-10-22,64.48920212765957,4
460,Surendranagar,2022-10-23,64.46360732984293,4
460,Surendranagar,2022-10-24,64.14994545454546,4
460,Surendranagar,2022-10-25,64.7415253164557,4
460,Surendranagar,2022-10-26,66.93605035971224,4
460,Surendranagar,2022-10-27,71.6791971830986,4
460,Surendranagar,2022-10-28,70.62069387755102,4
460,Surendranagar,2022-10-29,64.087,4
460,Surendranagar,2022-10-30,63.01475187969925,4
460,Surendranagar,2022-10-31,61.310856164383566,4
460,Surendranagar,2022-11-01,63.17165591397849,4
460,Surendranagar,2022-11-02,63.652373684210524,4
460,Surendranagar,2022-11-03,63.70735975609756,4
460,Surendranagar,2022-11-04,62.33257534246576,4
460,Surendranagar,2022-11-05,62.47306410256411,4
460,Surendranagar,2022-11-06,64.35223684210526,4
460,Surendranagar,2022-11-07,63.990674418604655,4
460,Surendranagar,2022-11-08,63.23724832214765,4
460,Surendranagar,2022-11-09,63.40128187919463,4
460,Surendranagar,2022-11-10,63.44998181818181,4
460,Surendranagar,2022-11-11,63.71848936170213,4
460,Surendranagar,2022-11-12,63.313938202247186,4
460,Surendranagar,2022-11-13,63.23149197860963,4
460,Surendranagar,2022-11-14,63.62314285714285,4
460,Surendranagar,2022-11-15,62.90210650887574,4
460,Surendranagar,2022-11-16,63.165915492957744,4
460,Surendranagar,2022-11-17,63.60203355704698,4
460,Surendranagar,2022-11-18,63.740619631901836,4
460,Surendranagar,2022-11-19,63.36389010989011,4
460,Surendranagar,2022-11-20,63.481814207650274,4
460,Surendranagar,2022-11-21,62.97146236559139,4
460,Surendranagar,2022-11-22,63.532993865030676,4
460,Surendranagar,2022-11-23,63.007300653594775,4
460,Surendranagar,2022-11-24,63.10908823529412,4
460,Surendranagar,2022-11-25,63.556269841269845,4
460,Surendranagar,2022-11-26,63.10786243386244,4
460,Surendranagar,2022-11-27,63.362541666666665,4
460,Surendranagar,2022-11-28,63.37293630573248,4
460,Surendranagar,2022-11-29,62.38058333333333,4
460,Surendranagar,2022-11-30,63.876768707482995,5
460,Surendranagar,2022-12-01,66.316299270073,5
460,Surendranagar,2022-12-02,65.45695597484276,5
460,Surendranagar,2022-12-03,66.693775,5
460,Surendranagar,2022-12-04,66.55938333333333,5
460,Surendranagar,2022-12-05,65.42275135135135,5
460,Surendranagar,2022-12-06,65.05688500000001,5
460,Surendranagar,2022-12-07,65.81025766871166,5
460,Surendranagar,2022-12-08,65.26621989528796,5
460,Surendranagar,2022-12-09,65.34017368421053,5
460,Surendranagar,2022-12-10,65.13932558139535,5
460,Surendranagar,2022-12-11,65.28530731707316,5
460,Surendranagar,2022-12-12,64.98848837209302,5
460,Surendranagar,2022-12-13,64.98620930232558,5
460,Surendranagar,2022-12-14,65.13413592233009,5
460,Surendranagar,2022-12-15,65.2287942583732,5
460,Surendranagar,2022-12-16,65.73698870056498,5
460,Surendranagar,2022-12-17,65.43136046511627,5
460,Surendranagar,2022-12-18,65.97527941176472,5
460,Surendranagar,2022-12-19,65.14098429319371,5
460,Surendranagar,2022-12-20,64.9424537037037,5
460,Surendranagar,2022-12-21,65.1359552238806,5
460,Surendranagar,2022-12-22,65.0190052356021,5
460,Surendranagar,2022-12-23,65.4105303030303,5
460,Surendranagar,2022-12-24,65.54281547619047,5
460,Surendranagar,2022-12-25,65.23817708333333,5
460,Surendranagar,2022-12-26,65.10041361256545,5
460,Surendranagar,2022-12-27,65.30928125,5
460,Surendranagar,2022-12-28,63.982140845070425,5
460,Surendranagar,2022-12-29,65.16245197740113,5
460,Surendranagar,2022-12-30,65.00096907216495,5
460,Surendranagar,2022-12-31,64.48258737864077,5
460,Surendranagar,2023-01-01,65.50047572815534,5
460,Surendranagar,2023-01-02,65.90248,5
460,Surendranagar,2023-01-03,65.07454255319149,5
460,Surendranagar,2023-01-04,66.10046875,5
460,Surendranagar,2023-01-05,65.0775597826087,5
460,Surendranagar,2023-01-06,65.48875,5
460,Surendranagar,2023-01-07,65.3630655737705,5
460,Surendranagar,2023-01-08,65.48815217391304,5
460,Surendranagar,2023-01-09,65.83508053691276,5
460,Surendranagar,2023-01-10,65.01302688172044,5
460,Surendranagar,2023-01-11,64.84753170731707,5
460,Surendranagar,2023-01-12,65.05976536312849,5
460,Surendranagar,2023-01-13,65.66192513368985,5
460,Surendranagar,2023-01-14,65.62214450867052,5
460,Surendranagar,2023-01-15,65.15211428571429,5
460,Surendranagar,2023-01-16,65.7908552631579,5
460,Surendranagar,2023-01-17,65.23734895833333,5
460,Surendranagar,2023-01-18,64.88884079601989,5
460,Surendranagar,2023-01-19,64.57719680851065,5
460,Surendranagar,2023-01-20,65.95153488372092,5
460,Surendranagar,2023-01-21,66.41716666666667,5
460,Surendranagar,2023-01-22,65.4221724137931,5
460,Surendranagar,2023-01-23,62.47198125,5
460,Surendranagar,2023-01-24,63.91242105263158,5
460,Surendranagar,2023-01-25,63.33348087431694,5
460,Surendranagar,2023-01-26,64.84053953488372,5
460,Surendranagar,2023-01-27,65.07491904761905,5
460,Surendranagar,2023-01-28,65.05602463054187,5
460,Surendranagar,2023-01-29,65.58901923076924,5
460,Surendranagar,2023-01-30,64.91185365853659,5
460,Surendranagar,2023-01-31,64.95975,5
460,Surendranagar,2023-02-01,64.88091826923076,5
460,Surendranagar,2023-02-02,65.09308290155441,5
460,Surendranagar,2023-02-03,65.1117,5
460,Surendranagar,2023-02-04,64.91885427135679,5
460,Surendranagar,2023-02-05,64.70924651162791,5
460,Surendranagar,2023-02-06,65.02301869158879,5
460,Surendranagar,2023-02-07,64.83209523809523,5
460,Surendranagar,2023-02-08,65.07879425837321,5
460,Surendranagar,2023-02-09,65.10011229946524,5
460,Surendranagar,2023-02-10,64.98148407643312,5
460,Surendranagar,2023-02-11,66.09328813559321,5
460,Surendranagar,2023-02-12,63.94716860465117,5
460,Surendranagar,2023-02-13,64.51269339622642,5
460,Surendranagar,2023-02-14,65.14758959537572,5
460,Surendranagar,2023-02-15,64.4178857142857,5
460,Surendranagar,2023-02-16,65.22689024390243,5
460,Surendranagar,2023-02-17,65.2267591240876,5
460,Surendranagar,2023-02-18,65.75493661971832,5
460,Surendranagar,2023-02-19,65.32762790697674,5
460,Surendranagar,2023-02-20,64.87296078431373,5
460,Surendranagar,2023-02-21,64.60370560747663,5
460,Surendranagar,2023-02-22,64.64103773584905,5
460,Surendranagar,2023-02-23,64.74721904761904,5
460,Surendranagar,2023-02-24,64.47585294117647,5
460,Surendranagar,2023-02-25,65.49314285714286,5
460,Surendranagar,2023-02-26,66.60459663865547,5
460,Surendranagar,2023-02-27,66.14544594594595,5
460,Surendranagar,2023-02-28,68.73307246376812,5
460,Surendranagar,2023-03-01,64.88998421052631,5
460,Surendranagar,2023-03-02,64.88621226415094,5
460,Surendranagar,2023-03-03,64.64276525821596,5
460,Surendranagar,2023-03-04,65.00310144927536,5
460,Surendranagar,2023-03-05,64.47197619047618,5
460,Surendranagar,2023-03-06,64.57194270833334,5
460,Surendranagar,2023-03-07,65.10040740740742,5
460,Surendranagar,2023-03-08,64.78628837209303,5
460,Surendranagar,2023-03-09,64.47776923076923,5
460,Surendranagar,2023-03-10,65.50447457627118,5
460,Surendranagar,2023-03-11,64.67916256157636,5
460,Surendranagar,2023-03-12,64.90569902912621,5
460,Surendranagar,2023-03-13,64.84422340425532,5
460,Surendranagar,2023-03-14,64.8954,5
460,Surendranagar,2023-03-15,64.4863768115942,5
460,Surendranagar,2023-03-16,64.74509852216748,5
460,Surendranagar,2023-03-17,64.88105128205129,5
460,Surendranagar,2023-03-18,65.33622641509433,5
460,Surendranagar,2023-03-19,72.9969375,4
460,Surendranagar,2023-03-20,67.01971527777778,5
460,Surendranagar,2023-03-21,65.25721808510639,5
460,Surendranagar,2023-03-22,64.30760952380952,5
460,Surendranagar,2023-03-23,64.84282775119617,5
460,Surendranagar,2023-03-24,65.53054787234042,5
460,Surendranagar,2023-03-25,64.31646700507615,5
460,Surendranagar,2023-03-26,64.58272680412371,5
460,Surendranagar,2023-03-27,64.43866985645933,5
460,Surendranagar,2023-03-28,64.9358972972973,5
460,Surendranagar,2023-03-29,65.06931216931217,5
460,Surendranagar,2023-03-30,64.62306896551725,5
460,Surendranagar,2023-03-31,65.87024074074074,5
460,Surendranagar,2023-04-01,65.10056923076924,5
460,Surendranagar,2023-04-02,64.57503720930232,5
460,Surendranagar,2023-04-03,65.0662,5
460,Surendranagar,2023-04-04,65.17858720930234,5
460,Surendranagar,2023-04-05,64.66007692307693,5
460,Surendranagar,2023-04-06,64.90274038461538,5
460,Surendranagar,2023-04-07,64.95272448979593,5
460,Surendranagar,2023-04-08,64.14946733668341,5
460,Surendranagar,2023-04-09,64.11721951219512,5
460,Surendranagar,2023-04-10,64.1663654822335,5
460,Surendranagar,2023-04-11,64.0636192893401,5
460,Surendranagar,2023-04-12,64.42710328638498,5
460,Surendranagar,2023-04-13,64.69685638297872,5
460,Surendranagar,2023-04-14,64.19752105263159,5
460,Surendranagar,2023-04-15,65.12107262569833,5
460,Surendranagar,2023-04-16,63.68436470588236,5
460,Surendranagar,2023-04-17,64.89025654450262,5
460,Surendranagar,2023-04-18,64.7601497584541,5
460,Surendranagar,2023-04-19,64.47437810945274,5
460,Surendranagar,2023-04-20,64.05826666666667,5
460,Surendranagar,2023-04-21,64.73361658031088,5
460,Surendranagar,2023-04-22,64.2843216374269,5
460,Surendranagar,2023-04-23,64.10382269503546,5
460,Surendranagar,2023-04-24,64.0853316831683,5
460,Surendranagar,2023-04-25,64.51432057416268,5
460,Surendranagar,2023-04-26,63.94136111111111,5
460,Surendranagar,2023-04-27,65.48391525423729,5
460,Surendranagar,2023-04-28,66.17824264705882,5
460,Surendranagar,2023-04-29,65.54655639097746,5
460,Surendranagar,2023-04-30,64.5097912087912,5
460,Surendranagar,2023-05-01,64.74769651741293,5
460,Surendranagar,2023-05-02,64.63999516908213,5
460,Surendranagar,2023-05-03,64.7449,5
460,Surendranagar,2023-05-04,64.81102094240838,5
460,Surendranagar,2023-05-05,64.8193962264151,5
460,Surendranagar,2023-05-06,64.75197607655502,5
460,Surendranagar,2023-05-07,65.17510328638498,5
460,Surendranagar,2023-05-08,64.70707142857142,5
460,Surendranagar,2023-05-09,65.12133173076923,5
460,Surendranagar,2023-05-10,65.15571770334928,5
460,Surendranagar,2023-05-11,65.14931578947369,5
460,Surendranagar,2023-05-12,64.7430717948718,5
460,Surendranagar,2023-05-13,64.30067605633803,5
460,Surendranagar,2023-05-14,65.41191463414634,5
460,Surendranagar,2023-05-15,65.06928426395939,5
460,Surendranagar,2023-05-16,64.69251515151515,5
460,Surendranagar,2023-05-17,63.249598039215684,5
460,Surendranagar,2023-05-18,71.08672549019609,5
460,Surendranagar,2023-05-19,66.51485925925925,5
460,Surendranagar,2023-05-20,66.0605100671141,5
460,Surendranagar,2023-05-21,65.70937837837837,5
460,Surendranagar,2023-05-22,64.10888461538462,5
460,Surendranagar,2023-05-23,64.90942857142856,5
460,Surendranagar,2023-05-24,65.06138356164384,5
460,Surendranagar,2023-05-25,67.21134782608695,5
460,Surendranagar,2023-05-26,65.09152941176471,5
460,Surendranagar,2023-05-27,65.45043209876543,5
460,Surendranagar,2023-05-28,79.92416666666666,1
460,Surendranagar,2023-05-29,68.49538271604939,5
460,Surendranagar,2023-05-30,65.1151676300578,5
460,Surendranagar,2023-05-31,64.89841037735849,5
460,Surendranagar,2023-06-01,65.96442603550295,5
460,Surendranagar,2023-06-02,66.29974166666666,5
460,Surendranagar,2023-06-03,65.28972105263158,5
460,Surendranagar,2023-06-04,64.87035046728971,5
460,Surendranagar,2023-06-05,64.29962162162163,5
460,Surendranagar,2023-06-06,62.57649315068493,4
460,Surendranagar,2023-06-07,62.92864583333333,4
460,Surendranagar,2023-06-08,63.3411871657754,4
460,Surendranagar,2023-06-09,63.39579746835443,4
460,Surendranagar,2023-06-10,63.18089240506329,4
460,Surendranagar,2023-06-11,62.88948958333333,4
460,Surendranagar,2023-06-12,62.74988125,4
460,Surendranagar,2023-06-13,62.406021276595744,4
460,Surendranagar,2023-06-14,63.31446052631579,4
460,Surendranagar,2023-06-15,62.26046103896105,4
460,Surendranagar,2023-06-16,56.19673684210527,4
460,Surendranagar,2023-06-17,64.02656862745098,4
460,Surendranagar,2023-06-19,62.016742857142866,4
460,Surendranagar,2023-06-20,61.8505859375,4
460,Surendranagar,2023-06-21,60.6407619047619,4
460,Surendranagar,2023-06-22,61.65973913043478,4
460,Surendranagar,2023-06-23,61.55997297297297,4
460,Surendranagar,2023-06-24,63.27745054945054,5
460,Surendranagar,2023-06-25,63.25510952380952,5
460,Surendranagar,2023-06-26,65.18208287292818,5
460,Surendranagar,2023-06-27,68.21590860215053,5
460,Surendranagar,2023-06-28,66.1937277486911,5
460,Surendranagar,2023-06-29,67.35688461538462,5
460,Surendranagar,2023-06-30,66.7049298245614,5
460,Surendranagar,2023-07-01,64.70260365853659,4
460,Surendranagar,2023-07-02,65.19090963855422,4
460,Surendranagar,2023-07-03,64.94288484848485,4
460,Surendranagar,2023-07-04,65.85965555555555,5
460,Surendranagar,2023-07-05,66.25522826086956,5
460,Surendranagar,2023-07-06,67.06824736842105,5
460,Surendranagar,2023-07-07,67.12528961748635,5
460,Surendranagar,2023-07-08,66.60575816993465,5
460,Surendranagar,2023-07-09,66.06664166666667,5
460,Surendranagar,2023-07-10,65.59890909090909,5
460,Surendranagar,2023-07-11,66.81594155844157,5
460,Surendranagar,2023-07-12,66.42692814371257,5
460,Surendranagar,2023-07-13,66.58782080924856,5
460,Surendranagar,2023-07-14,67.5709104477612,5
460,Surendranagar,2023-07-15,70.13525294117647,5
460,Surendranagar,2023-07-16,68.70509826589596,5
460,Surendranagar,2023-07-17,66.58321153846154,5
460,Surendranagar,2023-07-18,66.08515131578947,5
460,Surendranagar,2023-07-19,66.04137857142857,5
460,Surendranagar,2023-07-20,66.6403355704698,5
460,Surendranagar,2023-07-21,66.70927388535031,5
460,Surendranagar,2023-07-22,66.69168292682927,5
460,Surendranagar,2023-07-23,67.54167241379311,5
460,Surendranagar,2023-07-24,71.23426111111111,5
460,Surendranagar,2023-07-25,66.56848979591837,5
460,Surendranagar,2023-07-26,64.52951269035533,5
460,Surendranagar,2023-07-27,64.85917061611374,5
460,Surendranagar,2023-07-28,65.3216724137931,5
460,Surendranagar,2023-07-29,64.43183333333333,5
460,Surendranagar,2023-07-30,64.0338125,5
460,Surendranagar,2023-07-31,64.50930057803468,5
460,Surendranagar,2023-08-01,60.866207547169815,5
460,Surendranagar,2023-08-02,61.08736627906977,5
460,Surendranagar,2023-08-03,63.333525,5
460,Surendranagar,2023-08-04,64.97518562874251,5
460,Surendranagar,2023-08-05,65.09042857142857,5
460,Surendranagar,2023-08-06,65.0129648241206,5
460,Surendranagar,2023-08-07,65.44477272727273,5
460,Surendranagar,2023-08-08,65.90109090909091,5
460,Surendranagar,2023-08-09,64.78744785276074,5
460,Surendranagar,2023-08-10,63.06343870967742,5
460,Surendranagar,2023-08-11,66.69321126760563,5
460,Surendranagar,2023-08-12,68.75684246575342,5
460,Surendranagar,2023-08-13,67.91636781609195,5
460,Surendranagar,2023-08-14,66.1262901234568,5
460,Surendranagar,2023-08-15,65.3342899408284,5
460,Surendranagar,2023-08-16,64.82009900990099,5
460,Surendranagar,2023-08-17,64.9158253968254,5
460,Surendranagar,2023-08-18,62.912046242774565,5
460,Surendranagar,2023-08-19,59.97344242424243,5
460,Surendranagar,2023-08-20,59.8891686746988,5
460,Surendranagar,2023-08-21,60.948092592592594,5
460,Surendranagar,2023-08-22,63.801630208333336,5
460,Surendranagar,2023-08-23,66.93941624365482,5
460,Surendranagar,2023-08-24,64.3997165775401,5
460,Surendranagar,2023-08-25,63.56287434554974,5
460,Surendranagar,2023-08-26,63.111994565217394,5
460,Surendranagar,2023-08-27,64.71885227272728,5
460,Surendranagar,2023-08-28,64.6417415730337,5
460,Surendranagar,2023-08-29,65.4464125,5
460,Surendranagar,2023-08-30,64.6624,5
460,Surendranagar,2023-08-31,64.5098087431694,5
460,Surendranagar,2023-09-01,67.3422129032258,5
460,Surendranagar,2023-09-02,61.21574757281553,5
460,Surendranagar,2023-09-03,44.041019999999996,3
460,Surendranagar,2023-09-04,114.23818461538461,5
460,Surendranagar,2023-09-05,143.73397435897436,4
460,Surendranagar,2023-09-06,175.06930952380952,4
460,Surendranagar,2023-09-07,168.98794505494504,4
460,Surendranagar,2023-09-08,197.5378,4
460,Surendranagar,2023-09-09,225.2182234042553,4
460,Surendranagar,2023-09-10,107.25079487179487,4
460,Surendranagar,2023-09-11,42.72434920634921,3
460,Surendranagar,2023-09-12,70.96101470588235,4
460,Surendranagar,2023-09-13,142.1841388888889,4
460,Surendranagar,2023-09-14,90.80602985074627,4
460,Surendranagar,2023-09-15,120.02029411764707,5
460,Surendranagar,2023-09-16,132.42304901960784,5
460,Surendranagar,2023-09-17,84.49585046728973,5
460,Surendranagar,2023-09-18,126.11256880733946,5
460,Surendranagar,2023-09-19,118.12360227272728,5
460,Surendranagar,2023-09-20,134.44623529411766,5
460,Surendranagar,2023-09-21,118.80441573033708,5
460,Surendranagar,2023-09-22,175.978,5
460,Surendranagar,2023-09-23,191.1983076923077,5
460,Surendranagar,2023-09-24,205.92916,5
460,Surendranagar,2023-09-25,130.14556617647057,5
460,Surendranagar,2023-09-26,165.94784920634922,5
460,Surendranagar,2023-09-27,137.29167226890758,5
460,Surendranagar,2023-09-28,94.35541044776119,5
460,Surendranagar,2023-09-29,84.01126562500001,5
460,Surendranagar,2023-09-30,195.77490839694656,5
460,Surendranagar,2023-10-01,209.56969784172662,5
460,Surendranagar,2023-10-02,205.2531160714286,4
460,Surendranagar,2023-10-03,226.57888785046728,5
460,Surendranagar,2023-10-04,179.76472527472527,5
460,Surendranagar,2023-10-05,174.2104189944134,5
460,Surendranagar,2023-10-06,165.80585026737967,5
460,Surendranagar,2023-10-07,161.18096825396827,5
460,Surendranagar,2023-10-08,67.60398214285713,5
460,Surendranagar,2023-10-09,93.55606474820144,4
460,Surendranagar,2023-10-10,82.87523611111111,3
460,Surendranagar,2023-10-11,117.00720833333334,3
460,Surendranagar,2023-10-12,89.2782,3
460,Surendranagar,2023-10-13,96.44879365079365,3
460,Surendranagar,2023-10-14,95.02053658536586,4
460,Surendranagar,2023-10-15,103.1966686746988,4
460,Surendranagar,2023-10-16,118.57593413173653,4
460,Surendranagar,2023-10-17,107.39479041916168,4
460,Surendranagar,2023-10-18,129.57930120481927,4
460,Surendranagar,2023-10-19,114.34984810126583,4
460,Surendranagar,2023-10-20,193.2706140350877,4
460,Surendranagar,2023-10-21,174.99238095238096,4
460,Surendranagar,2023-10-22,73.5722,4
460,Surendranagar,2023-10-23,69.24072916666667,4
460,Surendranagar,2023-10-24,68.63079807692307,4
460,Surendranagar,2023-10-25,69.07972815533981,4
460,Surendranagar,2023-10-26,83.83031612903225,4
460,Surendranagar,2023-10-27,83.74813461538461,4
460,Surendranagar,2023-10-28,70.96546621621621,4
460,Surendranagar,2023-10-29,70.49237012987014,4
460,Surendranagar,2023-10-30,69.9260067114094,4
460,Surendranagar,2023-10-31,70.09400000000001,4
460,Surendranagar,2023-11-01,71.16936477987421,4
460,Surendranagar,2023-11-02,92.66328846153846,4
460,Surendranagar,2023-11-03,109.47499378881986,4
460,Surendranagar,2023-11-04,75.18537333333333,4
460,Surendranagar,2023-11-05,94.08766,4
460,Surendranagar,2023-11-06,96.8157911392405,4
460,Surendranagar,2023-11-07,79.86680405405406,4
460,Surendranagar,2023-11-08,101.86957692307692,4
460,Surendranagar,2023-11-09,101.76225465838509,4
460,Surendranagar,2023-11-10,97.55037419354838,4
460,Surendranagar,2023-11-11,69.73532679738561,4
460,Surendranagar,2023-11-12,111.04783435582821,4
460,Surendranagar,2023-11-13,116.82110365853659,4
460,Surendranagar,2023-11-14,100.79640243902439,4
460,Surendranagar,2023-11-15,117.81441916167665,4
460,Surendranagar,2023-11-16,117.71539072847683,4
460,Surendranagar,2023-11-17,105.31556441717792,4
460,Surendranagar,2023-11-18,93.06412403100776,4
460,Surendranagar,2023-11-19,117.53956097560976,4
460,Surendranagar,2023-11-20,105.37551048951049,4
460,Surendranagar,2023-11-21,87.9143710691824,4
460,Surendranagar,2023-11-22,87.65174074074075,4
460,Surendranagar,2023-11-23,99.50317682926828,4
460,Surendranagar,2023-11-24,126.83656603773585,4
460,Surendranagar,2023-11-25,108.72660479041916,4
460,Surendranagar,2023-11-26,95.19565060240963,4
460,Surendranagar,2023-11-27,112.7344638554217,4
460,Surendranagar,2023-11-28,113.14654545454546,4
460,Surendranagar,2023-11-29,99.95272727272727,4
460,Surendranagar,2023-11-30,219.32531515151518,4
460,Surendranagar,2023-12-01,137.61400598802396,4
460,Surendranagar,2023-12-02,108.3836265060241,4
460,Surendranagar,2023-12-03,83.23323636363637,4
460,Surendranagar,2023-12-04,95.9536809815951,4
460,Surendranagar,2023-12-05,95.56936129032258,4
460,Surendranagar,2023-12-06,96.01359285714285,4
460,Surendranagar,2023-12-07,94.41618666666666,4
460,Surendranagar,2023-12-08,95.9057701863354,4
460,Surendranagar,2023-12-09,82.89267272727272,4
460,Surendranagar,2023-12-10,87.55207831325302,4
460,Surendranagar,2023-12-11,83.31660843373494,4
460,Surendranagar,2023-12-12,94.60655952380952,4
460,Surendranagar,2023-12-13,91.4142108433735,4
460,Surendranagar,2023-12-14,96.5686303030303,4
460,Surendranagar,2023-12-15,86.55582634730538,4
460,Surendranagar,2023-12-16,117.88097546012268,4
460,Surendranagar,2023-12-17,120.92575155279502,4
460,Surendranagar,2023-12-18,104.45513157894737,4
460,Surendranagar,2023-12-19,101.86345731707317,4
460,Surendranagar,2023-12-20,104.98808771929825,5
460,Surendranagar,2023-12-21,77.93763285024154,5
460,Surendranagar,2023-12-22,96.87459624413145,5
460,Surendranagar,2023-12-23,101.01035384615385,5
460,Surendranagar,2023-12-24,93.84134536082475,5
460,Surendranagar,2023-12-25,94.5564142857143,5
460,Surendranagar,2023-12-26,102.19382296650718,5
460,Surendranagar,2023-12-27,116.42730582524273,5
460,Surendranagar,2023-12-28,111.74586057692308,5
460,Surendranagar,2023-12-29,90.0675206185567,5
460,Surendranagar,2023-12-30,127.32277722772278,5
460,Surendranagar,2023-12-31,203.14708920187795,5
460,Surendranagar,2024-01-01,131.52217703349282,5
460,Surendranagar,2024-01-02,107.22820441988951,5
460,Surendranagar,2024-01-03,95.6442596685083,5
460,Surendranagar,2024-01-04,84.30311904761905,5
460,Surendranagar,2024-01-05,104.86269194312796,5
460,Surendranagar,2024-01-06,93.59173891625616,5
460,Surendranagar,2024-01-07,91.03592346938775,5
460,Surendranagar,2024-01-08,63.904901408450705,5
460,Surendranagar,2024-01-09,87.32302816901408,5
460,Surendranagar,2024-01-10,86.20654040404041,5
460,Surendranagar,2024-01-11,93.989671875,5
460,Surendranagar,2024-01-12,91.38208962264152,5
460,Surendranagar,2024-01-13,101.49552450980391,5
460,Surendranagar,2024-01-14,71.44958288770053,5
460,Surendranagar,2024-01-15,79.61928873239437,5
460,Surendranagar,2024-01-16,81.98346153846154,5
460,Surendranagar,2024-01-17,86.93487378640776,5
460,Surendranagar,2024-01-18,86.88732093023256,5
460,Surendranagar,2024-01-19,86.5776511627907,5
460,Surendranagar,2024-01-20,70.50956542056075,5
460,Surendranagar,2024-01-21,74.06619069767441,5
460,Surendranagar,2024-01-22,73.96898139534883,5
460,Surendranagar,2024-01-23,91.67548936170212,5
460,Surendranagar,2024-01-24,84.08352403846153,5
460,Surendranagar,2024-01-25,81.14069565217392,5
460,Surendranagar,2024-01-26,75.66014525139664,5
460,Surendranagar,2024-01-27,91.42535263157895,5
460,Surendranagar,2024-01-28,90.29522429906542,5
460,Surendranagar,2024-01-29,72.79385310734463,5
460,Surendranagar,2024-01-30,83.47047849462366,5
460,Surendranagar,2024-01-31,98.88326341463414,5
460,Surendranagar,2024-02-01,71.04332142857143,5
460,Surendranagar,2024-02-02,77.30217289719627,5
460,Surendranagar,2024-02-03,77.07021226415094,5
460,Surendranagar,2024-02-04,84.93906666666668,5
460,Surendranagar,2024-02-05,66.98416666666667,5
460,Surendranagar,2024-02-06,71.20642723004694,5
460,Surendranagar,2024-02-07,71.41449748743719,5
460,Surendranagar,2024-02-08,72.01028042328042,5
460,Surendranagar,2024-02-09,83.90225263157895,5
460,Surendranagar,2024-02-10,72.1839900990099,5
460,Surendranagar,2024-02-11,79.50970149253732,5
460,Surendranagar,2024-02-12,106.67885643564357,5
460,Surendranagar,2024-02-13,123.8375119617225,5
460,Surendranagar,2024-02-14,113.33126923076922,5
460,Surendranagar,2024-02-15,129.74898058252427,5
460,Surendranagar,2024-02-16,126.17417085427135,5
460,Surendranagar,2024-02-17,116.5590693069307,5
460,Surendranagar,2024-02-18,118.67537313432835,5
460,Surendranagar,2024-02-19,128.0866018957346,5
460,Surendranagar,2024-02-20,103.02242713567838,5
460,Surendranagar,2024-02-21,100.71271219512195,5
460,Surendranagar,2024-02-22,69.38790789473684,5
460,Surendranagar,2024-02-23,97.92094857142858,5
460,Surendranagar,2024-02-24,75.86536683417086,5
460,Surendranagar,2024-02-25,97.4637806122449,5
460,Surendranagar,2024-02-26,94.5024414893617,5
460,Surendranagar,2024-02-27,86.92916410256412,5
460,Surendranagar,2024-02-28,79.26316417910448,5
460,Surendranagar,2024-02-29,177.74965174129355,5
460,Surendranagar,2024-03-01,105.39456218905472,5
460,Surendranagar,2024-03-02,86.7510824742268,5
460,Surendranagar,2024-03-03,90.91173846153846,5
460,Surendranagar,2024-03-04,92.42045454545455,5
460,Surendranagar,2024-03-05,89.99526865671642,5
460,Surendranagar,2024-03-06,76.66063959390863,5
460,Surendranagar,2024-03-07,89.45473762376237,5
460,Surendranagar,2024-03-08,83.26846969696969,5
460,Surendranagar,2024-03-09,81.00262121212121,5
460,Surendranagar,2024-03-10,86.64941414141414,5
460,Surendranagar,2024-03-11,81.03517989417989,5
460,Surendranagar,2024-03-12,85.02725414364642,5
460,Surendranagar,2024-03-13,81.01456476683937,5
460,Surendranagar,2024-03-14,84.2057052631579,5
460,Surendranagar,2024-03-15,81.15181249999999,5
460,Surendranagar,2024-03-16,77.18946560846561,5
460,Surendranagar,2024-03-17,85.19875531914893,5
460,Surendranagar,2024-03-18,80.84206382978724,5
460,Surendranagar,2024-03-19,133.46529479768785,5
460,Surendranagar,2024-03-20,116.6483052631579,5
460,Surendranagar,2024-03-21,88.72260913705584,5
460,Surendranagar,2024-03-22,173.3978588235294,5
460,Surendranagar,2024-03-23,85.06488505747126,5
460,Surendranagar,2024-03-24,102.00015706806282,5
460,Surendranagar,2024-03-25,86.15304046242775,5
460,Surendranagar,2024-03-26,86.52733720930232,5
460,Surendranagar,2024-03-27,81.71164772727273,5
460,Surendranagar,2024-03-28,65.94775483870968,5
460,Surendranagar,2024-03-29,77.51339772727273,5
460,Surendranagar,2024-03-30,80.7980052910053,5
460,Surendranagar,2024-03-31,182.67257591623036,5
460,Surendranagar,2024-04-01,111.62156020942409,5
460,Surendranagar,2024-04-02,76.69726315789474,5
460,Surendranagar,2024-04-03,83.1218115183246,5
460,Surendranagar,2024-04-04,79.89925263157895,5
460,Surendranagar,2024-04-05,75.70288235294117,5
460,Surendranagar,2024-04-06,76.53938743455497,5
460,Surendranagar,2024-04-07,100.34632978723404,5
460,Surendranagar,2024-04-08,93.99440211640211,5
460,Surendranagar,2024-04-09,80.76976086956522,5
460,Surendranagar,2024-04-10,70.98857615894039,5
460,Surendranagar,2024-04-11,66.14175539568345,5
460,Surendranagar,2024-04-12,80.80608379888268,5
460,Surendranagar,2024-04-13,83.57137368421053,5
460,Surendranagar,2024-04-14,90.59404188481675,5
460,Surendranagar,2024-04-15,80.92786842105264,5
460,Surendranagar,2024-04-16,81.48013903743316,5
460,Surendranagar,2024-04-17,77.32543386243385,5
460,Surendranagar,2024-04-18,100.85374193548387,5
460,Surendranagar,2024-04-19,65.8555625,5
460,Surendranagar,2024-04-20,67.07350555555556,5
460,Surendranagar,2024-04-21,64.90170414201184,5
460,Surendranagar,2024-04-22,64.56022289156626,5
460,Surendranagar,2024-04-23,66.07727118644068,5
460,Surendranagar,2024-04-24,66.52844632768361,5
460,Surendranagar,2024-04-25,65.96624725274725,5
460,Surendranagar,2024-04-26,66.86580107526882,5
460,Surendranagar,2024-04-27,66.73479781420765,5
460,Surendranagar,2024-04-28,66.06433516483517,5
460,Surendranagar,2024-04-29,66.67349438202247,5
460,Surendranagar,2024-04-30,66.59379569892474,5
460,Surendranagar,2024-05-01,66.5978449197861,5
460,Surendranagar,2024-05-02,66.25935675675676,5
460,Surendranagar,2024-05-03,66.3116947368421,5
460,Surendranagar,2024-05-04,90.21086910994764,5
460,Surendranagar,2024-05-05,65.8336098901099,5
460,Surendranagar,2024-05-06,76.26254545454545,5
460,Surendranagar,2024-05-07,94.48852040816327,5
460,Surendranagar,2024-05-08,82.00488571428572,5
460,Surendranagar,2024-05-09,70.05633673469387,5
460,Surendranagar,2024-05-10,63.824949438202246,5
460,Surendranagar,2024-05-11,64.42789142857143,5
460,Surendranagar,2024-05-12,63.662677083333335,5
460,Surendranagar,2024-05-13,73.63376847290641,5
460,Surendranagar,2024-05-14,73.7790787037037,5
460,Surendranagar,2024-05-15,79.4991745283019,5
460,Surendranagar,2024-05-16,86.25538725490195,5
460,Surendranagar,2024-05-17,70.29079439252337,5
460,Surendranagar,2024-05-18,84.59734597156398,5
460,Surendranagar,2024-05-19,89.05117840375587,5
460,Surendranagar,2024-05-20,76.11011822660099,5
460,Surendranagar,2024-05-21,67.13310697674419,5
460,Surendranagar,2024-05-22,84.96709000000001,5
460,Surendranagar,2024-05-23,77.93305687203791,5
460,Surendranagar,2024-05-24,78.61748255813954,5
460,Surendranagar,2024-05-25,76.18436224489795,5
460,Surendranagar,2024-05-26,77.99535406698566,5
460,Surendranagar,2024-05-27,76.74202803738316,5
460,Surendranagar,2024-05-28,77.34458571428571,5
460,Surendranagar,2024-05-29,72.44362162162162,5
460,Surendranagar,2024-05-30,75.82947468354429,5
460,Surendranagar,2024-05-31,89.54454109589041,5
460,Surendranagar,2024-06-01,78.76669230769231,5
460,Surendranagar,2024-06-02,66.03130373831776,5
460,Surendranagar,2024-06-03,71.82424056603773,5
460,Surendranagar,2024-06-04,73.32254838709677,5
460,Surendranagar,2024-06-05,73.81716666666667,5
460,Surendranagar,2024-06-06,73.78014285714286,5
460,Surendranagar,2024-06-07,71.30912962962964,5
460,Surendranagar,2024-06-08,77.29701895734597,5
460,Surendranagar,2024-06-09,65.9881269035533,5
460,Surendranagar,2024-06-10,78.68057142857143,5
460,Surendranagar,2024-06-11,93.1860052631579,5
460,Surendranagar,2024-06-12,83.21251886792453,5
460,Surendranagar,2024-06-13,77.49827272727272,5
460,Surendranagar,2024-06-14,76.82559027777778,5
460,Surendranagar,2024-06-15,95.51255089820359,5
460,Surendranagar,2024-06-16,64.9618813559322,5
460,Surendranagar,2024-06-17,85.15695808383234,5
460,Surendranagar,2024-06-18,72.36888571428571,5
460,Surendranagar,2024-06-19,72.25744852941177,5
460,Surendranagar,2024-06-20,65.07837288135593,5
460,Surendranagar,2024-06-21,65.4423559322034,5
460,Surendranagar,2024-06-22,65.26084166666666,5
460,Surendranagar,2024-06-23,65.31409166666667,5
460,Surendranagar,2024-06-24,65.4639658119658,5
460,Surendranagar,2024-06-25,65.07980672268909,5
460,Surendranagar,2024-06-26,65.09279831932773,5
460,Surendranagar,2024-06-27,65.36369166666667,5
460,Surendranagar,2024-06-28,65.58146218487396,5
460,Surendranagar,2024-06-29,66.46432407407407,5
460,Surendranagar,2024-06-30,65.57744537815127,5
460,Surendranagar,2024-07-01,65.27384873949579,5
460,Surendranagar,2024-07-02,65.04894871794872,5
460,Surendranagar,2024-07-03,65.07129310344828,5
460,Surendranagar,2024-07-04,80.29952032520326,5
460,Surendranagar,2024-07-05,83.5488843537415,5
460,Surendranagar,2024-07-06,63.21894871794872,5
460,Surendranagar,2024-07-07,99.35437748344371,5
460,Surendranagar,2024-07-08,91.21080141843971,5
460,Surendranagar,2024-07-09,83.28940458015268,5
460,Surendranagar,2024-07-10,85.01548993288591,5
460,Surendranagar,2024-07-11,98.65293081761007,5
460,Surendranagar,2024-07-12,99.41787570621469,5
460,Surendranagar,2024-07-13,96.80362130177515,5
460,Surendranagar,2024-07-14,77.15144805194805,5
460,Surendranagar,2024-07-15,93.38456643356643,5
460,Surendranagar,2024-07-16,100.84611049723758,5
460,Surendranagar,2024-07-17,95.33477300613497,5
460,Surendranagar,2024-07-18,81.99062686567164,5
460,Surendranagar,2024-07-19,66.30024786324786,5
460,Surendranagar,2024-07-20,66.77197478991596,5
460,Surendranagar,2024-07-21,66.42131092436975,5
460,Surendranagar,2024-07-22,73.82379166666666,5
460,Surendranagar,2024-07-23,75.02458278145696,5
460,Surendranagar,2024-07-24,99.71134131736528,5
460,Surendranagar,2024-07-25,80.22774096385542,5
460,Surendranagar,2024-07-26,86.6472899408284,5
460,Surendranagar,2024-07-27,89.54722222222223,5
460,Surendranagar,2024-07-28,80.92784713375796,5
460,Surendranagar,2024-07-29,89.19935057471264,5
460,Surendranagar,2024-07-30,91.50861855670102,5
460,Surendranagar,2024-07-31,121.65310994764397,5
460,Surendranagar,2024-08-01,103.52321890547265,5
460,Surendranagar,2024-08-02,97.46430198019803,5
460,Surendranagar,2024-08-03,111.18332417582418,5
460,Surendranagar,2024-08-04,106.1651755319149,5
460,Surendranagar,2024-08-05,88.23383422459892,5
460,Surendranagar,2024-08-06,81.38921081081081,5
460,Surendranagar,2024-08-07,71.60131764705882,5
460,Surendranagar,2024-08-08,75.37396315789474,5
460,Surendranagar,2024-08-09,76.49726315789474,5
460,Surendranagar,2024-08-10,86.9565294117647,5
460,Surendranagar,2024-08-11,78.86487407407407,5
460,Surendranagar,2024-08-12,100.2812679738562,5
460,Surendranagar,2024-08-13,81.83128421052632,5
460,Surendranagar,2024-08-14,80.31798974358975,5
460,Surendranagar,2024-08-15,99.18866666666666,5
460,Surendranagar,2024-08-16,130.7576994219653,5
460,Surendranagar,2024-08-17,69.41393103448276,5
460,Surendranagar,2024-08-18,68.72947297297297,5
460,Surendranagar,2024-08-19,69.01574390243903,5
460,Surendranagar,2024-08-20,98.62896644295303,5
460,Surendranagar,2024-08-21,86.26465168539326,5
460,Surendranagar,2024-08-22,91.29825675675676,5
460,Surendranagar,2024-08-23,108.32959444444445,5
460,Surendranagar,2024-08-24,121.56788304093567,5
460,Surendranagar,2024-08-25,90.84965584415585,5
460,Surendranagar,2024-08-26,78.4935291005291,5
460,Surendranagar,2024-08-27,128.30315028901734,5
460,Surendranagar,2024-08-28,83.70604411764707,5
460,Surendranagar,2024-08-29,96.42427167630059,5
460,Surendranagar,2024-08-30,87.02925423728813,5
460,Surendranagar,2024-08-31,145.0700316455696,5
460,Surendranagar,2024-09-01,104.9625546875,4
460,Surendranagar,2024-09-02,87.83833544303798,4
460,Surendranagar,2024-09-03,79.39357961783439,4
460,Surendranagar,2024-09-04,95.79864935064936,4
460,Surendranagar,2024-09-05,89.93237837837837,4
460,Surendranagar,2024-09-06,86.24962162162161,4
460,Surendranagar,2024-09-07,79.01713461538462,4
460,Surendranagar,2024-09-08,95.23507142857142,4
460,Surendranagar,2024-09-09,107.6205403726708,4
460,Surendranagar,2024-09-10,90.46719354838709,4
460,Surendranagar,2024-09-11,94.82677124183006,4
460,Surendranagar,2024-09-12,90.96715333333333,4
460,Surendranagar,2024-09-13,90.62827950310559,4
460,Surendranagar,2024-09-14,87.02476100628931,4
460,Surendranagar,2024-09-15,90.84199371069182,5
460,Surendranagar,2024-09-16,73.12195774647887,4
460,Surendranagar,2024-09-17,85.4519,4
460,Surendranagar,2024-09-18,84.4181592356688,4
460,Surendranagar,2024-09-19,89.23380714285715,3
460,Surendranagar,2024-09-20,93.23155882352941,3
460,Surendranagar,2024-09-21,113.1098409090909,3
460,Surendranagar,2024-09-22,90.03997058823529,3
460,Surendranagar,2024-09-23,82.52277049180329,3
460,Surendranagar,2024-09-24,99.33278512396694,3
460,Surendranagar,2024-09-25,81.94476767676768,3
460,Surendranagar,2024-09-26,95.19256896551724,3
460,Surendranagar,2024-09-27,79.84965116279069,3
460,Surendranagar,2024-09-28,80.63258015267176,3
460,Surendranagar,2024-09-29,98.06208474576272,3
460,Surendranagar,2024-09-30,214.01846551724137,3
460,Surendranagar,2024-10-01,135.70525,3
460,Surendranagar,2024-10-02,90.53819424460431,3
460,Surendranagar,2024-10-03,94.74419696969697,3
460,Surendranagar,2024-10-04,98.555484375,3
460,Surendranagar,2024-10-05,113.96524060150377,3
460,Surendranagar,2024-10-06,101.153007518797,3
460,Surendranagar,2024-10-07,86.37594029850746,3
460,Surendranagar,2024-10-08,100.3433,3
460,Surendranagar,2024-10-09,81.14044444444444,3
460,Surendranagar,2024-10-10,76.24716428571428,3
460,Surendranagar,2024-10-11,86.75597744360903,3
460,Surendranagar,2024-10-12,90.33645323741007,3
460,Surendranagar,2024-10-13,86.61699270072992,3
460,Surendranagar,2024-10-14,143.4591769230769,3
460,Surendranagar,2024-10-15,125.83501538461539,3
460,Surendranagar,2024-10-16,140.95906722689077,3
460,Surendranagar,2024-10-17,111.28289147286822,3
460,Surendranagar,2024-10-18,126.1521811023622,3
460,Surendranagar,2024-10-19,101.08704310344828,3
460,Surendranagar,2024-10-20,118.12217582417583,3
460,Surendranagar,2024-10-21,84.54955,3
460,Surendranagar,2024-10-22,91.51816666666666,3
460,Surendranagar,2024-10-23,140.75704347826087,3
460,Surendranagar,2024-10-24,85.7622962962963,4
460,Surendranagar,2024-10-25,107.53837623762377,3
460,Surendranagar,2024-10-26,67.46771929824561,4
460,Surendranagar,2024-10-27,72.7873925925926,4
460,Surendranagar,2024-10-28,131.2731238095238,4
460,Surendranagar,2024-10-29,75.3285076923077,4
460,Surendranagar,2024-10-30,73.808,4
460,Surendranagar,2024-10-31,163.9452086330935,4
460,Surendranagar,2024-11-01,100.00515384615385,4
460,Surendranagar,2024-11-02,83.54327819548871,4
460,Surendranagar,2024-11-03,67.91391666666667,4
460,Surendranagar,2024-11-04,80.33168548387096,4
460,Surendranagar,2024-11-05,74.11506140350878,4
460,Surendranagar,2024-11-06,72.29170434782608,4
460,Surendranagar,2024-11-07,67.4356328125,4
460,Surendranagar,2024-11-08,78.540453125,4
460,Surendranagar,2024-11-09,73.00538211382114,4
460,Surendranagar,2024-11-10,66.36510569105691,4
460,Surendranagar,2024-11-11,84.57401587301588,4
460,Surendranagar,2024-11-12,77.2726,4
460,Surendranagar,2024-11-13,67.943496124031,4
460,Surendranagar,2024-11-14,72.58951587301587,4
460,Surendranagar,2024-11-15,67.16881451612902,4
460,Surendranagar,2024-11-16,67.58573282442748,4
460,Surendranagar,2024-11-17,67.4717421875,4
460,Surendranagar,2024-11-18,72.28912213740458,4
460,Surendranagar,2024-11-19,84.58619083969465,4
460,Surendranagar,2024-11-20,79.04176229508197,4
460,Surendranagar,2024-11-21,78.9002109375,4
460,Surendranagar,2024-11-22,68.3982265625,4
460,Surendranagar,2024-11-23,72.926288,4
460,Surendranagar,2024-11-24,67.22173333333333,4
460,Surendranagar,2024-11-25,72.47366379310344,4
460,Surendranagar,2024-11-26,72.87200787401575,4
460,Surendranagar,2024-11-27,67.07632330827067,4
460,Surendranagar,2024-11-28,82.51865909090908,4
460,Surendranagar,2024-11-29,74.03598347107437,4
460,Surendranagar,2024-11-30,72.03876811594203,4
460,Surendranagar,2024-12-01,76.49329230769231,4
460,Surendranagar,2024-12-02,74.88764485981308,4
460,Surendranagar,2024-12-03,179.30535200000003,4
460,Surendranagar,2024-12-04,168.19547107438015,4
460,Surendranagar,2024-12-05,177.9458888888889,4
460,Surendranagar,2024-12-06,193.9543306451613,4
460,Surendranagar,2024-12-07,202.00995614035085,4
460,Surendranagar,2024-12-08,181.54457983193277,4
460,Surendranagar,2024-12-09,201.3226031746032,4
460,Surendranagar,2024-12-10,210.08030894308945,4
460,Surendranagar,2024-12-11,181.1733925925926,4
460,Surendranagar,2024-12-12,190.89288372093023,4
460,Surendranagar,2024-12-13,186.8892919708029,4
460,Surendranagar,2024-12-14,171.2438125,4
460,Surendranagar,2024-12-15,201.63542857142858,4
460,Surendranagar,2024-12-16,147.37272727272727,4
460,Surendranagar,2024-12-17,167.42086259541986,4
460,Surendranagar,2024-12-18,186.79407746478876,4
460,Surendranagar,2024-12-19,174.74182517482518,4
460,Surendranagar,2024-12-20,167.55841843971632,4
460,Surendranagar,2024-12-21,185.46325174825174,4
460,Surendranagar,2024-12-22,175.72517605633803,4
460,Surendranagar,2024-12-23,182.97450704225352,4
460,Surendranagar,2024-12-24,191.11841843971632,4
460,Surendranagar,2024-12-25,192.49452482269504,4
460,Surendranagar,2024-12-26,177.09537984496123,4
460,Surendranagar,2024-12-27,112.00586046511629,4
460,Surendranagar,2024-12-28,80.41246153846154,3
460,Surendranagar,2024-12-29,79.91958333333334,1
460,Surendranagar,2024-12-30,79.87375,1
460,Surendranagar,2024-12-31,169.76696296296296,4
460,Surendranagar,2025-01-01,175.6272682926829,4
460,Surendranagar,2025-01-02,193.3441914893617,4
460,Surendranagar,2025-01-03,171.30741134751773,4
460,Surendranagar,2025-01-04,148.20830833333332,4
460,Surendranagar,2025-01-05,73.48769892473118,4
460,Surendranagar,2025-01-06,162.53614179104477,4
460,Surendranagar,2025-01-07,181.79771739130433,4
460,Surendranagar,2025-01-08,181.22138732394367,4
460,Surendranagar,2025-01-09,177.31376258992807,4
460,Surendranagar,2025-01-10,155.568576,4
460,Surendranagar,2025-01-11,72.50485057471263,4
460,Surendranagar,2025-01-12,72.63860000000001,4
460,Surendranagar,2025-01-13,149.8317818181818,4
460,Surendranagar,2025-01-14,151.18988636363636,4
460,Surendranagar,2025-01-15,155.0135294117647,4
460,Surendranagar,2025-01-16,179.31557037037035,4
460,Surendranagar,2025-01-17,159.64364233576643,4
460,Surendranagar,2025-01-18,148.6629328358209,4
460,Surendranagar,2025-01-19,149.45220895522388,4
460,Surendranagar,2025-01-20,125.6238888888889,4
460,Surendranagar,2025-01-21,122.49436434108527,4
460,Surendranagar,2025-01-22,126.182162601626,4
460,Surendranagar,2025-01-23,138.37558870967743,4
460,Surendranagar,2025-01-24,127.37672500000001,4
460,Surendranagar,2025-01-25,94.60087068965517,4
460,Surendranagar,2025-01-26,100.5719304347826,4
460,Surendranagar,2025-01-27,72.84740860215054,4
460,Surendranagar,2025-01-28,117.701224,4
460,Surendranagar,2025-01-29,146.35095555555557,4
460,Surendranagar,2025-01-30,143.53861240310079,4
460,Surendranagar,2025-01-31,143.23234645669294,4
460,Surendranagar,2025-02-01,164.38187096774192,4
460,Surendranagar,2025-02-02,80.22615384615385,1
460,Surendranagar,2025-02-03,128.09415714285714,4
460,Surendranagar,2025-02-04,156.51965384615386,4
460,Surendranagar,2025-02-05,148.22178358208956,4
460,Surendranagar,2025-02-06,172.23071223021583,4
460,Surendranagar,2025-02-07,153.75527407407407,4
460,Surendranagar,2025-02-08,139.24724626865674,4
460,Surendranagar,2025-02-09,129.73921167883213,4
460,Surendranagar,2025-02-10,132.01384090909093,4
460,Surendranagar,2025-02-11,154.9454642857143,4
460,Surendranagar,2025-02-12,181.10522535211268,4
460,Surendranagar,2025-02-13,173.0031798561151,4
460,Surendranagar,2025-02-14,165.32016312056737,4
460,Surendranagar,2025-02-15,141.67794029850748,4
460,Surendranagar,2025-02-16,73.1627052631579,4
460,Surendranagar,2025-02-17,120.26559016393443,4
460,Surendranagar,2025-02-18,164.98888571428571,4
460,Surendranagar,2025-02-19,143.03509923664123,4
460,Surendranagar,2025-02-20,148.65941964285713,4
460,Surendranagar,2025-02-21,178.8404054054054,4
460,Surendranagar,2025-02-22,206.7615806451613,4
460,Surendranagar,2025-02-23,80.63204166666667,3
460,Surendranagar,2025-02-24,184.63279545454546,4
460,Surendranagar,2025-02-25,168.6417974683544,4
460,Surendranagar,2025-02-26,79.675,1
460,Surendranagar,2025-02-27,87.99538554216868,4
460,Surendranagar,2025-02-28,142.3678053097345,4
460,Surendranagar,2025-03-01,81.03152293577982,4
460,Surendranagar,2025-03-02,73.64574999999999,4
460,Surendranagar,2025-03-03,79.46946902654867,4
460,Surendranagar,2025-03-04,72.88544915254238,4
460,Surendranagar,2025-03-05,79.98814912280702,4
460,Surendranagar,2025-03-06,83.61648,4
460,Surendranagar,2025-03-07,84.57847142857143,3
460,Surendranagar,2025-03-08,87.16554651162791,4
460,Surendranagar,2025-03-09,84.30617910447761,3
460,Surendranagar,2025-03-10,74.69146534653466,4
460,Surendranagar,2025-03-11,78.54481739130435,4
460,Surendranagar,2025-03-12,79.299,4
460,Surendranagar,2025-03-13,84.85834210526316,4
460,Surendranagar,2025-03-14,84.77590350877193,4
460,Surendranagar,2025-03-15,73.63424074074074,4
460,Surendranagar,2025-03-16,94.0572752293578,4
460,Surendranagar,2025-03-17,78.32640151515152,4
460,Surendranagar,2025-03-18,83.2390294117647,4
460,Surendranagar,2025-03-19,67.64642537313432,4
460,Surendranagar,2025-03-20,69.77178571428571,4
460,Surendranagar,2025-03-21,73.08979069767442,4
460,Surendranagar,2025-03-22,73.00115384615385,4
460,Surendranagar,2025-03-23,72.52583516483516,4
460,Surendranagar,2025-03-24,73.43898876404494,4
460,Surendranagar,2025-03-25,69.20432323232323,4
460,Surendranagar,2025-03-26,67.90044715447154,4
460,Surendranagar,2025-03-27,67.538609375,4
460,Surendranagar,2025-03-28,69.30261061946902,4
460,Surendranagar,2025-03-29,68.27218032786885,4
460,Surendranagar,2025-03-30,68.05610370370371,4
460,Surendranagar,2025-03-31,67.20234057971015,4
460,Surendranagar,2025-04-01,67.70193525179856,4
460,Surendranagar,2025-04-02,68.3091,4
460,Surendranagar,2025-04-03,69.98080909090909,4
460,Surendranagar,2025-04-04,68.26780672268907,4
460,Surendranagar,2025-04-05,67.6371746031746,4
460,Surendranagar,2025-04-06,67.5374140625,4
460,Surendranagar,2025-04-07,67.66990697674419,4
460,Surendranagar,2025-04-08,67.02452985074628,4
460,Surendranagar,2025-04-09,66.86256716417911,4
460,Surendranagar,2025-04-10,66.72378787878789,4
460,Surendranagar,2025-04-11,67.20315827338129,4
460,Surendranagar,2025-04-12,67.43915107913669,4
460,Surendranagar,2025-04-13,67.55977464788732,4
460,Surendranagar,2025-04-14,67.52978169014084,4
460,Surendranagar,2025-04-15,67.21796153846154,4
460,Surendranagar,2025-04-16,69.03459130434783,4
460,Surendranagar,2025-04-17,72.23217821782178,4
460,Surendranagar,2025-04-18,70.9225,4
460,Surendranagar,2025-04-19,73.12476829268293,4
460,Surendranagar,2025-04-20,74.01646575342465,4
460,Surendranagar,2025-04-21,69.90678787878788,4
460,Surendranagar,2025-04-22,69.0726050420168,4
460,Surendranagar,2025-04-23,70.08570940170941,4
460,Surendranagar,2025-04-24,68.91216949152542,4
460,Surendranagar,2025-04-25,69.97495098039215,4
460,Surendranagar,2025-04-26,70.39509259259259,4
460,Surendranagar,2025-04-27,69.70592741935484,4
460,Surendranagar,2025-04-28,68.01593129770993,4
460,Surendranagar,2025-04-29,68.54504504504504,4
460,Surendranagar,2025-04-30,70.73583516483517,4
460,Surendranagar,2025-05-01,71.85220000000001,4
460,Surendranagar,2025-05-02,68.42922093023256,4
460,Surendranagar,2025-05-03,70.25874999999999,4
460,Surendranagar,2025-05-04,72.707390625,4
460,Surendranagar,2025-05-05,78.82000000000001,1
460,Surendranagar,2025-05-06,64.599875,3
460,Surendranagar,2025-05-07,65.72831092436975,4
460,Surendranagar,2025-05-08,67.920203539823,4
460,Surendranagar,2025-05-09,70.51713483146067,4
460,Surendranagar,2025-05-10,68.88766336633664,4
460,Surendranagar,2025-05-11,71.05871951219511,4
460,Surendranagar,2025-05-12,71.95454651162791,4
460,Surendranagar,2025-05-13,72.33617857142856,4
460,Surendranagar,2025-05-14,68.15539344262295,4
460,Surendranagar,2025-05-15,62.435730769230766,3
460,Surendranagar,2025-05-16,62.252605263157896,3
460,Surendranagar,2025-05-17,64.16709375,3
460,Surendranagar,2025-05-18,63.918813725490196,3
460,Surendranagar,2025-05-19,65.48578,3
460,Surendranagar,2025-05-20,72.30022784810126,3
460,Surendranagar,2025-05-21,71.27031395348837,3
460,Surendranagar,2025-05-22,70.65111688311687,3
460,Surendranagar,2025-05-23,68.66309090909091,3
460,Surendranagar,2025-05-24,72.80196470588236,4
460,Surendranagar,2025-05-25,71.20289320388349,4
460,Surendranagar,2025-05-26,72.62398901098902,4
460,Surendranagar,2025-05-27,73.11365060240963,3
460,Surendranagar,2025-05-28,73.72595744680851,4
460,Surendranagar,2025-05-29,73.87872999999999,4
460,Surendranagar,2025-05-30,72.29485454545454,4
460,Surendranagar,2025-05-31,79.5237625,4
460,Surendranagar,2025-06-01,74.16493137254902,4
460,Surendranagar,2025-06-02,71.93160169491526,4
460,Surendranagar,2025-06-03,77.24008450704225,4
460,Surendranagar,2025-06-04,79.725953125,4
460,Surendranagar,2025-06-05,72.90403333333333,4
460,Surendranagar,2025-06-06,70.95258695652174,3
460,Surendranagar,2025-06-07,70.1008705882353,3
460,Surendranagar,2025-06-08,71.95629268292683,3
460,Surendranagar,2025-06-09,73.97535064935064,3
460,Surendranagar,2025-06-10,73.38875675675676,4
460,Surendranagar,2025-06-11,72.4396403508772,4
460,Surendranagar,2025-06-12,73.1605575221239,4
460,Surendranagar,2025-06-13,73.32991304347827,4
460,Surendranagar,2025-06-14,72.77066379310345,4
460,Surendranagar,2025-06-15,72.22661403508772,4
460,Surendranagar,2025-06-16,73.1563652173913,4
460,Surendranagar,2025-06-17,74.566,4
460,Surendranagar,2025-06-18,74.83363716814158,4
460,Surendranagar,2025-06-19,76.05212359550562,4
460,Surendranagar,2025-06-20,73.27760227272728,4
460,Surendranagar,2025-06-21,74.65717582417582,4
460,Surendranagar,2025-06-22,78.82953571428573,4
460,Surendranagar,2025-06-23,85.05943055555556,3
460,Surendranagar,2025-06-24,81.44503773584907,4
460,Surendranagar,2025-06-25,80.89933333333333,3
460,Surendranagar,2025-06-26,84.50025000000001,3
460,Surendranagar,2025-06-27,83.47698305084745,4
460,Surendranagar,2025-06-28,77.42276923076923,3
460,Surendranagar,2025-06-29,88.87396000000001,4
460,Surendranagar,2025-06-30,84.17269014084506,4
460,Surendranagar,2025-07-01,85.29764788732395,3
460,Surendranagar,2025-07-02,83.65481333333334,4
460,Surendranagar,2025-07-03,84.4697397260274,4
460,Surendranagar,2025-07-04,82.80981012658228,4
460,Surendranagar,2025-07-05,85.06850724637681,4
460,Surendranagar,2025-07-06,88.43904166666665,2
460,Surendranagar,2025-07-07,88.49604166666667,2
460,Surendranagar,2025-07-08,75.86025555555555,4
460,Surendranagar,2025-07-09,75.23395495495497,4
460,Surendranagar,2025-07-10,74.92418584070796,4
460,Surendranagar,2025-07-11,76.62619801980198,4
460,Surendranagar,2025-07-12,85.78516901408452,3
460,Surendranagar,2025-07-13,85.49444285714286,3
460,Surendranagar,2025-07-14,84.66516666666666,3
460,Surendranagar,2025-07-15,84.2932340425532,3
460,Surendranagar,2025-07-16,79.88956521739131,1
460,Surendranagar,2025-07-20,84.67891666666667,4
460,Surendranagar,2025-07-21,85.31781690140845,3
460,Surendranagar,2025-07-22,81.55040476190477,4
460,Surendranagar,2025-07-23,79.84953846153846,4
460,Surendranagar,2025-07-24,80.82069318181819,4
460,Surendranagar,2025-07-27,78.97872043010753,4
460,Surendranagar,2025-07-28,79.32737931034482,4
460,Surendranagar,2025-07-29,81.5012619047619,4
460,Surendranagar,2025-07-30,82.95841333333334,4
460,Surendranagar,2025-07-31,79.4537,4
460,Surendranagar,2025-08-01,78.47274193548387,4
460,Surendranagar,2025-08-02,83.37585714285714,4
460,Surendranagar,2025-08-03,85.59392857142856,3
460,Surendranagar,2025-08-04,80.42102325581395,4
460,Surendranagar,2025-08-05,85.15995774647887,3
460,Surendranagar,2025-08-06,79.23864444444445,4
460,Surendranagar,2025-08-07,78.69201111111111,4
460,Surendranagar,2025-08-08,83.52205479452054,4
460,Surendranagar,2025-08-09,85.41684507042253,3
460,Surendranagar,2025-08-10,85.57832857142857,3
460,Surendranagar,2025-08-11,76.30441346153846,4
460,Surendranagar,2025-08-12,79.19397802197803,4
460,Surendranagar,2025-08-13,85.41587323943662,3
460,Surendranagar,2025-08-14,78.10575609756097,4
460,Surendranagar,2025-08-15,71.89261797752809,3
460,Surendranagar,2025-08-16,72.40432608695653,3
460,Surendranagar,2025-08-17,70.74870512820513,4
460,Surendranagar,2025-08-18,60.02240384615384,3
460,Surendranagar,2025-08-20,75.07352586206898,4
460,Surendranagar,2025-08-21,74.80912389380532,4
460,Surendranagar,2025-08-22,74.37126724137931,4
460,Surendranagar,2025-08-23,74.40607017543859,4
460,Surendranagar,2025-08-24,74.74503448275863,4
460,Surendranagar,2025-08-25,74.1634298245614,4
460,Surendranagar,2025-08-27,74.02233333333334,4
460,Surendranagar,2025-08-28,73.73245161290323,4
460,Surendranagar,2025-09-01,74.98432989690723,4
460,Surendranagar,2025-09-02,75.31332631578947,4
460,Surendranagar,2025-09-03,79.65820000000001,4
460,Surendranagar,2025-09-04,85.11880281690141,3
460,Surendranagar,2025-09-05,77.4817619047619,4
460,Surendranagar,2025-09-06,71.63402777777777,4
460,Surendranagar,2025-09-07,71.58034677419354,4
460,Surendranagar,2025-09-08,67.87656923076923,4
460,Surendranagar,2025-09-09,68.51212056737589,4
460,Surendranagar,2025-09-10,68.7337304964539,4
460,Surendranagar,2025-09-11,68.30199999999999,4
460,Surendranagar,2025-09-12,67.89393129770993,4
460,Surendranagar,2025-09-13,67.15092561983471,4
460,Surendranagar,2025-09-14,74.09785593220339,4
460,Surendranagar,2025-09-15,67.85052671755724,4
460,Surendranagar,2025-09-16,68.68713768115943,4
460,Surendranagar,2025-09-17,68.81481294964028,4
460,Surendranagar,2025-09-18,70.09369047619047,4
460,Surendranagar,2025-09-20,73.41303191489361,4
460,Surendranagar,2025-09-21,73.35531914893616,4
460,Surendranagar,2025-09-22,73.6933152173913,4
460,Surendranagar,2025-09-23,74.07078888888888,4
460,Surendranagar,2025-09-24,73.59218947368421,4
460,Surendranagar,2025-09-25,73.63838947368421,4
460,Surendranagar,2025-09-26,73.70946875,4
460,Surendranagar,2025-09-27,73.6748947368421,4
460,Surendranagar,2025-09-28,73.78927083333333,4
460,Surendranagar,2025-09-29,73.84024210526316,4
460,Surendranagar,2025-09-30,74.25168421052632,4
460,Surendranagar,2025-10-01,73.5872947368421,4
460,Surendranagar,2025-10-02,73.51503191489361,4
460,Surendranagar,2025-10-03,73.95073333333333,4
460,Surendranagar,2025-10-04,73.78193684210525,4
460,Surendranagar,2025-10-05,73.84631521739131,4
460,Surendranagar,2025-10-06,75.87394656488549,4
460,Surendranagar,2025-10-07,75.84306172839506,4
460,Surendranagar,2025-10-08,76.27760975609756,4
460,Surendranagar,2025-10-09,76.46237724550899,4
460,Surendranagar,2025-10-10,76.42104819277108,4
460,Surendranagar,2025-10-11,76.60110975609756,4
460,Surendranagar,2025-10-12,77.00514012738854,4
460,Surendranagar,2025-10-13,76.574675,4
460,Surendranagar,2025-10-14,77.03728484848484,4
460,Surendranagar,2025-10-15,76.79175,4
460,Surendranagar,2025-10-16,78.15978512396696,4
460,Surendranagar,2025-10-17,76.5082546583851,4
460,Surendranagar,2025-10-18,76.79374096385543,4
460,Surendranagar,2025-10-19,76.53940361445783,4
460,Surendranagar,2025-10-20,76.31560843373494,4
460,Surendranagar,2025-10-21,76.40946385542168,4
460,Surendranagar,2025-10-22,76.427875,4
460,Surendranagar,2025-10-23,76.26679268292683,4
460,Surendranagar,2025-10-24,76.35055421686747,4
460,Surendranagar,2025-10-25,76.12775151515152,4
460,Surendranagar,2025-10-26,76.19022289156626,4
460,Surendranagar,2025-10-27,76.13793939393939,4
460,Surendranagar,2025-10-28,76.27621686746988,4
460,Surendranagar,2025-10-29,76.54977439024391,4
460,Surendranagar,2025-10-30,76.4032530120482,4
460,Surendranagar,2025-10-31,76.6494024390244,4
460,Surendranagar,2025-11-01,76.62705521472394,4
460,Surendranagar,2025-11-02,76.14465644171779,4
460,Surendranagar,2025-11-03,76.41618292682926,4
460,Surendranagar,2025-11-04,76.40600606060606,4
460,Surendranagar,2025-11-05,78.42,4
460,Surendranagar,2025-11-06,80.10436170212765,1
460,Surendranagar,2025-11-07,76.115990990991,4
460,Surendranagar,2025-11-08,74.27246938775511,4
460,Surendranagar,2025-11-09,74.5137614678899,4
460,Surendranagar,2025-11-10,74.09250980392157,4
460,Surendranagar,2025-11-11,74.88660185185185,4
460,Surendranagar,2025-11-12,75.37665656565656,4
460,Surendranagar,2025-11-13,76.01971052631579,4
460,Surendranagar,2025-11-14,76.55995454545454,4
460,Surendranagar,2025-11-15,79.96240449438203,4
460,Surendranagar,2025-11-16,80.12646341463415,1
460,Surendranagar,2025-11-17,79.98168421052632,1
460,Surendranagar,2025-11-18,79.86115789473685,1
460,Surendranagar,2025-11-19,79.74041666666666,1
460,Surendranagar,2025-11-20,79.70757894736842,1
460,Surendranagar,2025-11-21,79.57863157894737,1
460,Surendranagar,2025-11-22,78.87097938144329,3
460,Surendranagar,2025-11-23,76.64020547945205,4
460,Surendranagar,2025-11-24,75.56003797468355,4
460,Surendranagar,2025-11-25,76.7680132450331,4
460,Surendranagar,2025-11-26,76.56866666666666,4
460,Surendranagar,2025-11-27,75.74078,4
460,Surendranagar,2025-11-30,62.87946153846154,3
460,Surendranagar,2025-12-01,74.56675471698114,4
460,Surendranagar,2025-12-02,76.21329696969697,4
460,Surendranagar,2025-12-03,76.9073625,4
460,Surendranagar,2025-12-04,76.41360583941606,4
460,Surendranagar,2025-12-05,76.12952409638554,4
460,Surendranagar,2025-12-06,76.53101212121213,4
460,Surendranagar,2025-12-07,76.2633164556962,4
460,Surendranagar,2025-12-08,76.74194374999999,4
460,Surendranagar,2025-12-09,76.38662420382165,4
460,Surendranagar,2025-12-10,75.94012578616352,4
460,Surendranagar,2025-12-11,76.1740625,4
460,Surendranagar,2025-12-12,76.27753939393939,4
460,Surendranagar,2025-12-13,75.97575151515152,4
460,Surendranagar,2025-12-14,72.62651020408164,4
460,Surendranagar,2025-12-15,72.3376201923077,4
460,Surendranagar,2025-12-16,71.78197969543147,4
460,Surendranagar,2025-12-17,71.7540294117647,4
460,Surendranagar,2025-12-18,72.2913184079602,4
460,Surendranagar,2025-12-19,72.13131400966184,4
460,Surendranagar,2025-12-20,72.126990430622,4
460,Surendranagar,2025-12-21,72.1477894736842,4
460,Surendranagar,2025-12-22,73.36928350515464,4
460,Surendranagar,2025-12-23,75.22845086705203,4
460,Surendranagar,2025-12-24,76.31671686746988,4
460,Surendranagar,2025-12-25,75.88061904761905,4
460,Surendranagar,2025-12-26,75.87289090909091,4
460,Surendranagar,2025-12-27,75.82987037037037,4
460,Surendranagar,2025-12-28,75.22721333333334,4
460,Surendranagar,2025-12-29,75.31849367088607,4
460,Surendranagar,2025-12-30,75.77627710843373,4
460,Surendranagar,2025-12-31,75.73748192771085,4
672,Aravalli,2021-01-01,70.821,1
672,Aravalli,2021-01-02,140.55,2
672,Aravalli,2021-01-03,156.7745,2
672,Aravalli,2021-01-04,142.107,1
672,Aravalli,2021-01-05,170.137,4
672,Aravalli,2021-01-06,101.745,2
672,Aravalli,2021-01-07,112.74449999999999,2
672,Aravalli,2021-01-08,201.5496,2
672,Aravalli,2021-01-09,141.634,1
672,Aravalli,2021-01-10,70.951,1
672,Aravalli,2021-01-11,142.03,1
672,Aravalli,2021-01-12,140.152,2
672,Aravalli,2021-01-13,153.19500000000002,3
672,Aravalli,2021-01-14,170.49200000000002,2
672,Aravalli,2021-01-15,155.592,1
672,Aravalli,2021-01-18,139.843,1
672,Aravalli,2021-01-23,155.763,1
672,Aravalli,2021-01-31,210.729,1
672,Aravalli,2021-02-01,187.192,1
672,Aravalli,2021-02-02,155.744,1
672,Aravalli,2021-02-09,182.479,1
672,Aravalli,2021-02-10,208.921,1
672,Aravalli,2021-02-11,142.076,1
672,Aravalli,2021-02-20,70.65,1
672,Aravalli,2021-02-28,155.748,1
672,Aravalli,2021-03-01,70.836,1
672,Aravalli,2021-03-02,132.9605,1
672,Aravalli,2021-03-03,187.132,1
672,Aravalli,2021-03-08,70.39,1
672,Aravalli,2021-03-09,141.987,1
672,Aravalli,2021-03-10,130.148,1
672,Aravalli,2021-03-15,37.021,2
672,Aravalli,2021-03-18,157.675,2
672,Aravalli,2021-03-23,142.023,1
672,Aravalli,2021-03-25,208.938,1
672,Aravalli,2021-03-27,131.141,1
672,Aravalli,2021-03-30,187.288,1
672,Aravalli,2021-04-03,178.813,1
672,Aravalli,2021-04-05,70.661,1
672,Aravalli,2021-04-08,141.629,1
672,Aravalli,2021-04-09,199.71800000000002,2
672,Aravalli,2021-04-12,154.372,1
672,Aravalli,2021-04-13,141.641,1
672,Aravalli,2021-04-14,139.63830000000002,2
672,Aravalli,2021-04-15,142.94746153846154,3
672,Aravalli,2021-04-16,148.04394736842104,3
672,Aravalli,2021-04-17,149.31369565217392,2
672,Aravalli,2021-04-18,149.76058,3
672,Aravalli,2021-04-19,150.5660425531915,2
672,Aravalli,2021-04-20,152.02263157894737,2
672,Aravalli,2021-04-21,159.60920833333333,1
672,Aravalli,2021-04-22,161.0313076923077,2
672,Aravalli,2021-04-23,132.871,1
672,Aravalli,2021-04-24,70.839,1
672,Aravalli,2021-04-25,132.849,1
672,Aravalli,2021-04-29,187.231,1
672,Aravalli,2021-05-04,70.697,1
672,Aravalli,2021-05-06,187.312,1
672,Aravalli,2021-05-08,159.27499999999998,2
672,Aravalli,2021-05-10,70.742,1
672,Aravalli,2021-05-11,187.061,1
672,Aravalli,2021-05-12,36.9825,2
672,Aravalli,2021-05-14,12.938428571428572,2
672,Aravalli,2021-05-15,25.055076923076925,4
672,Aravalli,2021-05-16,15.208266666666667,2
672,Aravalli,2021-05-17,156.238,2
672,Aravalli,2021-05-18,70.831,1
672,Aravalli,2021-05-20,210.835,1
672,Aravalli,2021-05-21,129.949,1
672,Aravalli,2021-05-23,179.0,1
672,Aravalli,2021-05-26,132.891,1
672,Aravalli,2021-05-27,3.297333333333333,1
672,Aravalli,2021-05-28,16.722615384615384,3
672,Aravalli,2021-05-29,8.440333333333333,2
672,Aravalli,2021-05-30,3.2893478260869564,1
672,Aravalli,2021-05-31,5.894653846153846,3
672,Aravalli,2021-06-01,3.304952380952381,1
672,Aravalli,2021-06-02,14.268526315789476,2
672,Aravalli,2021-06-03,3.350368421052632,1
672,Aravalli,2021-06-04,33.75539423076923,7
672,Aravalli,2021-06-05,61.86849450549451,8
672,Aravalli,2021-06-06,142.34008450704226,4
672,Aravalli,2021-06-07,158.83614193548385,5
672,Aravalli,2021-06-08,163.32278723404255,3
672,Aravalli,2021-06-09,164.42908333333332,3
672,Aravalli,2021-06-10,164.413125,3
672,Aravalli,2021-06-11,164.79579432624112,3
672,Aravalli,2021-06-12,158.11551875,6
672,Aravalli,2021-06-13,160.63877669902914,6
672,Aravalli,2021-06-14,162.88443346007605,6
672,Aravalli,2021-06-15,162.86297692307693,6
672,Aravalli,2021-06-16,162.45465758754864,6
672,Aravalli,2021-06-17,158.73125441696112,7
672,Aravalli,2021-06-18,153.79175,7
672,Aravalli,2021-06-19,154.13806451612905,7
672,Aravalli,2021-06-20,153.98360128617364,7
672,Aravalli,2021-06-21,140.89932218844984,9
672,Aravalli,2021-06-22,124.58116949152542,9
672,Aravalli,2021-06-23,135.82516819571865,9
672,Aravalli,2021-06-24,155.4443763066202,6
672,Aravalli,2021-06-25,155.5256901408451,6
672,Aravalli,2021-06-26,154.73223591549296,6
672,Aravalli,2021-06-27,154.90544755244755,6
672,Aravalli,2021-06-28,154.75144396551724,6
672,Aravalli,2021-06-29,154.85684518828452,6
672,Aravalli,2021-06-30,155.05781272084803,6
672,Aravalli,2021-07-01,154.8534856115108,6
672,Aravalli,2021-07-02,155.1316223776224,6
672,Aravalli,2021-07-03,155.50180701754385,6
672,Aravalli,2021-07-04,155.41843309859155,6
672,Aravalli,2021-07-05,155.02489340101522,6
672,Aravalli,2021-07-06,147.79931779661018,7
672,Aravalli,2021-07-07,142.65922270742357,7
672,Aravalli,2021-07-08,142.2540833333333,9
672,Aravalli,2021-07-09,141.2884959568733,9
672,Aravalli,2021-07-10,141.7847136038186,9
672,Aravalli,2021-07-11,141.71811968085106,9
672,Aravalli,2021-07-12,141.03394246575343,9
672,Aravalli,2021-07-13,141.5661850117096,9
672,Aravalli,2021-07-14,141.51374457831324,9
672,Aravalli,2021-07-15,140.9350512195122,9
672,Aravalli,2021-07-16,142.3732342995169,9
672,Aravalli,2021-07-17,141.5291976744186,9
672,Aravalli,2021-07-18,140.91812918660287,9
672,Aravalli,2021-07-19,141.43639518072288,9
672,Aravalli,2021-07-20,141.19423897911832,9
672,Aravalli,2021-07-21,141.5119581395349,9
672,Aravalli,2021-07-22,141.52428205128206,9
672,Aravalli,2021-07-23,141.41171226415094,9
672,Aravalli,2021-07-24,141.14307009345794,9
672,Aravalli,2021-07-25,141.89297387173397,9
672,Aravalli,2021-07-26,141.4686976744186,9
672,Aravalli,2021-07-27,141.48679953379954,9
672,Aravalli,2021-07-28,142.6097546728972,9
672,Aravalli,2021-07-29,141.17954460093895,9
672,Aravalli,2021-07-30,141.44171328671328,9
672,Aravalli,2021-07-31,141.6760488372093,9
672,Aravalli,2021-08-01,141.31519718309858,9
672,Aravalli,2021-08-02,141.39931690140844,9
672,Aravalli,2021-08-03,141.603623556582,9
672,Aravalli,2021-08-04,141.0455498839907,9
672,Aravalli,2021-08-05,141.42581030444964,9
672,Aravalli,2021-08-06,141.40652369668246,9
672,Aravalli,2021-08-07,141.51234905660377,9
672,Aravalli,2021-08-08,140.98579951100245,9
672,Aravalli,2021-08-09,141.33890047393365,9
672,Aravalli,2021-08-10,141.47957943925235,9
672,Aravalli,2021-08-11,141.46987616822432,9
672,Aravalli,2021-08-12,141.48287209302325,9
672,Aravalli,2021-08-13,141.29683488372095,9
672,Aravalli,2021-08-14,141.43655944055945,9
672,Aravalli,2021-08-15,141.4445696517413,9
672,Aravalli,2021-08-16,140.91607710280374,9
672,Aravalli,2021-08-17,141.16595305164319,9
672,Aravalli,2021-08-18,141.55014734299516,9
672,Aravalli,2021-08-19,141.7776558139535,9
672,Aravalli,2021-08-20,140.8643481308411,9
672,Aravalli,2021-08-21,141.22337906976745,9
672,Aravalli,2021-08-22,141.35129234338746,9
672,Aravalli,2021-08-23,141.3612465116279,9
672,Aravalli,2021-08-24,141.25201877934273,9
672,Aravalli,2021-08-25,141.29554418604653,9
672,Aravalli,2021-08-26,141.42100233100234,9
672,Aravalli,2021-08-27,141.25552594339624,9
672,Aravalli,2021-08-28,141.0677775175644,9
672,Aravalli,2021-08-29,141.42486651053864,9
672,Aravalli,2021-08-30,140.9823758700696,9
672,Aravalli,2021-08-31,141.46713583138174,9
672,Aravalli,2021-09-01,141.65291469194312,9
672,Aravalli,2021-09-02,140.965675990676,9
672,Aravalli,2021-09-03,141.15810672853829,9
672,Aravalli,2021-09-04,141.27651536643026,9
672,Aravalli,2021-09-05,141.26153521126759,9
672,Aravalli,2021-09-06,141.3129812206573,9
672,Aravalli,2021-09-07,141.78241435185186,9
672,Aravalli,2021-09-08,141.15541627906975,9
672,Aravalli,2021-09-09,142.14106067961166,9
672,Aravalli,2021-09-10,142.2495491183879,9
672,Aravalli,2021-09-11,142.49898148148148,9
672,Aravalli,2021-09-12,141.93483916083918,9
672,Aravalli,2021-09-13,142.88967464114833,9
672,Aravalli,2021-09-14,142.08150251256282,9
672,Aravalli,2021-09-15,142.1939975,9
672,Aravalli,2021-09-16,142.11894329896907,9
672,Aravalli,2021-09-17,142.41082793017455,9
672,Aravalli,2021-09-18,142.3612135678392,9
672,Aravalli,2021-09-19,142.37150881612092,9
672,Aravalli,2021-09-20,142.16646766169154,9
672,Aravalli,2021-09-21,142.62491563275435,9
672,Aravalli,2021-09-22,142.46704603580562,9
672,Aravalli,2021-09-23,143.51168860759492,9
672,Aravalli,2021-09-24,142.14096473551638,9
672,Aravalli,2021-09-25,141.56063959390863,9
672,Aravalli,2021-09-26,142.68033246073298,9
672,Aravalli,2021-09-27,142.8248675,9
672,Aravalli,2021-09-28,143.30108793969848,9
672,Aravalli,2021-09-29,145.4143676092545,9
672,Aravalli,2021-09-30,143.22814910025707,9
672,Aravalli,2021-10-01,143.6539214285714,9
672,Aravalli,2021-10-02,142.43495497630332,9
672,Aravalli,2021-10-03,142.64175118483413,9
672,Aravalli,2021-10-04,143.28675118483412,9
672,Aravalli,2021-10-05,143.62680182232344,9
672,Aravalli,2021-10-06,143.30462500000002,9
672,Aravalli,2021-10-07,143.92658018867925,9
672,Aravalli,2021-10-08,143.14177884615384,9
672,Aravalli,2021-10-09,143.52998390804598,9
672,Aravalli,2021-10-10,143.69265947242206,9
672,Aravalli,2021-10-11,142.5974295774648,9
672,Aravalli,2021-10-12,143.2318300970874,9
672,Aravalli,2021-10-13,143.1909908883827,9
672,Aravalli,2021-10-14,142.73065083135393,9
672,Aravalli,2021-10-15,142.882688372093,9
672,Aravalli,2021-10-16,142.48207728337238,9
672,Aravalli,2021-10-17,142.59339627039628,9
672,Aravalli,2021-10-18,142.9415425,9
672,Aravalli,2021-10-19,143.13806582278482,9
672,Aravalli,2021-10-20,142.49184517766497,9
672,Aravalli,2021-10-21,143.52126952141057,9
672,Aravalli,2021-10-22,142.45587735849057,9
672,Aravalli,2021-10-23,142.15073411764706,9
672,Aravalli,2021-10-24,143.06742093023257,9
672,Aravalli,2021-10-25,143.35950469483566,9
672,Aravalli,2021-10-26,143.0866013986014,9
672,Aravalli,2021-10-27,143.397351543943,9
672,Aravalli,2021-10-28,142.13675,9
672,Aravalli,2021-10-29,143.78084715025906,9
672,Aravalli,2021-10-30,142.44995421686747,9
672,Aravalli,2021-10-31,143.55540865384617,9
672,Aravalli,2021-11-01,143.52210895883778,9
672,Aravalli,2021-11-02,143.51942925659472,9
672,Aravalli,2021-11-03,142.54829078014185,9
672,Aravalli,2021-11-04,142.71035545023696,9
672,Aravalli,2021-11-05,142.80895971563982,9
672,Aravalli,2021-11-06,143.4662338902148,9
672,Aravalli,2021-11-07,144.18484236453202,9
672,Aravalli,2021-11-08,143.69630750605327,9
672,Aravalli,2021-11-09,142.5815012406948,9
672,Aravalli,2021-11-10,144.5111854460094,9
672,Aravalli,2021-11-11,142.34792018779342,9
672,Aravalli,2021-11-12,142.7518530805687,9
672,Aravalli,2021-11-13,142.5975944055944,9
672,Aravalli,2021-11-14,142.9257708830549,9
672,Aravalli,2021-11-15,142.8056524822695,9
672,Aravalli,2021-11-16,142.70402612826604,9
672,Aravalli,2021-11-17,143.21762295081967,9
672,Aravalli,2021-11-18,142.7629766899767,9
672,Aravalli,2021-11-19,142.62795529411764,9
672,Aravalli,2021-11-20,142.9589717647059,9
672,Aravalli,2021-11-21,142.5841103286385,9
672,Aravalli,2021-11-22,142.7171121718377,9
672,Aravalli,2021-11-23,142.60763356973996,9
672,Aravalli,2021-11-24,142.8067681498829,9
672,Aravalli,2021-11-25,142.49934498834497,9
672,Aravalli,2021-11-26,142.7989142857143,9
672,Aravalli,2021-11-27,142.52949414519907,9
672,Aravalli,2021-11-28,142.71445794392523,9
672,Aravalli,2021-11-29,143.29049642004773,9
672,Aravalli,2021-11-30,142.43198568019093,9
672,Aravalli,2021-12-01,142.86132867132866,9
672,Aravalli,2021-12-02,142.8149082125604,9
672,Aravalli,2021-12-03,145.09683129584351,9
672,Aravalli,2021-12-04,148.63665743073048,9
672,Aravalli,2021-12-05,146.94104679802956,9
672,Aravalli,2021-12-06,146.81353383458645,9
672,Aravalli,2021-12-07,148.17892676767678,9
672,Aravalli,2021-12-08,146.16140201005024,9
672,Aravalli,2021-12-09,147.20594235588973,9
672,Aravalli,2021-12-10,146.4490475,9
672,Aravalli,2021-12-11,146.767205,9
672,Aravalli,2021-12-12,146.22674686716792,9
672,Aravalli,2021-12-13,146.76678,9
672,Aravalli,2021-12-14,146.90936296296297,9
672,Aravalli,2021-12-15,146.73031989924434,9
672,Aravalli,2021-12-16,147.01810858585858,9
672,Aravalli,2021-12-17,146.82689356435645,9
672,Aravalli,2021-12-18,146.7788574938575,9
672,Aravalli,2021-12-19,147.7606911764706,9
672,Aravalli,2021-12-20,146.65399504950494,9
672,Aravalli,2021-12-21,146.7073103448276,9
672,Aravalli,2021-12-22,146.79228255528255,9
672,Aravalli,2021-12-23,146.539794044665,9
672,Aravalli,2021-12-24,146.9625591133005,9
672,Aravalli,2021-12-25,146.76156049382718,9
672,Aravalli,2021-12-26,146.60016953316952,9
672,Aravalli,2021-12-27,144.15307932692306,9
672,Aravalli,2021-12-28,142.8742293144208,9
672,Aravalli,2021-12-29,142.27260613207548,9
672,Aravalli,2021-12-30,142.24279809976247,9
672,Aravalli,2021-12-31,142.2453536299766,9
672,Aravalli,2022-01-01,142.62692523364487,9
672,Aravalli,2022-01-02,142.4921724941725,9
672,Aravalli,2022-01-03,142.34768604651163,9
672,Aravalli,2022-01-04,142.3275450236967,9
672,Aravalli,2022-01-05,142.43186666666665,9
672,Aravalli,2022-01-06,141.91189598108747,9
672,Aravalli,2022-01-07,142.65720843091333,9
672,Aravalli,2022-01-08,142.4132857142857,9
672,Aravalli,2022-01-09,142.12668,9
672,Aravalli,2022-01-10,142.60442548076924,9
672,Aravalli,2022-01-11,142.67351658767774,9
672,Aravalli,2022-01-12,142.30372748815165,9
672,Aravalli,2022-01-13,141.91455,9
672,Aravalli,2022-01-14,142.62082063882065,9
672,Aravalli,2022-01-15,144.67139733333332,8
672,Aravalli,2022-01-16,143.43498433420365,8
672,Aravalli,2022-01-17,143.43614444444444,8
672,Aravalli,2022-01-18,143.08621428571428,8
672,Aravalli,2022-01-19,143.11859893048128,8
672,Aravalli,2022-01-20,143.19318037135278,8
672,Aravalli,2022-01-21,143.7127957559682,8
672,Aravalli,2022-01-22,143.51188471849866,8
672,Aravalli,2022-01-23,143.57829921259844,8
672,Aravalli,2022-01-24,144.57067302452316,8
672,Aravalli,2022-01-25,143.9286712328767,8
672,Aravalli,2022-01-26,145.23274380165287,8
672,Aravalli,2022-01-27,145.10094166666667,8
672,Aravalli,2022-01-28,144.13244444444445,8
672,Aravalli,2022-01-29,143.46734666666666,8
672,Aravalli,2022-01-30,143.75266575342465,8
672,Aravalli,2022-01-31,142.5965614973262,8
672,Aravalli,2022-02-01,143.13218750000001,8
672,Aravalli,2022-02-02,144.04616216216218,8
672,Aravalli,2022-02-03,143.0772884097035,8
672,Aravalli,2022-02-04,144.77243093922652,8
672,Aravalli,2022-02-05,143.6564986807388,8
672,Aravalli,2022-02-06,142.9984236842105,8
672,Aravalli,2022-02-07,143.07407506702413,8
672,Aravalli,2022-02-08,142.25232275132274,8
672,Aravalli,2022-02-09,143.36024739583334,9
672,Aravalli,2022-02-10,143.4013244680851,8
672,Aravalli,2022-02-11,143.21753631284915,8
672,Aravalli,2022-02-12,142.0284382566586,9
672,Aravalli,2022-02-13,141.95337089201877,9
672,Aravalli,2022-02-14,142.03131860465115,9
672,Aravalli,2022-02-15,141.92644835680753,9
672,Aravalli,2022-02-16,141.6125825471698,9
672,Aravalli,2022-02-17,141.94341387559808,9
672,Aravalli,2022-02-18,141.60883333333334,9
672,Aravalli,2022-02-19,141.65132941176472,9
672,Aravalli,2022-02-20,141.79755035128804,9
672,Aravalli,2022-02-21,141.41631235431234,9
672,Aravalli,2022-02-22,141.6516524822695,9
672,Aravalli,2022-02-23,142.05699049881235,9
672,Aravalli,2022-02-24,141.25014355231144,9
672,Aravalli,2022-02-25,141.6802494004796,9
672,Aravalli,2022-02-26,140.72836202531647,9
672,Aravalli,2022-02-27,140.84866419753087,9
672,Aravalli,2022-02-28,141.81175425790755,9
672,Aravalli,2022-03-01,141.2289536585366,9
672,Aravalli,2022-03-02,141.1460843373494,9
672,Aravalli,2022-03-03,141.61800250626567,9
672,Aravalli,2022-03-04,140.61704785894207,9
672,Aravalli,2022-03-05,141.3962797029703,9
672,Aravalli,2022-03-06,141.45563414634145,9
672,Aravalli,2022-03-07,141.79020199501247,9
672,Aravalli,2022-03-08,143.44443414634148,9
672,Aravalli,2022-03-09,141.4460792079208,9
672,Aravalli,2022-03-10,141.47324547803618,9
672,Aravalli,2022-03-11,141.48121749408983,9
672,Aravalli,2022-03-12,141.0742987654321,9
672,Aravalli,2022-03-13,141.45022962962963,9
672,Aravalli,2022-03-14,142.67715656565656,9
672,Aravalli,2022-03-15,141.28834375,9
672,Aravalli,2022-03-16,140.48831210191082,9
672,Aravalli,2022-03-17,142.34509702970297,9
672,Aravalli,2022-03-18,141.420859344894,9
672,Aravalli,2022-03-19,141.85939805825242,9
672,Aravalli,2022-03-20,141.70566078431372,9
672,Aravalli,2022-03-21,142.563794,9
672,Aravalli,2022-03-22,141.75872291666667,9
672,Aravalli,2022-03-23,141.39275350701402,9
672,Aravalli,2022-03-24,141.911248,9
672,Aravalli,2022-03-25,145.24658512720157,9
672,Aravalli,2022-03-26,146.05031775700934,9
672,Aravalli,2022-03-27,145.07861231884058,9
672,Aravalli,2022-03-28,145.62188129496403,9
672,Aravalli,2022-03-29,145.9269981617647,9
672,Aravalli,2022-03-30,145.28548928571428,9
672,Aravalli,2022-03-31,145.51087432675044,9
672,Aravalli,2022-04-01,144.0121443089431,9
672,Aravalli,2022-04-02,143.89581557377048,9
672,Aravalli,2022-04-03,144.1682731182796,9
672,Aravalli,2022-04-04,141.0995975609756,9
672,Aravalli,2022-04-05,140.88162352941177,9
672,Aravalli,2022-04-06,141.1501066350711,9
672,Aravalli,2022-04-07,140.6961585365854,9
672,Aravalli,2022-04-08,140.89380851063828,9
672,Aravalli,2022-04-09,141.3115181598063,9
672,Aravalli,2022-04-10,140.5121626297578,9
672,Aravalli,2022-04-11,141.44719398907105,9
672,Aravalli,2022-04-12,140.86444711538462,9
672,Aravalli,2022-04-13,141.24651798561152,9
672,Aravalli,2022-04-14,140.45627536231885,9
672,Aravalli,2022-04-15,141.05635560859187,9
672,Aravalli,2022-04-16,143.36503883495146,9
672,Aravalli,2022-04-17,141.17091252955083,9
672,Aravalli,2022-04-18,142.34470616113745,9
672,Aravalli,2022-04-19,140.67430843373495,9
672,Aravalli,2022-04-20,139.91079156327544,9
672,Aravalli,2022-04-21,140.2984076738609,9
672,Aravalli,2022-04-22,141.45920098039215,9
672,Aravalli,2022-04-23,140.39790932642487,9
672,Aravalli,2022-04-24,139.0393598901099,9
672,Aravalli,2022-04-25,140.63438442822385,9
672,Aravalli,2022-04-26,140.5173564102564,9
672,Aravalli,2022-04-27,139.4928811369509,9
672,Aravalli,2022-04-28,139.29605899705015,9
672,Aravalli,2022-04-29,134.55733333333333,9
672,Aravalli,2022-04-30,134.4254701986755,9
672,Aravalli,2022-05-01,134.95092465753424,9
672,Aravalli,2022-05-02,135.62750694444446,9
672,Aravalli,2022-05-03,116.05055737704917,9
672,Aravalli,2022-05-04,132.41078676470588,9
672,Aravalli,2022-05-05,131.6371785714286,9
672,Aravalli,2022-05-06,135.80104830917875,9
672,Aravalli,2022-05-07,136.36244594594595,9
672,Aravalli,2022-05-08,132.76468145161292,9
672,Aravalli,2022-05-09,137.23681782945738,9
672,Aravalli,2022-05-10,138.37059683794465,9
672,Aravalli,2022-05-11,137.32547410358566,9
672,Aravalli,2022-05-12,140.3352802768166,9
672,Aravalli,2022-05-13,141.12157878787878,9
672,Aravalli,2022-05-14,141.93604469273743,9
672,Aravalli,2022-05-15,139.75338392857142,9
672,Aravalli,2022-05-16,136.99035928143712,9
672,Aravalli,2022-05-17,137.55537919463086,9
672,Aravalli,2022-05-18,139.15619855595668,9
672,Aravalli,2022-05-19,135.3252162162162,9
672,Aravalli,2022-05-20,139.1895590277778,9
672,Aravalli,2022-05-21,139.08534200743495,9
672,Aravalli,2022-05-22,140.00739249146756,9
672,Aravalli,2022-05-23,137.3304342629482,9
672,Aravalli,2022-05-24,129.5828185840708,9
672,Aravalli,2022-05-25,131.75557711442787,9
672,Aravalli,2022-05-26,128.13476855895198,9
672,Aravalli,2022-05-27,125.80655670103094,9
672,Aravalli,2022-05-28,130.35343697478993,9
672,Aravalli,2022-05-29,139.69122570532917,9
672,Aravalli,2022-05-30,137.05858333333333,9
672,Aravalli,2022-05-31,134.71627935222673,9
672,Aravalli,2022-06-01,139.02599999999998,9
672,Aravalli,2022-06-02,137.05655963302752,9
672,Aravalli,2022-06-03,140.01315884476534,9
672,Aravalli,2022-06-04,137.45238283828382,9
672,Aravalli,2022-06-05,138.74875539568347,9
672,Aravalli,2022-06-06,138.50107382550337,9
672,Aravalli,2022-06-07,140.9115357142857,9
672,Aravalli,2022-06-08,141.63037912087913,9
672,Aravalli,2022-06-09,140.24293617021277,9
672,Aravalli,2022-06-10,141.73980508474574,9
672,Aravalli,2022-06-11,140.39493424657533,9
672,Aravalli,2022-06-12,139.4261616541353,9
672,Aravalli,2022-06-13,140.23129629629628,9
672,Aravalli,2022-06-14,139.65918631178707,9
672,Aravalli,2022-06-15,140.014765625,9
672,Aravalli,2022-06-16,140.30453153153152,9
672,Aravalli,2022-06-17,140.6253023952096,9
672,Aravalli,2022-06-18,140.06792520775625,9
672,Aravalli,2022-06-19,139.90527167630057,9
672,Aravalli,2022-06-20,140.00237859007834,9
672,Aravalli,2022-06-21,140.83721186440678,9
672,Aravalli,2022-06-22,141.50381325301205,9
672,Aravalli,2022-06-23,140.53042318059298,9
672,Aravalli,2022-06-24,140.7468047337278,9
672,Aravalli,2022-06-25,139.79204558404558,9
672,Aravalli,2022-06-26,141.51283667621777,9
672,Aravalli,2022-06-27,139.63274218749999,9
672,Aravalli,2022-06-28,140.31607258064517,9
672,Aravalli,2022-06-29,139.9196,9
672,Aravalli,2022-06-30,138.92655840455842,9
672,Aravalli,2022-07-01,140.2827847769029,9
672,Aravalli,2022-07-02,140.39703878116342,9
672,Aravalli,2022-07-03,139.82727138643068,9
672,Aravalli,2022-07-04,139.86438918918918,9
672,Aravalli,2022-07-05,140.25353651685393,9
672,Aravalli,2022-07-06,141.1364502617801,9
672,Aravalli,2022-07-07,140.95960571428571,9
672,Aravalli,2022-07-08,140.5894479768786,9
672,Aravalli,2022-07-09,140.35845528455283,9
672,Aravalli,2022-07-10,141.83039830508474,9
672,Aravalli,2022-07-11,143.1911346704871,9
672,Aravalli,2022-07-12,146.18930110497237,9
672,Aravalli,2022-07-13,143.52682984293196,9
672,Aravalli,2022-07-14,142.93774566473988,9
672,Aravalli,2022-07-15,140.37696373056994,9
672,Aravalli,2022-07-16,141.87333692722373,9
672,Aravalli,2022-07-17,142.99516315789475,9
672,Aravalli,2022-07-18,141.25275388601037,9
672,Aravalli,2022-07-19,143.3099756097561,9
672,Aravalli,2022-07-20,141.6686135770235,9
672,Aravalli,2022-07-21,145.00149681528663,9
672,Aravalli,2022-07-22,142.21637971014493,9
672,Aravalli,2022-07-23,141.80110588235294,9
672,Aravalli,2022-07-24,142.3253962264151,9
672,Aravalli,2022-07-25,144.88064166666666,9
672,Aravalli,2022-07-26,143.64535755813952,9
672,Aravalli,2022-07-27,143.86115616438357,9
672,Aravalli,2022-07-28,142.1033781512605,9
672,Aravalli,2022-07-29,141.7637487684729,9
672,Aravalli,2022-07-30,142.0403935309973,9
672,Aravalli,2022-07-31,142.4604613402062,9
672,Aravalli,2022-08-01,142.02307731958763,9
672,Aravalli,2022-08-02,142.39481818181818,9
672,Aravalli,2022-08-03,142.93200550964187,9
672,Aravalli,2022-08-04,142.36640947075207,9
672,Aravalli,2022-08-05,142.03615815085158,9
672,Aravalli,2022-08-06,141.51019794344472,9
672,Aravalli,2022-08-07,142.3023033419023,9
672,Aravalli,2022-08-08,142.00345595854924,9
672,Aravalli,2022-08-09,143.52668512110728,9
672,Aravalli,2022-08-10,141.03201547987615,9
672,Aravalli,2022-08-11,141.77111170212766,9
672,Aravalli,2022-08-12,141.64832010582012,9
672,Aravalli,2022-08-13,143.09480474934037,9
672,Aravalli,2022-08-14,142.4657880299252,9
672,Aravalli,2022-08-15,142.47262599469497,9
672,Aravalli,2022-08-16,141.96333618233618,9
672,Aravalli,2022-08-17,143.23262388059703,9
672,Aravalli,2022-08-18,143.27461904761904,9
672,Aravalli,2022-08-19,142.28310416666667,9
672,Aravalli,2022-08-20,142.84598786407767,9
672,Aravalli,2022-08-21,142.47313314447592,9
672,Aravalli,2022-08-22,143.77887373737374,9
672,Aravalli,2022-08-23,141.2047072368421,9
672,Aravalli,2022-08-24,144.1435277777778,9
672,Aravalli,2022-08-25,143.72193953488372,9
672,Aravalli,2022-08-26,144.42425943396225,9
672,Aravalli,2022-08-27,144.07407511737088,9
672,Aravalli,2022-08-28,143.8450513833992,9
672,Aravalli,2022-08-29,145.4732305084746,9
672,Aravalli,2022-08-30,143.500225,9
672,Aravalli,2022-08-31,142.428475,9
672,Aravalli,2022-09-01,143.37730708661417,9
672,Aravalli,2022-09-02,144.65830446927376,9
672,Aravalli,2022-09-03,142.78894764397904,9
672,Aravalli,2022-09-04,143.16352322738388,9
672,Aravalli,2022-09-05,142.23667005076143,9
672,Aravalli,2022-09-06,143.43665693430657,9
672,Aravalli,2022-09-07,143.77644029850745,9
672,Aravalli,2022-09-08,143.58297624703087,9
672,Aravalli,2022-09-09,143.0251809045226,9
672,Aravalli,2022-09-10,143.9357287735849,9
672,Aravalli,2022-09-11,143.76107476635514,9
672,Aravalli,2022-09-12,144.09509219858157,9
672,Aravalli,2022-09-13,143.99966028708133,9
672,Aravalli,2022-09-14,144.04713947990544,9
672,Aravalli,2022-09-15,144.27484725536993,9
672,Aravalli,2022-09-16,144.1313989218329,9
672,Aravalli,2022-09-17,143.93288372093022,9
672,Aravalli,2022-09-18,144.06424213836476,9
672,Aravalli,2022-09-19,143.4811856287425,9
672,Aravalli,2022-09-20,143.45734113712376,9
672,Aravalli,2022-09-21,143.5261958041958,9
672,Aravalli,2022-09-22,146.20565397923875,9
672,Aravalli,2022-09-23,142.1782843137255,9
672,Aravalli,2022-09-24,142.04704014598542,9
672,Aravalli,2022-09-25,143.0035980392157,9
672,Aravalli,2022-09-26,144.26747902097904,9
672,Aravalli,2022-09-27,143.26695918367346,9
672,Aravalli,2022-09-28,142.17111447811448,9
672,Aravalli,2022-09-29,142.54166964285716,9
672,Aravalli,2022-09-30,144.27916985645933,9
672,Aravalli,2022-10-01,144.0166737089202,9
672,Aravalli,2022-10-02,143.76398130841122,9
672,Aravalli,2022-10-03,143.3753529411765,9
672,Aravalli,2022-10-04,143.52458018867924,9
672,Aravalli,2022-10-05,143.71733802816902,9
672,Aravalli,2022-10-06,143.90054009433962,9
672,Aravalli,2022-10-07,143.64584397163122,9
672,Aravalli,2022-10-08,144.03806511627909,9
672,Aravalli,2022-10-09,143.81052325581396,9
672,Aravalli,2022-10-10,144.3888804347826,9
672,Aravalli,2022-10-11,144.4091719745223,9
672,Aravalli,2022-10-12,144.07040661938535,9
672,Aravalli,2022-10-13,143.67450966183574,9
672,Aravalli,2022-10-14,143.37283037974683,9
672,Aravalli,2022-10-15,143.30880676328502,9
672,Aravalli,2022-10-16,143.7287723004695,9
672,Aravalli,2022-10-17,143.52469523809523,9
672,Aravalli,2022-10-18,143.3658357348703,9
672,Aravalli,2022-10-19,143.19444278606966,9
672,Aravalli,2022-10-20,143.55828028503564,9
672,Aravalli,2022-10-21,143.7528110047847,9
672,Aravalli,2022-10-22,143.80253771289537,9
672,Aravalli,2022-10-23,143.60295774647886,9
672,Aravalli,2022-10-24,143.72015665796346,9
672,Aravalli,2022-10-25,144.4879715909091,9
672,Aravalli,2022-10-26,144.31188022284124,9
672,Aravalli,2022-10-27,143.5202429245283,9
672,Aravalli,2022-10-28,144.00615865384614,9
672,Aravalli,2022-10-29,143.55821502590672,9
672,Aravalli,2022-10-30,143.21011538461536,9
672,Aravalli,2022-10-31,141.3670321637427,9
672,Aravalli,2022-11-01,143.7439645390071,9
672,Aravalli,2022-11-02,143.81022302158271,9
672,Aravalli,2022-11-03,143.3461132596685,9
672,Aravalli,2022-11-04,143.21928295819936,9
672,Aravalli,2022-11-05,143.53444444444446,9
672,Aravalli,2022-11-06,141.25643272727274,9
672,Aravalli,2022-11-07,142.6073103448276,9
672,Aravalli,2022-11-08,143.48043731778426,9
672,Aravalli,2022-11-09,142.702006006006,9
672,Aravalli,2022-11-10,143.18012398921834,9
672,Aravalli,2022-11-11,143.3563,9
672,Aravalli,2022-11-12,143.415264781491,9
672,Aravalli,2022-11-13,142.7316707317073,9
672,Aravalli,2022-11-14,143.42661124694376,9
672,Aravalli,2022-11-15,142.68628912466843,9
672,Aravalli,2022-11-16,142.47415950920245,9
672,Aravalli,2022-11-17,142.91189130434782,9
672,Aravalli,2022-11-18,142.71415363881403,9
672,Aravalli,2022-11-19,143.2022665036675,9
672,Aravalli,2022-11-20,143.05475603864735,9
672,Aravalli,2022-11-21,143.08510791366905,9
672,Aravalli,2022-11-22,142.85933866666667,9
672,Aravalli,2022-11-23,143.96539436619716,9
672,Aravalli,2022-11-24,143.09761455525606,9
672,Aravalli,2022-11-25,143.42496046511627,9
672,Aravalli,2022-11-26,143.37915654205608,9
672,Aravalli,2022-11-27,143.53245920745923,9
672,Aravalli,2022-11-28,143.80988983050847,9
672,Aravalli,2022-11-29,143.38967474048442,9
672,Aravalli,2022-11-30,141.82843,9
672,Aravalli,2022-12-01,145.24014049586776,9
672,Aravalli,2022-12-02,143.85708280254775,9
672,Aravalli,2022-12-03,142.69823602484473,9
672,Aravalli,2022-12-04,143.44891203703705,9
672,Aravalli,2022-12-05,143.21576519337017,9
672,Aravalli,2022-12-06,143.21712499999998,9
672,Aravalli,2022-12-07,143.34963057324842,9
672,Aravalli,2022-12-08,143.80894339622643,9
672,Aravalli,2022-12-09,143.57047967479673,9
672,Aravalli,2022-12-10,143.30515566037735,9
672,Aravalli,2022-12-11,143.8113565891473,9
672,Aravalli,2022-12-12,143.0407661097852,9
672,Aravalli,2022-12-13,143.16535476190475,9
672,Aravalli,2022-12-14,143.18833827160495,9
672,Aravalli,2022-12-15,143.06404914004915,9
672,Aravalli,2022-12-16,143.15527218934912,9
672,Aravalli,2022-12-17,143.2874953846154,9
672,Aravalli,2022-12-18,143.3522908366534,9
672,Aravalli,2022-12-19,143.25635675675676,9
672,Aravalli,2022-12-20,133.62909420289856,9
672,Aravalli,2022-12-21,132.34860933660934,9
672,Aravalli,2022-12-22,131.29183646112602,9
672,Aravalli,2022-12-23,131.8501056701031,9
672,Aravalli,2022-12-24,129.15913125,9
672,Aravalli,2022-12-25,130.6229335106383,9
672,Aravalli,2022-12-26,129.9398672086721,9
672,Aravalli,2022-12-27,131.55652815013406,9
672,Aravalli,2022-12-28,139.6967687296417,9
672,Aravalli,2022-12-29,143.23295675675678,9
672,Aravalli,2022-12-30,143.03441888619855,9
672,Aravalli,2022-12-31,143.31314249363868,9
672,Aravalli,2023-01-01,142.81753155339806,9
672,Aravalli,2023-01-02,143.38490857142858,9
672,Aravalli,2023-01-03,142.9938111111111,9
672,Aravalli,2023-01-04,143.58741333333333,9
672,Aravalli,2023-01-05,143.04215909090908,9
672,Aravalli,2023-01-06,143.5041670951157,9
672,Aravalli,2023-01-07,143.2969466292135,9
672,Aravalli,2023-01-08,143.10922252747253,9
672,Aravalli,2023-01-09,142.95491438356163,9
672,Aravalli,2023-01-10,142.41312841530055,9
672,Aravalli,2023-01-11,142.64731658291456,9
672,Aravalli,2023-01-12,142.7911168091168,9
672,Aravalli,2023-01-13,143.47953887399464,9
672,Aravalli,2023-01-14,143.42530699088147,9
672,Aravalli,2023-01-15,142.95052662721892,9
672,Aravalli,2023-01-16,142.68686971830985,9
672,Aravalli,2023-01-17,143.2645795148248,9
672,Aravalli,2023-01-18,142.59486802030457,9
672,Aravalli,2023-01-19,142.81925555555557,9
672,Aravalli,2023-01-20,142.43303187250996,9
672,Aravalli,2023-01-21,143.10939351851852,9
672,Aravalli,2023-01-22,141.7624724919094,9
672,Aravalli,2023-01-23,142.94294594594592,9
672,Aravalli,2023-01-24,142.97870476190477,9
672,Aravalli,2023-01-25,142.62175318066159,9
672,Aravalli,2023-01-26,142.80669230769232,9
672,Aravalli,2023-01-27,142.83573444976076,9
672,Aravalli,2023-01-28,142.98179800498752,9
672,Aravalli,2023-01-29,143.12706756756756,9
672,Aravalli,2023-01-30,143.13354574132492,9
672,Aravalli,2023-01-31,143.21123262032086,9
672,Aravalli,2023-02-01,142.99594089834517,9
672,Aravalli,2023-02-02,143.05258684210526,9
672,Aravalli,2023-02-03,142.90681647058824,9
672,Aravalli,2023-02-04,142.2301658031088,9
672,Aravalli,2023-02-05,142.97344158878505,9
672,Aravalli,2023-02-06,143.13394988066827,9
672,Aravalli,2023-02-07,142.92074634146343,9
672,Aravalli,2023-02-08,142.66487745098038,9
672,Aravalli,2023-02-09,142.74283977900552,9
672,Aravalli,2023-02-10,142.85880952380953,9
672,Aravalli,2023-02-11,143.3527605633803,9
672,Aravalli,2023-02-12,141.86648948948948,9
672,Aravalli,2023-02-13,142.40938106796116,9
672,Aravalli,2023-02-14,143.25935260115605,9
672,Aravalli,2023-02-15,142.945918699187,9
672,Aravalli,2023-02-16,142.36107547169811,9
672,Aravalli,2023-02-17,142.5255081300813,9
672,Aravalli,2023-02-18,143.0271231884058,9
672,Aravalli,2023-02-19,142.71601234567902,9
672,Aravalli,2023-02-20,142.35962378640778,9
672,Aravalli,2023-02-21,142.76557590361446,9
672,Aravalli,2023-02-22,142.7735905882353,9
672,Aravalli,2023-02-23,142.48057074340528,9
672,Aravalli,2023-02-24,142.8404503631961,9
672,Aravalli,2023-02-25,143.02436856368564,9
672,Aravalli,2023-02-26,142.63667592592594,9
672,Aravalli,2023-02-27,142.93133215547704,9
672,Aravalli,2023-02-28,141.88205042016807,9
672,Aravalli,2023-03-01,142.0857534626039,9
672,Aravalli,2023-03-02,142.26288009592326,9
672,Aravalli,2023-03-03,142.222195599022,9
672,Aravalli,2023-03-04,142.23213691931542,9
672,Aravalli,2023-03-05,142.11796402877698,9
672,Aravalli,2023-03-06,143.06675590551183,9
672,Aravalli,2023-03-07,142.47048787061993,9
672,Aravalli,2023-03-08,142.4555,9
672,Aravalli,2023-03-09,141.62434308510637,9
672,Aravalli,2023-03-10,142.7729331395349,9
672,Aravalli,2023-03-11,141.3879820051414,9
672,Aravalli,2023-03-12,142.38985995085994,9
672,Aravalli,2023-03-13,142.22599453551913,9
672,Aravalli,2023-03-14,142.96796938775512,9
672,Aravalli,2023-03-15,142.7759421686747,9
672,Aravalli,2023-03-16,142.6959014778325,9
672,Aravalli,2023-03-17,142.5253212435233,9
672,Aravalli,2023-03-18,142.59087037037037,9
672,Aravalli,2023-03-19,144.41079577464788,7
672,Aravalli,2023-03-20,142.32419330855018,9
672,Aravalli,2023-03-21,143.41379781420764,9
672,Aravalli,2023-03-22,142.70083213429257,9
672,Aravalli,2023-03-23,143.01044852941178,9
672,Aravalli,2023-03-24,142.57785372340425,9
672,Aravalli,2023-03-25,143.09774218750002,9
672,Aravalli,2023-03-26,142.6035352480418,9
672,Aravalli,2023-03-27,142.2086923076923,9
672,Aravalli,2023-03-28,142.44612398921834,9
672,Aravalli,2023-03-29,142.8242804232804,9
672,Aravalli,2023-03-30,142.41955,9
672,Aravalli,2023-03-31,142.27364759036146,9
672,Aravalli,2023-04-01,142.97383510638298,9
672,Aravalli,2023-04-02,142.2989188544153,9
672,Aravalli,2023-04-03,142.89468475452196,9
672,Aravalli,2023-04-04,142.52791743119266,9
672,Aravalli,2023-04-05,142.39703076923078,9
672,Aravalli,2023-04-06,142.6566617647059,9
672,Aravalli,2023-04-07,142.63336734693877,9
672,Aravalli,2023-04-08,142.10831565656568,9
672,Aravalli,2023-04-09,142.6812640186916,9
672,Aravalli,2023-04-10,143.04339304812834,9
672,Aravalli,2023-04-11,142.3847676240209,9
672,Aravalli,2023-04-12,142.6966788321168,9
672,Aravalli,2023-04-13,140.7146038251366,9
672,Aravalli,2023-04-14,142.30134102564102,9
672,Aravalli,2023-04-15,141.8948111111111,9
672,Aravalli,2023-04-16,142.70979204892967,9
672,Aravalli,2023-04-17,141.77181117021277,9
672,Aravalli,2023-04-18,141.90126010101008,9
672,Aravalli,2023-04-19,141.93092783505153,9
672,Aravalli,2023-04-20,144.65072944297083,9
672,Aravalli,2023-04-21,143.94515339233038,9
672,Aravalli,2023-04-22,142.1233170731707,9
672,Aravalli,2023-04-23,142.92384115523467,9
672,Aravalli,2023-04-24,142.01280693069307,9
672,Aravalli,2023-04-25,142.0626421319797,9
672,Aravalli,2023-04-26,141.35684916201117,9
672,Aravalli,2023-04-27,142.1146705882353,9
672,Aravalli,2023-04-28,141.65222676579927,9
672,Aravalli,2023-04-29,142.19930241935486,9
672,Aravalli,2023-04-30,141.42514647887324,9
672,Aravalli,2023-05-01,141.35104668304666,9
672,Aravalli,2023-05-02,142.25276271186442,9
672,Aravalli,2023-05-03,142.12923529411765,9
672,Aravalli,2023-05-04,141.6153978201635,9
672,Aravalli,2023-05-05,142.6544842105263,9
672,Aravalli,2023-05-06,142.28419083969465,9
672,Aravalli,2023-05-07,141.88214114832536,9
672,Aravalli,2023-05-08,142.44727067669174,9
672,Aravalli,2023-05-09,141.81456109725687,9
672,Aravalli,2023-05-10,142.56018045112782,9
672,Aravalli,2023-05-11,141.3885404040404,9
672,Aravalli,2023-05-12,142.6046386768448,9
672,Aravalli,2023-05-13,141.10333812949642,9
672,Aravalli,2023-05-14,141.72376948051948,9
672,Aravalli,2023-05-15,141.73931666666667,9
672,Aravalli,2023-05-16,141.62799680511182,9
672,Aravalli,2023-05-17,142.84049763033175,9
672,Aravalli,2023-05-18,141.203125,9
672,Aravalli,2023-05-19,142.41674901960783,9
672,Aravalli,2023-05-20,142.24439097744363,9
672,Aravalli,2023-05-21,141.72126007326008,9
672,Aravalli,2023-05-22,140.78028235294119,9
672,Aravalli,2023-05-23,141.6929052924791,9
672,Aravalli,2023-05-24,142.11781879194632,9
672,Aravalli,2023-05-25,142.06607142857143,9
672,Aravalli,2023-05-26,140.87859589041096,9
672,Aravalli,2023-05-27,141.16195498392284,9
672,Aravalli,2023-05-28,142.64595918367348,3
672,Aravalli,2023-05-29,140.1940829015544,9
672,Aravalli,2023-05-30,142.02863896848137,9
672,Aravalli,2023-05-31,141.65005555555555,9
672,Aravalli,2023-06-01,140.89792987804879,9
672,Aravalli,2023-06-02,141.60429166666665,9
672,Aravalli,2023-06-03,141.51532075471698,9
672,Aravalli,2023-06-04,141.87092235294116,9
672,Aravalli,2023-06-05,141.77319021739132,9
672,Aravalli,2023-06-06,141.4189179331307,9
672,Aravalli,2023-06-07,141.45208983451536,9
672,Aravalli,2023-06-08,142.27383538083538,9
672,Aravalli,2023-06-09,142.71114772727273,9
672,Aravalli,2023-06-10,142.73964756446992,9
672,Aravalli,2023-06-11,142.97388372093022,9
672,Aravalli,2023-06-12,143.79801176470588,9
672,Aravalli,2023-06-13,144.66426196473552,9
672,Aravalli,2023-06-14,144.35528482972134,9
672,Aravalli,2023-06-15,145.34018497109827,9
672,Aravalli,2023-06-16,144.9854175824176,8
672,Aravalli,2023-06-17,148.12619745222932,8
672,Aravalli,2023-06-18,140.96033333333332,2
672,Aravalli,2023-06-19,147.29285792349728,8
672,Aravalli,2023-06-20,144.99709025270758,9
672,Aravalli,2023-06-21,142.83845041322314,9
672,Aravalli,2023-06-22,144.7271196013289,9
672,Aravalli,2023-06-23,144.80137699680512,9
672,Aravalli,2023-06-24,147.1151935483871,9
672,Aravalli,2023-06-25,145.89759366754618,9
672,Aravalli,2023-06-26,147.14634190231362,9
672,Aravalli,2023-06-27,142.13242475728157,9
672,Aravalli,2023-06-28,142.35464320388348,9
672,Aravalli,2023-06-29,142.83316306954436,9
672,Aravalli,2023-06-30,143.12033834586467,9
672,Aravalli,2023-07-01,143.04817961165048,9
672,Aravalli,2023-07-02,142.83349635036498,9
672,Aravalli,2023-07-03,142.48626150121066,9
672,Aravalli,2023-07-04,142.46517156862745,9
672,Aravalli,2023-07-05,144.10175,9
672,Aravalli,2023-07-06,143.05642579075425,9
672,Aravalli,2023-07-07,142.8784014423077,9
672,Aravalli,2023-07-08,143.02319032258063,9
672,Aravalli,2023-07-09,141.8522465116279,9
672,Aravalli,2023-07-10,141.87235785953177,9
672,Aravalli,2023-07-11,142.34091798107258,9
672,Aravalli,2023-07-12,141.46393575418995,9
672,Aravalli,2023-07-13,142.88674871794873,9
672,Aravalli,2023-07-14,143.21374183006535,9
672,Aravalli,2023-07-15,142.11660270270272,9
672,Aravalli,2023-07-16,141.56576674937966,9
672,Aravalli,2023-07-17,141.7199725609756,9
672,Aravalli,2023-07-18,142.33471875,9
672,Aravalli,2023-07-19,142.75102545454544,9
672,Aravalli,2023-07-20,141.97190333333336,9
672,Aravalli,2023-07-21,142.08819335347434,9
672,Aravalli,2023-07-22,142.22225641025642,9
672,Aravalli,2023-07-23,142.27406775067752,9
672,Aravalli,2023-07-24,142.1275704057279,9
672,Aravalli,2023-07-25,142.2747902097902,9
672,Aravalli,2023-07-26,142.43863275434242,9
672,Aravalli,2023-07-27,142.21850351288057,9
672,Aravalli,2023-07-28,142.37822562674094,9
672,Aravalli,2023-07-29,142.0244373088685,9
672,Aravalli,2023-07-30,142.266763803681,9
672,Aravalli,2023-07-31,141.66903867403315,9
672,Aravalli,2023-08-01,140.70814786967418,9
672,Aravalli,2023-08-02,140.92121662468514,9
672,Aravalli,2023-08-03,141.7623117505995,9
672,Aravalli,2023-08-04,142.76347076923076,9
672,Aravalli,2023-08-05,143.637578125,9
672,Aravalli,2023-08-06,145.8146219178082,9
672,Aravalli,2023-08-07,144.03008074534162,9
672,Aravalli,2023-08-08,142.53692631578946,9
672,Aravalli,2023-08-09,142.53425222551928,9
672,Aravalli,2023-08-10,140.59946531791908,9
672,Aravalli,2023-08-11,141.35831845238096,9
672,Aravalli,2023-08-12,143.1166530612245,9
672,Aravalli,2023-08-13,144.8641910669975,9
672,Aravalli,2023-08-14,141.1358625,9
672,Aravalli,2023-08-15,141.18555699481865,9
672,Aravalli,2023-08-16,142.35827093596058,9
672,Aravalli,2023-08-17,142.62235751295339,9
672,Aravalli,2023-08-18,140.1923708791209,9
672,Aravalli,2023-08-19,138.08624216524217,9
672,Aravalli,2023-08-20,138.23795238095238,9
672,Aravalli,2023-08-21,138.16454491017964,9
672,Aravalli,2023-08-22,141.0350857142857,9
672,Aravalli,2023-08-23,141.94164720812182,9
672,Aravalli,2023-08-24,142.35279679144384,9
672,Aravalli,2023-08-25,143.20188944723617,9
672,Aravalli,2023-08-26,142.8017492877493,9
672,Aravalli,2023-08-27,143.08046601941749,9
672,Aravalli,2023-08-28,142.44352459016395,8
672,Aravalli,2023-08-29,143.59804868913855,8
672,Aravalli,2023-08-30,143.11401013513515,8
672,Aravalli,2023-08-31,143.77451242236023,8
672,Aravalli,2023-09-01,145.1469236111111,9
672,Aravalli,2023-09-02,138.52411666666666,9
672,Aravalli,2023-09-03,134.46886315789473,8
672,Aravalli,2023-09-04,148.40938197424893,9
672,Aravalli,2023-09-05,162.56611290322581,9
672,Aravalli,2023-09-06,160.28197694524496,9
672,Aravalli,2023-09-07,159.42117341040463,9
672,Aravalli,2023-09-08,173.16420771513353,9
672,Aravalli,2023-09-09,180.29580115273777,9
672,Aravalli,2023-09-10,148.0115652173913,9
672,Aravalli,2023-09-11,134.61999041533548,9
672,Aravalli,2023-09-12,150.63711074918567,9
672,Aravalli,2023-09-13,151.17719148936172,9
672,Aravalli,2023-09-14,154.71145756457565,9
672,Aravalli,2023-09-15,153.23163356164383,9
672,Aravalli,2023-09-16,168.2421551724138,9
672,Aravalli,2023-09-17,152.889149825784,9
672,Aravalli,2023-09-18,157.3661246290801,9
672,Aravalli,2023-09-19,154.66754716981131,9
672,Aravalli,2023-09-20,167.81306333333333,9
672,Aravalli,2023-09-21,151.40503765690377,9
672,Aravalli,2023-09-22,172.1694363057325,9
672,Aravalli,2023-09-23,180.99972479564033,9
672,Aravalli,2023-09-24,187.51771733333334,9
672,Aravalli,2023-09-25,159.41460638297872,9
672,Aravalli,2023-09-26,175.20119086021506,9
672,Aravalli,2023-09-27,166.06465229885058,9
672,Aravalli,2023-09-28,145.8420189189189,9
672,Aravalli,2023-09-29,147.27475824175824,9
672,Aravalli,2023-09-30,186.75894459833796,9
672,Aravalli,2023-10-01,190.45165300546446,9
672,Aravalli,2023-10-02,179.25947012987012,9
672,Aravalli,2023-10-03,200.02536647727274,9
672,Aravalli,2023-10-04,195.91847848101267,9
672,Aravalli,2023-10-05,192.22365809768635,9
672,Aravalli,2023-10-06,194.31957647058823,9
672,Aravalli,2023-10-07,189.4723853427896,9
672,Aravalli,2023-10-08,142.81478703703704,9
672,Aravalli,2023-10-09,153.49864736842105,9
672,Aravalli,2023-10-10,151.92878372093023,9
672,Aravalli,2023-10-11,159.23835431235432,9
672,Aravalli,2023-10-12,157.11597777777777,9
672,Aravalli,2023-10-13,157.36683246073298,9
672,Aravalli,2023-10-14,149.78731914893618,9
672,Aravalli,2023-10-15,154.2827160493827,9
672,Aravalli,2023-10-16,155.51526485148514,9
672,Aravalli,2023-10-17,150.58857389162563,9
672,Aravalli,2023-10-18,165.7485201005025,9
672,Aravalli,2023-10-19,155.1758875,9
672,Aravalli,2023-10-20,186.57723853211007,9
672,Aravalli,2023-10-21,160.8409617834395,9
672,Aravalli,2023-10-22,143.34164835164833,9
672,Aravalli,2023-10-23,144.14589285714285,9
672,Aravalli,2023-10-24,141.66309352517985,9
672,Aravalli,2023-10-25,142.89104838709676,9
672,Aravalli,2023-10-26,146.50627956989248,9
672,Aravalli,2023-10-27,145.87306933333332,9
672,Aravalli,2023-10-28,141.32800550964188,9
672,Aravalli,2023-10-29,142.0928184357542,9
672,Aravalli,2023-10-30,142.16953929539295,9
672,Aravalli,2023-10-31,142.98074123989218,9
672,Aravalli,2023-11-01,132.56474254742548,9
672,Aravalli,2023-11-02,136.8891717948718,9
672,Aravalli,2023-11-03,138.2104481865285,9
672,Aravalli,2023-11-04,136.5169434447301,9
672,Aravalli,2023-11-05,136.82703916449086,9
672,Aravalli,2023-11-06,141.81063492063493,9
672,Aravalli,2023-11-07,135.69582978723403,9
672,Aravalli,2023-11-08,139.70937634408602,9
672,Aravalli,2023-11-09,150.24943085106383,9
672,Aravalli,2023-11-10,138.84733780160857,9
672,Aravalli,2023-11-11,132.51284450402144,9
672,Aravalli,2023-11-12,148.2556641025641,9
672,Aravalli,2023-11-13,145.7416197530864,9
672,Aravalli,2023-11-14,143.81397755610973,9
672,Aravalli,2023-11-15,149.83643564356436,9
672,Aravalli,2023-11-16,149.97782258064515,9
672,Aravalli,2023-11-17,145.97315829145728,9
672,Aravalli,2023-11-18,139.0858101265823,9
672,Aravalli,2023-11-19,142.89832666666666,9
672,Aravalli,2023-11-20,142.5128096590909,9
672,Aravalli,2023-11-21,140.62903580562661,9
672,Aravalli,2023-11-22,139.1231164556962,9
672,Aravalli,2023-11-23,139.3290895522388,9
672,Aravalli,2023-11-24,145.2541596009975,9
672,Aravalli,2023-11-25,141.30801985111663,9
672,Aravalli,2023-11-26,148.11133990147783,9
672,Aravalli,2023-11-27,145.22624812030077,9
672,Aravalli,2023-11-28,141.30043324937026,9
672,Aravalli,2023-11-29,145.53550497512438,9
672,Aravalli,2023-11-30,175.57849004975125,9
672,Aravalli,2023-12-01,158.01247222222221,9
672,Aravalli,2023-12-02,140.4934314214464,9
672,Aravalli,2023-12-03,139.3471769041769,9
672,Aravalli,2023-12-04,139.6135924050633,9
672,Aravalli,2023-12-05,142.4661958224543,9
672,Aravalli,2023-12-06,134.47338372093023,9
672,Aravalli,2023-12-07,140.15982954545456,9
672,Aravalli,2023-12-08,138.74657389162562,9
672,Aravalli,2023-12-09,138.67036972704716,9
672,Aravalli,2023-12-10,135.32637965260545,9
672,Aravalli,2023-12-11,139.34621921182267,9
672,Aravalli,2023-12-12,142.45788613861384,9
672,Aravalli,2023-12-13,141.1321905940594,9
672,Aravalli,2023-12-14,138.71184444444444,9
672,Aravalli,2023-12-15,136.00118858560793,9
672,Aravalli,2023-12-16,141.6731089108911,9
672,Aravalli,2023-12-17,141.50454961832062,9
672,Aravalli,2023-12-18,141.99451366120218,9
672,Aravalli,2023-12-19,142.12802244389027,9
672,Aravalli,2023-12-20,149.2679785522788,9
672,Aravalli,2023-12-21,136.85294858611826,9
672,Aravalli,2023-12-22,143.72753904282115,9
672,Aravalli,2023-12-23,143.89158310626703,9
672,Aravalli,2023-12-24,142.49188154269973,9
672,Aravalli,2023-12-25,143.53352227722772,9
672,Aravalli,2023-12-26,146.56239759036143,9
672,Aravalli,2023-12-27,159.0346558139535,9
672,Aravalli,2023-12-28,165.6407242206235,9
672,Aravalli,2023-12-29,152.50575066312996,9
672,Aravalli,2023-12-30,162.4037688442211,9
672,Aravalli,2023-12-31,211.6136863207547,9
672,Aravalli,2024-01-01,158.43264532019705,9
672,Aravalli,2024-01-02,145.83162390670554,9
672,Aravalli,2024-01-03,145.18069209039547,9
672,Aravalli,2024-01-04,140.3342938271605,9
672,Aravalli,2024-01-05,151.42213022113023,9
672,Aravalli,2024-01-06,143.14002586206897,9
672,Aravalli,2024-01-07,138.76178260869565,9
672,Aravalli,2024-01-08,147.96542925659472,9
672,Aravalli,2024-01-09,151.21959134615383,9
672,Aravalli,2024-01-10,149.9489681372549,9
672,Aravalli,2024-01-11,145.66016911764706,9
672,Aravalli,2024-01-12,156.05002823529412,9
672,Aravalli,2024-01-13,157.2199780487805,9
672,Aravalli,2024-01-14,148.24783783783784,9
672,Aravalli,2024-01-15,139.78987999999998,9
672,Aravalli,2024-01-16,137.13150511945395,9
672,Aravalli,2024-01-17,145.43015802469137,9
672,Aravalli,2024-01-18,143.2102331002331,9
672,Aravalli,2024-01-19,148.26713720930232,9
672,Aravalli,2024-01-20,142.83331235431237,9
672,Aravalli,2024-01-21,145.85852693208432,9
672,Aravalli,2024-01-22,140.15428037383177,9
672,Aravalli,2024-01-23,156.21629973474802,9
672,Aravalli,2024-01-24,143.00487410926365,9
672,Aravalli,2024-01-25,148.38327684964202,9
672,Aravalli,2024-01-26,145.1551092436975,9
672,Aravalli,2024-01-27,145.02833423913043,9
672,Aravalli,2024-01-28,148.47848,9
672,Aravalli,2024-01-29,137.5167521613833,9
672,Aravalli,2024-01-30,143.2823915492958,9
672,Aravalli,2024-01-31,156.60037376237625,9
672,Aravalli,2024-02-01,143.17267546174142,9
672,Aravalli,2024-02-02,147.23207142857143,9
672,Aravalli,2024-02-03,154.26658095238096,9
672,Aravalli,2024-02-04,150.22642995169082,9
672,Aravalli,2024-02-05,146.2729734939759,9
672,Aravalli,2024-02-06,148.3536864608076,9
672,Aravalli,2024-02-07,152.6099512820513,9
672,Aravalli,2024-02-08,147.2484986522911,9
672,Aravalli,2024-02-09,153.73307772020726,9
672,Aravalli,2024-02-10,143.95814452214452,9
672,Aravalli,2024-02-11,152.07707547169812,9
672,Aravalli,2024-02-12,174.5494200477327,9
672,Aravalli,2024-02-13,168.10161647058825,9
672,Aravalli,2024-02-14,165.79072065727698,9
672,Aravalli,2024-02-15,173.40742757009346,9
672,Aravalli,2024-02-16,182.7155734597156,9
672,Aravalli,2024-02-17,164.49437704918034,9
672,Aravalli,2024-02-18,160.2229388235294,9
672,Aravalli,2024-02-19,162.67972663551402,9
672,Aravalli,2024-02-20,162.0395268065268,9
672,Aravalli,2024-02-21,163.2201007025761,9
672,Aravalli,2024-02-22,143.82680201342282,9
672,Aravalli,2024-02-23,160.54572295514512,9
672,Aravalli,2024-02-24,148.0667242990654,9
672,Aravalli,2024-02-25,148.70124349881795,9
672,Aravalli,2024-02-26,149.80821463414634,9
672,Aravalli,2024-02-27,145.34576794258373,9
672,Aravalli,2024-02-28,146.14049530516434,9
672,Aravalli,2024-02-29,197.98349417249415,9
672,Aravalli,2024-03-01,168.15860470588237,9
672,Aravalli,2024-03-02,148.327463356974,9
672,Aravalli,2024-03-03,154.17609478672986,9
672,Aravalli,2024-03-04,147.91836602870814,9
672,Aravalli,2024-03-05,152.58777176470588,9
672,Aravalli,2024-03-06,148.32982242990653,9
672,Aravalli,2024-03-07,145.0229976744186,9
672,Aravalli,2024-03-08,148.49567757009345,9
672,Aravalli,2024-03-09,145.70978139534884,9
672,Aravalli,2024-03-10,152.24005275779376,9
672,Aravalli,2024-03-11,146.27363120567375,9
672,Aravalli,2024-03-12,150.84745498783454,9
672,Aravalli,2024-03-13,148.71882284382284,9
672,Aravalli,2024-03-14,150.27933096926714,9
672,Aravalli,2024-03-15,145.82260849056604,9
672,Aravalli,2024-03-16,147.43984186046512,9
672,Aravalli,2024-03-17,148.32183451536642,9
672,Aravalli,2024-03-18,145.72893317422435,9
672,Aravalli,2024-03-19,174.66052083333332,9
672,Aravalli,2024-03-20,166.33472558139536,9
672,Aravalli,2024-03-21,148.3504588235294,9
672,Aravalli,2024-03-22,189.97168563685636,9
672,Aravalli,2024-03-23,149.07776392572944,9
672,Aravalli,2024-03-24,157.53581967213114,9
672,Aravalli,2024-03-25,147.75070241286863,9
672,Aravalli,2024-03-26,149.67849197860963,9
672,Aravalli,2024-03-27,149.43726121372032,9
672,Aravalli,2024-03-28,144.80014373088684,9
672,Aravalli,2024-03-29,150.29203269754768,9
672,Aravalli,2024-03-30,151.90075299760193,9
672,Aravalli,2024-03-31,204.48556872037915,9
672,Aravalli,2024-04-01,165.4164522144522,9
672,Aravalli,2024-04-02,147.47300469483568,9
672,Aravalli,2024-04-03,145.15993720930234,9
672,Aravalli,2024-04-04,146.40175925925925,9
672,Aravalli,2024-04-05,144.14139627039626,9
672,Aravalli,2024-04-06,142.37818691588785,9
672,Aravalli,2024-04-07,156.45101425178146,9
672,Aravalli,2024-04-08,148.89909219858157,9
672,Aravalli,2024-04-09,149.2067142857143,9
672,Aravalli,2024-04-10,140.3167622149837,9
672,Aravalli,2024-04-11,142.86744794952682,9
672,Aravalli,2024-04-12,145.2900175,9
672,Aravalli,2024-04-13,152.10301170960187,9
672,Aravalli,2024-04-14,148.6946146572104,9
672,Aravalli,2024-04-15,152.89379205607477,9
672,Aravalli,2024-04-16,149.5685186915888,9
672,Aravalli,2024-04-17,147.17175467289718,9
672,Aravalli,2024-04-18,160.56166746411483,9
672,Aravalli,2024-04-19,140.9370904392765,9
672,Aravalli,2024-04-20,140.33775634517767,9
672,Aravalli,2024-04-21,140.47675749318802,9
672,Aravalli,2024-04-22,139.36689516129033,9
672,Aravalli,2024-04-23,140.61553826530613,9
672,Aravalli,2024-04-24,141.6518144578313,9
672,Aravalli,2024-04-25,140.30361538461537,9
672,Aravalli,2024-04-26,140.61221904761905,9
672,Aravalli,2024-04-27,140.52351824817518,9
672,Aravalli,2024-04-28,141.2066437054632,9
672,Aravalli,2024-04-29,141.02425185185186,9
672,Aravalli,2024-04-30,140.27504444444443,9
672,Aravalli,2024-05-01,140.56350735294117,9
672,Aravalli,2024-05-02,140.4857591240876,9
672,Aravalli,2024-05-03,142.380875,9
672,Aravalli,2024-05-04,146.0120023752969,9
672,Aravalli,2024-05-05,142.91254926108374,9
672,Aravalli,2024-05-06,143.9543621495327,9
672,Aravalli,2024-05-07,155.52213752913752,9
672,Aravalli,2024-05-08,154.8638705882353,9
672,Aravalli,2024-05-09,141.83517493472587,9
672,Aravalli,2024-05-10,140.1191615598886,9
672,Aravalli,2024-05-11,141.1535808219178,9
672,Aravalli,2024-05-12,141.5620861618799,9
672,Aravalli,2024-05-13,145.19336879432623,9
672,Aravalli,2024-05-14,146.5310234741784,9
672,Aravalli,2024-05-15,146.14038154613465,9
672,Aravalli,2024-05-16,150.83156944444443,8
672,Aravalli,2024-05-17,142.91763421052633,8
672,Aravalli,2024-05-18,147.1336997389034,8
672,Aravalli,2024-05-19,147.99167733333334,8
672,Aravalli,2024-05-20,146.65434324324323,8
672,Aravalli,2024-05-21,144.72885263157895,8
672,Aravalli,2024-05-22,147.96673150684933,8
672,Aravalli,2024-05-23,147.7692016129032,8
672,Aravalli,2024-05-24,144.40192857142858,8
672,Aravalli,2024-05-25,151.43105588235295,8
672,Aravalli,2024-05-26,145.43912533333332,8
672,Aravalli,2024-05-27,151.0753115183246,8
672,Aravalli,2024-05-28,147.30874338624338,8
672,Aravalli,2024-05-29,145.14090031152648,8
672,Aravalli,2024-05-30,145.94377902621724,8
672,Aravalli,2024-05-31,157.02584897959184,8
672,Aravalli,2024-06-01,150.26471637426903,8
672,Aravalli,2024-06-02,145.90613066666666,8
672,Aravalli,2024-06-03,153.0443206521739,8
672,Aravalli,2024-06-04,145.75072049689442,8
672,Aravalli,2024-06-05,150.53572844827585,8
672,Aravalli,2024-06-06,148.0277738095238,8
672,Aravalli,2024-06-07,149.17536315789474,8
672,Aravalli,2024-06-08,144.3158203753351,8
672,Aravalli,2024-06-09,146.6111505681818,8
672,Aravalli,2024-06-10,150.2436408839779,8
672,Aravalli,2024-06-11,152.1880089552239,8
672,Aravalli,2024-06-12,150.83722340425533,8
672,Aravalli,2024-06-13,150.99090789473684,8
672,Aravalli,2024-06-14,154.3699825327511,8
672,Aravalli,2024-06-15,158.7768439716312,8
672,Aravalli,2024-06-16,141.60341798941798,8
672,Aravalli,2024-06-17,160.87767025089607,8
672,Aravalli,2024-06-18,150.4368220338983,8
672,Aravalli,2024-06-19,152.13812393162394,8
672,Aravalli,2024-06-20,141.9136,8
672,Aravalli,2024-06-21,141.70331770833334,8
672,Aravalli,2024-06-22,142.26887765957446,8
672,Aravalli,2024-06-23,141.9653894736842,8
672,Aravalli,2024-06-24,142.14120418848168,8
672,Aravalli,2024-06-25,141.7479470899471,8
672,Aravalli,2024-06-26,141.58691145833333,8
672,Aravalli,2024-06-27,140.8747925531915,8
672,Aravalli,2024-06-28,141.2447,8
672,Aravalli,2024-06-29,141.37615706806284,8
672,Aravalli,2024-06-30,142.33245263157895,8
672,Aravalli,2024-07-01,142.35233684210527,8
672,Aravalli,2024-07-02,141.576722513089,8
672,Aravalli,2024-07-03,141.78047222222222,8
672,Aravalli,2024-07-04,149.78327053140097,8
672,Aravalli,2024-07-05,153.8222252964427,8
672,Aravalli,2024-07-06,145.81737823834197,8
672,Aravalli,2024-07-07,160.3003620689655,8
672,Aravalli,2024-07-08,151.11803070175438,8
672,Aravalli,2024-07-09,155.46705092592595,8
672,Aravalli,2024-07-10,151.32712719298246,8
672,Aravalli,2024-07-11,148.22684189723321,8
672,Aravalli,2024-07-12,149.2505054945055,8
672,Aravalli,2024-07-13,153.48825092250922,8
672,Aravalli,2024-07-14,160.86794676806082,8
672,Aravalli,2024-07-15,152.04437704918033,8
672,Aravalli,2024-07-16,156.51077738515903,8
672,Aravalli,2024-07-17,152.81498958333333,8
672,Aravalli,2024-07-18,150.9378240740741,8
672,Aravalli,2024-07-19,141.959,8
672,Aravalli,2024-07-20,141.63195698924733,8
672,Aravalli,2024-07-21,142.151515625,8
672,Aravalli,2024-07-22,144.3502311827957,8
672,Aravalli,2024-07-23,151.60865789473684,8
672,Aravalli,2024-07-24,153.4064455782313,8
672,Aravalli,2024-07-25,157.3956543624161,8
672,Aravalli,2024-07-26,159.55010175438596,8
672,Aravalli,2024-07-27,149.93352707581226,8
672,Aravalli,2024-07-28,151.01955234657038,8
672,Aravalli,2024-07-29,148.3019651567944,8
672,Aravalli,2024-07-30,149.9567076923077,8
672,Aravalli,2024-07-31,181.816834375,8
672,Aravalli,2024-08-01,156.28592581602373,8
672,Aravalli,2024-08-02,148.73081515151515,8
672,Aravalli,2024-08-03,156.07170357142857,8
672,Aravalli,2024-08-04,145.55715358361775,8
672,Aravalli,2024-08-05,146.48799679487178,8
672,Aravalli,2024-08-06,147.63938226299695,8
672,Aravalli,2024-08-07,145.43867711598747,8
672,Aravalli,2024-08-08,144.23519701492538,8
672,Aravalli,2024-08-09,144.89987118644066,8
672,Aravalli,2024-08-10,168.70880476190476,8
672,Aravalli,2024-08-11,148.36626382978724,8
672,Aravalli,2024-08-12,149.69024193548387,8
672,Aravalli,2024-08-13,147.2265794701987,8
672,Aravalli,2024-08-14,144.2566319218241,8
672,Aravalli,2024-08-15,152.11799047619047,8
672,Aravalli,2024-08-16,169.66140000000001,8
672,Aravalli,2024-08-17,149.6578559322034,8
672,Aravalli,2024-08-18,142.27967619047618,8
672,Aravalli,2024-08-19,141.01181896551725,8
672,Aravalli,2024-08-20,149.1949727626459,8
672,Aravalli,2024-08-21,149.36545333333333,8
672,Aravalli,2024-08-22,150.55937154150197,8
672,Aravalli,2024-08-23,159.21481379310345,8
672,Aravalli,2024-08-24,161.05933224755702,8
672,Aravalli,2024-08-25,154.22233749999998,8
672,Aravalli,2024-08-26,146.87500911854102,8
672,Aravalli,2024-08-27,185.18250841750842,8
672,Aravalli,2024-08-28,157.92289545454548,8
672,Aravalli,2024-08-29,149.24470469798658,8
672,Aravalli,2024-08-30,147.81696153846153,8
672,Aravalli,2024-08-31,188.83737777777776,8
672,Aravalli,2024-09-01,148.64199253731343,8
672,Aravalli,2024-09-02,146.39926112759645,8
672,Aravalli,2024-09-03,147.7030700280112,8
672,Aravalli,2024-09-04,145.51599433427762,8
672,Aravalli,2024-09-05,146.14384033613447,8
672,Aravalli,2024-09-06,149.0933305322129,8
672,Aravalli,2024-09-07,149.2139855907781,8
672,Aravalli,2024-09-08,147.03424207492796,8
672,Aravalli,2024-09-09,149.21920630372492,8
672,Aravalli,2024-09-10,146.82722857142858,8
672,Aravalli,2024-09-11,149.93540345821324,8
672,Aravalli,2024-09-12,147.45310404624277,8
672,Aravalli,2024-09-13,145.13656304985338,8
672,Aravalli,2024-09-14,148.17223460410557,8
672,Aravalli,2024-09-15,147.09197126436783,8
672,Aravalli,2024-09-16,145.00519727891157,8
672,Aravalli,2024-09-17,149.31161587301588,8
672,Aravalli,2024-09-18,145.38894540229884,8
672,Aravalli,2024-09-19,147.02332653061222,8
672,Aravalli,2024-09-20,146.6815754985755,8
672,Aravalli,2024-09-21,147.01837861271676,8
672,Aravalli,2024-09-22,147.2859239766082,8
672,Aravalli,2024-09-23,150.76377840909092,8
672,Aravalli,2024-09-24,149.54763607594936,8
672,Aravalli,2024-09-25,148.39717938931298,8
672,Aravalli,2024-09-26,147.18012621359225,8
672,Aravalli,2024-09-27,146.63472753623188,8
672,Aravalli,2024-09-28,147.0918487654321,8
672,Aravalli,2024-09-29,152.06067003367002,8
672,Aravalli,2024-09-30,196.32321035598707,8
672,Aravalli,2024-10-01,163.25231594202899,8
672,Aravalli,2024-10-02,147.89143390804597,8
672,Aravalli,2024-10-03,145.70316231884058,8
672,Aravalli,2024-10-04,151.9134192634561,8
672,Aravalli,2024-10-05,147.33364161849713,8
672,Aravalli,2024-10-06,147.86168965517243,8
672,Aravalli,2024-10-07,145.36142857142858,8
672,Aravalli,2024-10-08,149.7678262108262,8
672,Aravalli,2024-10-09,146.378166163142,8
672,Aravalli,2024-10-10,148.85201461988305,8
672,Aravalli,2024-10-11,149.1093473053892,8
672,Aravalli,2024-10-12,149.99486005830903,8
672,Aravalli,2024-10-13,151.0135143678161,8
672,Aravalli,2024-10-14,168.21746130952383,8
672,Aravalli,2024-10-15,158.0857302052786,8
672,Aravalli,2024-10-16,166.6928817891374,8
672,Aravalli,2024-10-17,161.48379256965944,8
672,Aravalli,2024-10-18,162.2463412462908,8
672,Aravalli,2024-10-19,156.90992774566473,8
672,Aravalli,2024-10-20,161.1471046931408,8
672,Aravalli,2024-10-21,162.53408653846154,8
672,Aravalli,2024-10-22,161.59747865853657,8
672,Aravalli,2024-10-23,162.088905775076,8
672,Aravalli,2024-10-24,155.2585080385852,8
672,Aravalli,2024-10-25,156.29577173913043,8
672,Aravalli,2024-10-26,145.5445763888889,8
672,Aravalli,2024-10-27,149.58761261261262,8
672,Aravalli,2024-10-28,174.483734375,8
672,Aravalli,2024-10-29,142.61208849557522,8
672,Aravalli,2024-10-30,153.20605138339923,8
672,Aravalli,2024-10-31,192.79426006191952,8
672,Aravalli,2024-11-01,160.793059375,8
672,Aravalli,2024-11-02,150.62034337349397,8
672,Aravalli,2024-11-03,151.51762235649545,8
672,Aravalli,2024-11-04,153.55600643086817,8
672,Aravalli,2024-11-05,145.85346464646466,8
672,Aravalli,2024-11-06,147.3237041800643,8
672,Aravalli,2024-11-07,147.19523723723725,8
672,Aravalli,2024-11-08,152.06626623376624,8
672,Aravalli,2024-11-09,149.27481333333336,8
672,Aravalli,2024-11-10,147.8642953020134,8
672,Aravalli,2024-11-11,154.50895683453237,8
672,Aravalli,2024-11-12,151.72961146496814,8
672,Aravalli,2024-11-13,147.39031545741327,8
672,Aravalli,2024-11-14,145.73326688102895,8
672,Aravalli,2024-11-15,147.41569375,8
672,Aravalli,2024-11-16,146.72070716510905,8
672,Aravalli,2024-11-17,147.5747037037037,8
672,Aravalli,2024-11-18,146.2150946745562,8
672,Aravalli,2024-11-19,147.09357643312103,8
672,Aravalli,2024-11-20,146.53015805471125,8
672,Aravalli,2024-11-21,147.5247878787879,8
672,Aravalli,2024-11-22,146.6121055900621,8
672,Aravalli,2024-11-23,149.9744126984127,8
672,Aravalli,2024-11-24,146.76929206349206,8
672,Aravalli,2024-11-25,148.46567301587302,8
672,Aravalli,2024-11-26,147.6984969879518,8
672,Aravalli,2024-11-27,146.62306824925815,8
672,Aravalli,2024-11-28,146.28919496855346,8
672,Aravalli,2024-11-29,147.23781403508772,8
672,Aravalli,2024-11-30,142.7043188405797,8
672,Aravalli,2024-12-01,142.81187218045113,8
672,Aravalli,2024-12-02,147.15763636363636,8
672,Aravalli,2024-12-03,211.96231962025314,8
672,Aravalli,2024-12-04,204.48310431654676,8
672,Aravalli,2024-12-05,205.27806643356644,8
672,Aravalli,2024-12-06,209.65393827160494,8
672,Aravalli,2024-12-07,207.18837627118643,8
672,Aravalli,2024-12-08,207.0134591836735,8
672,Aravalli,2024-12-09,216.39812738853504,8
672,Aravalli,2024-12-10,224.51363986013985,8
672,Aravalli,2024-12-11,209.0749251497006,8
672,Aravalli,2024-12-12,205.84507758620688,8
672,Aravalli,2024-12-13,213.42819999999998,8
672,Aravalli,2024-12-14,198.36187462686567,8
672,Aravalli,2024-12-15,212.44186705202313,8
672,Aravalli,2024-12-16,191.9532465277778,8
672,Aravalli,2024-12-17,199.2946719242902,8
672,Aravalli,2024-12-18,206.17657549857552,8
672,Aravalli,2024-12-19,205.01993714285715,8
672,Aravalli,2024-12-20,207.56893895348836,8
672,Aravalli,2024-12-21,207.76301724137932,8
672,Aravalli,2024-12-22,206.68456772334292,8
672,Aravalli,2024-12-23,206.54097058823527,8
672,Aravalli,2024-12-24,203.01764655172414,8
672,Aravalli,2024-12-25,213.0450086956522,8
672,Aravalli,2024-12-26,208.24527213114754,8
672,Aravalli,2024-12-27,165.1053908045977,8
672,Aravalli,2024-12-28,140.1075,4
672,Aravalli,2024-12-31,204.91679661016948,8
672,Aravalli,2025-01-01,210.07176470588234,8
672,Aravalli,2025-01-02,209.06275714285712,8
672,Aravalli,2025-01-03,201.7794957020057,8
672,Aravalli,2025-01-04,185.04287279151944,8
672,Aravalli,2025-01-05,144.4851832460733,8
672,Aravalli,2025-01-06,196.6417619047619,8
672,Aravalli,2025-01-07,201.63862146892654,8
672,Aravalli,2025-01-08,204.3466242937853,8
672,Aravalli,2025-01-09,196.3044641833811,8
672,Aravalli,2025-01-10,187.3970230263158,8
672,Aravalli,2025-01-11,143.0134370860927,8
672,Aravalli,2025-01-12,145.22767532467535,8
672,Aravalli,2025-01-13,198.4058853046595,8
672,Aravalli,2025-01-14,191.19250159744408,8
672,Aravalli,2025-01-15,196.74113134328357,8
672,Aravalli,2025-01-16,199.03682005899705,8
672,Aravalli,2025-01-17,208.64667164179102,8
672,Aravalli,2025-01-18,190.202228125,8
672,Aravalli,2025-01-19,187.89875925925924,8
672,Aravalli,2025-01-20,194.66425161290323,8
672,Aravalli,2025-01-21,181.48480322580644,8
672,Aravalli,2025-01-22,187.5619054054054,8
672,Aravalli,2025-01-23,185.7415719063545,8
672,Aravalli,2025-01-24,176.99105498281787,8
672,Aravalli,2025-01-25,160.0407969924812,8
672,Aravalli,2025-01-26,163.860625,8
672,Aravalli,2025-01-27,144.42770157068063,8
672,Aravalli,2025-01-28,184.87047163120567,8
672,Aravalli,2025-01-29,197.85245141065832,8
672,Aravalli,2025-01-30,202.20454545454547,8
672,Aravalli,2025-01-31,199.3113777089783,8
672,Aravalli,2025-02-01,188.7605648148148,8
672,Aravalli,2025-02-03,200.44117261904762,8
672,Aravalli,2025-02-04,200.25486644951138,8
672,Aravalli,2025-02-05,202.60580674846628,8
672,Aravalli,2025-02-06,205.86504863221884,8
672,Aravalli,2025-02-07,206.1252575757576,8
672,Aravalli,2025-02-08,207.41594561933536,8
672,Aravalli,2025-02-09,202.28175925925927,8
672,Aravalli,2025-02-10,209.15633434650454,8
672,Aravalli,2025-02-11,201.65605151515152,8
672,Aravalli,2025-02-12,197.59901524390244,8
672,Aravalli,2025-02-13,202.37865454545457,8
672,Aravalli,2025-02-14,204.1037963525836,8
672,Aravalli,2025-02-15,188.86350662251655,8
672,Aravalli,2025-02-16,146.596,8
672,Aravalli,2025-02-17,185.37340522875817,8
672,Aravalli,2025-02-18,199.69681458966562,8
672,Aravalli,2025-02-19,189.35788196721313,8
672,Aravalli,2025-02-20,188.92117508417508,8
672,Aravalli,2025-02-21,198.8667491638796,8
672,Aravalli,2025-02-22,211.3006496062992,8
672,Aravalli,2025-02-23,144.3612857142857,7
672,Aravalli,2025-02-24,200.79856431535268,8
672,Aravalli,2025-02-25,198.456125,8
672,Aravalli,2025-02-27,148.3793661971831,8
672,Aravalli,2025-02-28,180.38525993883792,8
672,Aravalli,2025-03-01,148.5537492063492,8
672,Aravalli,2025-03-02,142.4129352750809,8
672,Aravalli,2025-03-03,146.41627325581393,8
672,Aravalli,2025-03-04,146.61021714285715,8
672,Aravalli,2025-03-05,147.17027873563217,8
672,Aravalli,2025-03-06,146.34323367697596,8
672,Aravalli,2025-03-07,144.14983068783067,8
672,Aravalli,2025-03-08,147.83608979591835,8
672,Aravalli,2025-03-09,143.49809677419356,8
672,Aravalli,2025-03-10,145.9331357615894,8
672,Aravalli,2025-03-11,151.77355172413795,8
672,Aravalli,2025-03-12,147.45118550724638,8
672,Aravalli,2025-03-13,145.46291279069766,8
672,Aravalli,2025-03-14,145.50641786743515,8
672,Aravalli,2025-03-15,146.05933636363636,8
672,Aravalli,2025-03-16,147.91797435897436,8
672,Aravalli,2025-03-17,145.8550116618076,8
672,Aravalli,2025-03-18,147.17755425219943,8
672,Aravalli,2025-03-19,144.38771940298508,8
672,Aravalli,2025-03-20,145.0244962121212,8
672,Aravalli,2025-03-21,144.26247222222221,8
672,Aravalli,2025-03-22,143.77550276243096,8
672,Aravalli,2025-03-23,142.66709189189189,8
672,Aravalli,2025-03-24,144.3055989304813,8
672,Aravalli,2025-03-25,144.23828630705395,8
672,Aravalli,2025-03-26,144.3754843205575,8
672,Aravalli,2025-03-27,144.28621428571427,8
672,Aravalli,2025-03-28,142.35927857142858,8
672,Aravalli,2025-03-29,146.13484949832775,8
672,Aravalli,2025-03-30,145.06408035714287,8
672,Aravalli,2025-03-31,145.12421533923302,8
672,Aravalli,2025-04-01,145.99611309523812,8
672,Aravalli,2025-04-02,144.92888150289016,8
672,Aravalli,2025-04-03,145.6925650406504,8
672,Aravalli,2025-04-04,143.71965217391303,8
672,Aravalli,2025-04-05,144.52391836734694,8
672,Aravalli,2025-04-06,144.57121958456972,8
672,Aravalli,2025-04-07,144.31688414634147,8
672,Aravalli,2025-04-08,143.52650301204818,8
672,Aravalli,2025-04-09,143.42251829268292,8
672,Aravalli,2025-04-10,144.24058176100627,8
672,Aravalli,2025-04-11,143.98894311377245,8
672,Aravalli,2025-04-12,143.97509593023256,8
672,Aravalli,2025-04-13,145.0542815249267,8
672,Aravalli,2025-04-14,144.03871856287427,8
672,Aravalli,2025-04-15,144.962084592145,8
672,Aravalli,2025-04-16,142.9351062992126,8
672,Aravalli,2025-04-17,143.38105147058823,8
672,Aravalli,2025-04-18,143.69791603053434,8
672,Aravalli,2025-04-19,142.49706358381502,8
672,Aravalli,2025-04-20,141.07308333333336,8
672,Aravalli,2025-04-21,142.96365467625898,8
672,Aravalli,2025-04-22,144.8600243902439,8
672,Aravalli,2025-04-23,141.7797147335423,8
672,Aravalli,2025-04-24,143.08538080495356,8
672,Aravalli,2025-04-25,142.6253925925926,8
672,Aravalli,2025-04-26,142.44217818181818,8
672,Aravalli,2025-04-27,143.86247941176472,8
672,Aravalli,2025-04-28,143.36099703264097,8
672,Aravalli,2025-04-29,143.93755263157897,8
672,Aravalli,2025-04-30,141.8932113402062,8
672,Aravalli,2025-05-01,143.4274191919192,8
672,Aravalli,2025-05-02,141.94812962962962,8
672,Aravalli,2025-05-03,140.90477094972067,8
672,Aravalli,2025-05-04,146.20214953271028,8
672,Aravalli,2025-05-06,143.57983695652175,7
672,Aravalli,2025-05-07,142.36195833333335,8
672,Aravalli,2025-05-08,142.67958695652175,8
672,Aravalli,2025-05-09,143.3009585492228,8
672,Aravalli,2025-05-10,143.5073890909091,8
672,Aravalli,2025-05-11,143.8020497237569,8
672,Aravalli,2025-05-12,141.99768874172187,7
672,Aravalli,2025-05-13,141.996,8
672,Aravalli,2025-05-14,141.95375572519083,7
672,Aravalli,2025-05-15,147.01587681159418,8
672,Aravalli,2025-05-16,141.34231818181817,8
672,Aravalli,2025-05-17,141.52836821705426,8
672,Aravalli,2025-05-18,142.31392217898832,8
672,Aravalli,2025-05-19,142.15286923076923,8
672,Aravalli,2025-05-20,142.85525514403292,8
672,Aravalli,2025-05-21,141.0862261484099,8
672,Aravalli,2025-05-22,141.38315207373273,8
672,Aravalli,2025-05-23,143.1598486055777,8
672,Aravalli,2025-05-24,140.57608849557522,8
672,Aravalli,2025-05-25,142.4173531746032,8
672,Aravalli,2025-05-26,142.205068,7
672,Aravalli,2025-05-27,141.93067083333332,7
672,Aravalli,2025-05-28,142.77915384615386,7
672,Aravalli,2025-05-29,142.06788446215137,7
672,Aravalli,2025-05-30,141.7914947368421,7
672,Aravalli,2025-05-31,142.827,7
672,Aravalli,2025-06-01,140.7521056910569,7
672,Aravalli,2025-06-02,139.6763775510204,7
672,Aravalli,2025-06-03,141.67387155963303,7
672,Aravalli,2025-06-04,143.05189005235601,7
672,Aravalli,2025-06-05,141.8428037735849,7
672,Aravalli,2025-06-06,141.54816943521595,7
672,Aravalli,2025-06-07,140.68076655052263,7
672,Aravalli,2025-06-08,141.04470220588234,7
672,Aravalli,2025-06-09,142.29152813852815,7
672,Aravalli,2025-06-10,140.97517562724013,7
672,Aravalli,2025-06-11,141.17062629757785,7
672,Aravalli,2025-06-12,140.8636875,7
672,Aravalli,2025-06-13,141.16234343434343,7
672,Aravalli,2025-06-14,140.6358046357616,7
672,Aravalli,2025-06-15,142.2870034722222,7
672,Aravalli,2025-06-16,142.52579930795847,7
672,Aravalli,2025-06-17,142.0450465116279,7
672,Aravalli,2025-06-18,139.49408450704226,7
672,Aravalli,2025-06-19,135.6081379310345,7
672,Aravalli,2025-06-20,136.283635,7
672,Aravalli,2025-06-21,133.96435233160622,7
672,Aravalli,2025-06-22,145.19992385786801,7
672,Aravalli,2025-06-23,144.04726315789475,7
672,Aravalli,2025-06-24,143.4978918918919,7
672,Aravalli,2025-06-25,146.72115789473685,6
672,Aravalli,2025-06-26,143.71144347826086,7
672,Aravalli,2025-06-27,139.83410852713178,7
672,Aravalli,2025-06-28,76.34042857142857,4
672,Aravalli,2025-06-29,140.2819761904762,5
672,Aravalli,2025-06-30,143.91437341772152,7
672,Aravalli,2025-07-01,144.03534545454545,7
672,Aravalli,2025-07-02,143.58693296089388,7
672,Aravalli,2025-07-03,144.53718713450291,7
672,Aravalli,2025-07-04,143.08464804469273,7
672,Aravalli,2025-07-05,144.5181130952381,7
672,Aravalli,2025-07-06,144.98960377358492,7
672,Aravalli,2025-07-07,145.00973456790123,7
672,Aravalli,2025-07-08,140.54238596491228,7
672,Aravalli,2025-07-09,138.3285081300813,7
672,Aravalli,2025-07-10,135.87842616033754,7
672,Aravalli,2025-07-11,139.25945814977973,7
672,Aravalli,2025-07-12,144.92401807228916,7
672,Aravalli,2025-07-13,144.94434756097561,7
672,Aravalli,2025-07-14,145.880925,7
672,Aravalli,2025-07-15,144.6949864864865,7
672,Aravalli,2025-07-20,145.0856886227545,7
672,Aravalli,2025-07-21,144.87327976190477,7
672,Aravalli,2025-07-22,145.46574146341462,7
672,Aravalli,2025-07-23,145.3502895927602,7
672,Aravalli,2025-07-24,141.13494527363184,7
672,Aravalli,2025-07-27,144.27289473684212,7
672,Aravalli,2025-07-28,144.1735972222222,7
672,Aravalli,2025-07-29,145.31882584269664,7
672,Aravalli,2025-07-30,146.07336538461539,6
672,Aravalli,2025-07-31,144.58755,7
672,Aravalli,2025-08-01,145.31612558139534,7
672,Aravalli,2025-08-02,144.98196875000002,7
672,Aravalli,2025-08-03,144.16499305555556,6
672,Aravalli,2025-08-04,144.42613793103448,7
672,Aravalli,2025-08-05,144.22507746478874,7
672,Aravalli,2025-08-06,145.56335323383084,8
672,Aravalli,2025-08-07,145.59953191489362,7
672,Aravalli,2025-08-08,143.8926524390244,7
672,Aravalli,2025-08-09,144.1563379310345,7
672,Aravalli,2025-08-10,143.0773916083916,7
672,Aravalli,2025-08-11,144.50777865612648,7
672,Aravalli,2025-08-12,143.70858653846153,7
672,Aravalli,2025-08-13,144.1498611111111,6
672,Aravalli,2025-08-14,140.0411182795699,7
672,Aravalli,2025-08-15,136.8178923766816,7
672,Aravalli,2025-08-16,137.20214349775785,7
672,Aravalli,2025-08-17,130.90470921985815,7
672,Aravalli,2025-08-18,116.39973469387756,6
672,Aravalli,2025-08-20,140.220859375,7
672,Aravalli,2025-08-21,136.87140104166667,7
672,Aravalli,2025-08-22,138.99710471204187,7
672,Aravalli,2025-08-23,143.83179234972678,7
672,Aravalli,2025-08-24,139.07220212765958,7
672,Aravalli,2025-08-25,141.67143258426967,7
672,Aravalli,2025-08-27,140.73925139664806,7
672,Aravalli,2025-08-28,139.0631264367816,7
672,Aravalli,2025-09-01,141.20934444444444,7
672,Aravalli,2025-09-02,141.73633513513514,7
672,Aravalli,2025-09-03,144.42589032258064,7
672,Aravalli,2025-09-04,148.17772262773724,6
672,Aravalli,2025-09-05,146.40085714285712,6
672,Aravalli,2025-09-06,146.1596842105263,7
672,Aravalli,2025-09-07,141.99762857142858,7
672,Aravalli,2025-09-08,142.47383516483518,7
672,Aravalli,2025-09-09,142.58213559322033,7
672,Aravalli,2025-09-10,141.13506145251395,7
672,Aravalli,2025-09-11,137.62214438502673,7
672,Aravalli,2025-09-12,140.48103191489363,7
672,Aravalli,2025-09-13,140.38826984126985,7
672,Aravalli,2025-09-14,141.1461666666667,7
672,Aravalli,2025-09-15,139.76164285714285,7
672,Aravalli,2025-09-16,141.19040314136126,7
672,Aravalli,2025-09-17,138.1713645320197,7
672,Aravalli,2025-09-18,138.8071414141414,7
672,Aravalli,2025-09-20,145.85513513513516,7
672,Aravalli,2025-09-21,146.99079310344828,7
672,Aravalli,2025-09-22,147.74605839416057,6
672,Aravalli,2025-09-23,145.37737062937063,7
672,Aravalli,2025-09-24,146.116582278481,7
672,Aravalli,2025-09-25,146.85145833333334,7
672,Aravalli,2025-09-26,147.85864084507043,7
672,Aravalli,2025-09-27,146.6474520547945,7
672,Aravalli,2025-09-28,147.73516783216783,7
672,Aravalli,2025-09-29,146.76923943661973,7
672,Aravalli,2025-09-30,147.89924647887324,7
672,Aravalli,2025-10-01,147.56061702127658,7
672,Aravalli,2025-10-02,146.1636056338028,6
672,Aravalli,2025-10-03,147.12578260869566,6
672,Aravalli,2025-10-04,146.14278014184399,6
672,Aravalli,2025-10-05,147.03948611111113,7
672,Aravalli,2025-10-06,146.58410416666666,6
672,Aravalli,2025-10-07,145.74000714285714,6
672,Aravalli,2025-10-08,146.44949315068493,7
672,Aravalli,2025-10-09,147.35239041095892,7
672,Aravalli,2025-10-10,149.59403053435113,7
672,Aravalli,2025-10-11,149.8142925170068,7
672,Aravalli,2025-10-12,147.18594160583942,7
672,Aravalli,2025-10-13,147.84457553956835,6
672,Aravalli,2025-10-14,147.52583216783216,6
672,Aravalli,2025-10-15,146.76371631205674,6
672,Aravalli,2025-10-16,147.07685,6
672,Aravalli,2025-10-17,147.3560625,7
672,Aravalli,2025-10-18,146.49386330935252,6
672,Aravalli,2025-10-19,146.90942957746478,6
672,Aravalli,2025-10-20,146.93142361111111,6
672,Aravalli,2025-10-21,147.0724081632653,7
672,Aravalli,2025-10-22,146.13385106382978,7
672,Aravalli,2025-10-23,146.8461489361702,7
672,Aravalli,2025-10-24,146.83346153846153,6
672,Aravalli,2025-10-25,147.15045833333335,6
672,Aravalli,2025-10-26,147.41525352112677,7
672,Aravalli,2025-10-27,146.49861267605633,6
672,Aravalli,2025-10-28,147.49868309859153,6
672,Aravalli,2025-10-29,147.18758741258742,6
672,Aravalli,2025-10-30,147.62324475524474,7
672,Aravalli,2025-10-31,147.85253741496598,7
672,Aravalli,2025-11-01,146.04465517241377,7
672,Aravalli,2025-11-02,146.49928472222223,6
672,Aravalli,2025-11-03,146.07204225352112,6
672,Aravalli,2025-11-04,146.05168749999999,7
672,Aravalli,2025-11-05,146.18820967741937,7
672,Aravalli,2025-11-07,146.38103448275862,7
672,Aravalli,2025-11-08,145.42022222222224,7
672,Aravalli,2025-11-09,146.07863095238093,7
672,Aravalli,2025-11-10,146.97793975903613,7
672,Aravalli,2025-11-11,146.19650344827585,7
672,Aravalli,2025-11-12,145.75082580645162,7
672,Aravalli,2025-11-13,147.98552898550724,7
672,Aravalli,2025-11-14,156.196884057971,6
672,Aravalli,2025-11-15,147.3278857142857,7
672,Aravalli,2025-11-22,147.50408333333334,6
672,Aravalli,2025-11-23,148.21681355932202,7
672,Aravalli,2025-11-24,146.1931,7
672,Aravalli,2025-11-25,146.38050458715597,7
672,Aravalli,2025-11-26,147.31196062992126,7
672,Aravalli,2025-11-27,148.15829761904763,6
672,Aravalli,2025-11-30,152.24456,7
672,Aravalli,2025-12-01,146.1012831858407,7
672,Aravalli,2025-12-02,146.0408,7
672,Aravalli,2025-12-03,147.13378195488724,7
672,Aravalli,2025-12-04,146.25252554744526,7
672,Aravalli,2025-12-05,145.03528057553956,7
672,Aravalli,2025-12-06,148.492219858156,7
672,Aravalli,2025-12-07,146.22420437956205,7
672,Aravalli,2025-12-08,148.1972803030303,7
672,Aravalli,2025-12-09,147.2460909090909,7
672,Aravalli,2025-12-10,146.31912,7
672,Aravalli,2025-12-11,147.30783333333335,7
672,Aravalli,2025-12-12,147.3501875,7
672,Aravalli,2025-12-13,145.7423986013986,7
672,Aravalli,2025-12-14,145.49993227091633,7
672,Aravalli,2025-12-15,144.93732841328415,7
672,Aravalli,2025-12-16,145.08481617647058,7
672,Aravalli,2025-12-17,143.0459396226415,7
672,Aravalli,2025-12-18,144.43926714801447,7
672,Aravalli,2025-12-19,144.106684981685,7
672,Aravalli,2025-12-20,143.78723381294964,7
672,Aravalli,2025-12-21,143.44504150943396,7
672,Aravalli,2025-12-22,142.76604201680672,7
672,Aravalli,2025-12-23,145.77411585365854,7
672,Aravalli,2025-12-24,147.2798309859155,6
672,Aravalli,2025-12-25,147.35422377622376,6
672,Aravalli,2025-12-26,147.29272027972027,6
672,Aravalli,2025-12-27,147.3066086956522,6
672,Aravalli,2025-12-28,146.13397841726618,6
672,Aravalli,2025-12-29,147.20540972222224,6
672,Aravalli,2025-12-30,146.45175352112676,6
672,Aravalli,2025-12-31,147.5559714285714,6
676,Botad,2021-01-12,123.52,1
676,Botad,2021-02-04,124.21,1
676,Botad,2021-03-27,123.113,1
676,Botad,2021-04-10,124.263,1
676,Botad,2021-05-12,124.177,1
676,Botad,2021-05-22,129.133,1
676,Botad,2021-05-26,65.05199999999999,1
676,Botad,2021-05-27,65.05202083333333,1
676,Botad,2021-05-28,67.28022222222222,1
676,Botad,2021-05-30,123.727,1
676,Botad,2021-06-03,124.177,1
676,Botad,2021-06-23,124.226,1
676,Botad,2021-06-27,123.94903333333333,1
676,Botad,2021-06-28,123.94120512820514,1
676,Botad,2021-06-29,123.92951219512194,1
676,Botad,2021-06-30,123.92082978723406,1
676,Botad,2021-07-01,123.90765957446808,1
676,Botad,2021-07-02,123.88708510638298,1
676,Botad,2021-07-03,123.87274468085107,1
676,Botad,2021-07-04,123.85562499999999,1
676,Botad,2021-07-05,123.83475757575758,1
676,Botad,2021-07-06,123.82015789473685,1
676,Botad,2021-07-07,123.81315625,1
676,Botad,2021-07-08,123.79573809523811,1
676,Botad,2021-07-09,123.77753658536585,1
676,Botad,2021-07-10,123.78055319148936,1
676,Botad,2021-07-11,123.78397619047618,1
676,Botad,2021-07-12,123.81414634146341,1
676,Botad,2021-07-13,123.801,1
676,Botad,2021-07-14,123.79531914893617,1
676,Botad,2021-07-15,123.78931914893617,1
676,Botad,2021-07-16,123.77906382978723,1
676,Botad,2021-07-17,123.76589130434782,1
676,Botad,2021-07-18,123.76395833333333,1
676,Botad,2021-07-19,123.74668085106383,1
676,Botad,2021-07-20,123.727125,1
676,Botad,2021-07-21,123.72025000000001,1
676,Botad,2021-07-22,123.710375,1
676,Botad,2021-07-23,123.69925531914893,1
676,Botad,2021-07-24,123.68941666666666,1
676,Botad,2021-07-25,123.68591666666667,1
676,Botad,2021-07-26,123.75133333333333,1
676,Botad,2021-07-27,123.73812500000001,1
676,Botad,2021-07-28,123.733,1
676,Botad,2021-07-29,123.72720833333334,1
676,Botad,2021-07-30,123.72362500000001,1
676,Botad,2021-07-31,123.71395833333332,1
676,Botad,2021-08-01,123.70358333333333,1
676,Botad,2021-08-02,123.693625,1
676,Botad,2021-08-03,123.686125,1
676,Botad,2021-08-04,123.672625,1
676,Botad,2021-08-05,123.65750000000001,1
676,Botad,2021-08-06,123.64648936170214,1
676,Botad,2021-08-07,123.63976086956522,1
676,Botad,2021-08-08,123.62641304347825,1
676,Botad,2021-08-09,123.61391666666667,1
676,Botad,2021-08-10,123.59747826086958,1
676,Botad,2021-08-11,123.58558333333333,1
676,Botad,2021-08-12,123.57061702127659,1
676,Botad,2021-08-13,123.5555319148936,1
676,Botad,2021-08-14,123.54283333333335,1
676,Botad,2021-08-15,123.52621739130436,1
676,Botad,2021-08-16,123.51472340425532,1
676,Botad,2021-08-17,123.49954166666667,1
676,Botad,2021-08-18,123.48240425531914,1
676,Botad,2021-08-19,123.48027659574468,1
676,Botad,2021-08-20,123.51283333333333,1
676,Botad,2021-08-21,123.50266666666666,1
676,Botad,2021-08-22,123.49729166666667,1
676,Botad,2021-08-23,123.4889574468085,1
676,Botad,2021-08-24,123.46763265306122,1
676,Botad,2021-08-25,123.43310869565217,1
676,Botad,2021-08-26,123.395875,1
676,Botad,2021-08-27,123.34425,1
676,Botad,2021-08-28,123.301,1
676,Botad,2021-08-29,123.25036170212766,1
676,Botad,2021-08-30,123.19663829787234,1
676,Botad,2021-08-31,123.15182978723405,1
676,Botad,2021-09-01,123.15846808510639,1
676,Botad,2021-09-02,123.16354,1
676,Botad,2021-09-03,123.14816666666667,1
676,Botad,2021-09-04,123.13520833333332,1
676,Botad,2021-09-05,123.127,1
676,Botad,2021-09-06,123.1213469387755,1
676,Botad,2021-09-07,123.1092857142857,1
676,Botad,2021-09-08,123.11897872340425,1
676,Botad,2021-09-09,123.1465744680851,1
676,Botad,2021-09-10,123.14291666666666,1
676,Botad,2021-09-11,123.13638,1
676,Botad,2021-09-12,123.12420833333334,1
676,Botad,2021-09-13,123.115875,1
676,Botad,2021-09-14,123.128125,1
676,Botad,2021-09-15,123.12877083333332,1
676,Botad,2021-09-16,123.13397872340424,1
676,Botad,2021-09-17,123.17384782608697,1
676,Botad,2021-09-18,123.17070833333334,1
676,Botad,2021-09-19,123.10189130434783,1
676,Botad,2021-09-20,123.17166666666667,1
676,Botad,2021-09-21,123.16291666666666,1
676,Botad,2021-09-22,123.16276086956522,1
676,Botad,2021-09-23,123.16070833333333,1
676,Botad,2021-09-24,123.16112500000001,1
676,Botad,2021-09-25,123.15740425531915,1
676,Botad,2021-09-26,123.16363265306123,1
676,Botad,2021-09-27,123.22010638297873,1
676,Botad,2021-09-28,123.248125,1
676,Botad,2021-09-29,123.67855319148936,1
676,Botad,2021-09-30,123.95745833333332,1
676,Botad,2021-10-01,124.03227659574468,1
676,Botad,2021-10-02,124.0661,1
676,Botad,2021-10-03,124.09729166666666,1
676,Botad,2021-10-04,124.09929787234043,1
676,Botad,2021-10-05,124.13896000000001,1
676,Botad,2021-10-06,124.1542,1
676,Botad,2021-10-07,124.16670588235294,1
676,Botad,2021-10-08,124.18206,1
676,Botad,2021-10-09,124.2023,1
676,Botad,2021-10-10,124.21435416666667,1
676,Botad,2021-10-11,124.2292,1
676,Botad,2021-10-12,124.24675510204082,1
676,Botad,2021-10-13,124.2552,1
676,Botad,2021-10-14,124.25872340425532,1
676,Botad,2021-10-15,124.26059574468084,1
676,Botad,2021-10-16,124.26183333333334,1
676,Botad,2021-10-17,124.26112499999999,1
676,Botad,2021-10-18,124.26166666666667,1
676,Botad,2021-10-19,124.25616666666667,1
676,Botad,2021-10-20,124.25145833333333,1
676,Botad,2021-10-21,124.24874468085106,1
676,Botad,2021-10-22,124.24725531914893,1
676,Botad,2021-10-23,124.24104081632652,1
676,Botad,2021-10-24,124.23729166666668,1
676,Botad,2021-10-25,124.23321276595745,1
676,Botad,2021-10-26,124.22933333333333,1
676,Botad,2021-10-27,124.2238,1
676,Botad,2021-10-28,124.218125,1
676,Botad,2021-10-29,128.2196956521739,1
676,Botad,2021-10-30,124.20243478260869,1
676,Botad,2021-10-31,124.19561702127659,1
676,Botad,2021-11-01,124.18870454545454,1
676,Botad,2021-11-02,124.1825,1
676,Botad,2021-11-03,124.17672340425533,1
676,Botad,2021-11-04,124.17041666666667,1
676,Botad,2021-11-05,124.1504081632653,1
676,Botad,2021-11-06,124.1554255319149,1
676,Botad,2021-11-07,124.14889795918369,1
676,Botad,2021-11-08,124.14086363636365,1
676,Botad,2021-11-09,124.13302272727273,1
676,Botad,2021-11-10,124.08057777777778,1
676,Botad,2021-11-11,124.11795555555555,1
676,Botad,2021-11-12,124.10883333333334,1
676,Botad,2021-11-13,124.09902222222223,1
676,Botad,2021-11-14,124.091,1
676,Botad,2021-11-15,124.08216666666665,1
676,Botad,2021-11-16,124.07246808510638,1
676,Botad,2021-11-17,124.06440425531915,1
676,Botad,2021-11-18,124.05558695652174,1
676,Botad,2021-11-19,124.04804166666668,1
676,Botad,2021-11-20,124.04091489361701,1
676,Botad,2021-11-21,124.03316666666666,1
676,Botad,2021-11-22,124.025625,1
676,Botad,2021-11-23,124.01754166666666,1
676,Botad,2021-11-24,124.00854166666666,1
676,Botad,2021-11-25,123.99675,1
676,Botad,2021-11-26,123.98599999999999,1
676,Botad,2021-11-27,123.976625,1
676,Botad,2021-11-28,123.96665957446808,1
676,Botad,2021-11-29,123.9565,1
676,Botad,2021-11-30,123.94475,1
676,Botad,2021-12-01,123.9305,1
676,Botad,2021-12-02,123.92546808510639,1
676,Botad,2021-12-03,123.91891666666668,1
676,Botad,2021-12-04,123.91017021276596,1
676,Botad,2021-12-05,123.90166666666666,1
676,Botad,2021-12-06,123.89141666666667,1
676,Botad,2021-12-07,123.88391666666666,1
676,Botad,2021-12-08,123.87408333333333,1
676,Botad,2021-12-09,123.864125,1
676,Botad,2021-12-10,123.85520833333334,1
676,Botad,2021-12-11,123.846,1
676,Botad,2021-12-12,123.8368510638298,1
676,Botad,2021-12-13,123.82662499999999,1
676,Botad,2021-12-14,123.81275,1
676,Botad,2021-12-15,123.79834042553192,1
676,Botad,2021-12-16,123.78566666666667,1
676,Botad,2021-12-17,123.77645833333334,1
676,Botad,2021-12-18,123.76854166666668,1
676,Botad,2021-12-19,123.77644000000001,1
676,Botad,2021-12-20,123.74775,1
676,Botad,2021-12-21,123.73791666666666,1
676,Botad,2021-12-22,123.72831914893617,1
676,Botad,2021-12-23,123.71860000000001,1
676,Botad,2021-12-24,123.7084255319149,1
676,Botad,2021-12-25,123.69965957446809,1
676,Botad,2021-12-26,123.69020833333333,1
676,Botad,2021-12-27,123.6799347826087,1
676,Botad,2021-12-28,123.66725531914894,1
676,Botad,2021-12-29,123.66033333333333,1
676,Botad,2021-12-30,123.6495,1
676,Botad,2021-12-31,123.63821276595745,1
676,Botad,2022-01-01,123.62858333333332,1
676,Botad,2022-01-02,123.62045833333333,1
676,Botad,2022-01-03,123.611625,1
676,Botad,2022-01-04,123.603,1
676,Botad,2022-01-05,123.59108333333334,1
676,Botad,2022-01-06,123.584,1
676,Botad,2022-01-07,123.57662499999999,1
676,Botad,2022-01-08,123.56383333333333,1
676,Botad,2022-01-09,123.55451063829787,1
676,Botad,2022-01-10,123.54278723404256,1
676,Botad,2022-01-11,123.53165217391305,1
676,Botad,2022-01-12,123.51916666666666,1
676,Botad,2022-01-13,123.50854166666666,1
676,Botad,2022-01-14,123.49624999999999,1
676,Botad,2022-01-15,123.4851489361702,1
676,Botad,2022-01-16,123.47570833333333,1
676,Botad,2022-01-17,123.46604347826087,1
676,Botad,2022-01-18,123.45662499999999,1
676,Botad,2022-01-19,123.44708333333334,1
676,Botad,2022-01-20,123.43225,1
676,Botad,2022-01-21,123.42155319148937,1
676,Botad,2022-01-22,123.411,1
676,Botad,2022-01-23,123.39802127659576,1
676,Botad,2022-01-24,123.39029787234043,1
676,Botad,2022-01-25,123.37710416666665,1
676,Botad,2022-01-26,123.36491489361701,1
676,Botad,2022-01-27,123.35233333333333,1
676,Botad,2022-01-28,123.33970833333332,1
676,Botad,2022-01-29,123.3288085106383,1
676,Botad,2022-01-30,123.31887499999999,1
676,Botad,2022-01-31,123.30683333333333,1
676,Botad,2022-02-01,123.29229166666666,1
676,Botad,2022-02-02,123.28387500000001,1
676,Botad,2022-02-03,123.26660869565218,1
676,Botad,2022-02-04,123.256625,1
676,Botad,2022-02-05,123.24366666666667,1
676,Botad,2022-02-06,123.22895833333332,1
676,Botad,2022-02-07,123.21378260869565,1
676,Botad,2022-02-08,123.2045,1
676,Botad,2022-02-09,123.1895,1
676,Botad,2022-02-10,123.17791489361703,1
676,Botad,2022-02-11,123.16277777777778,1
676,Botad,2022-02-12,123.15017021276596,1
676,Botad,2022-02-13,123.13795833333334,1
676,Botad,2022-02-14,123.12308333333334,1
676,Botad,2022-02-15,123.10804166666667,1
676,Botad,2022-02-16,123.09395833333333,1
676,Botad,2022-02-17,123.07917391304348,1
676,Botad,2022-02-18,123.064375,1
676,Botad,2022-02-19,123.04795833333333,1
676,Botad,2022-02-20,123.03120833333332,1
676,Botad,2022-02-21,123.01417021276596,1
676,Botad,2022-02-22,122.97483333333334,1
676,Botad,2022-02-23,122.98162500000001,1
676,Botad,2022-02-24,122.96625,1
676,Botad,2022-02-25,122.95095652173913,1
676,Botad,2022-02-26,122.93458695652174,1
676,Botad,2022-02-27,122.91795833333333,1
676,Botad,2022-02-28,122.90082608695653,1
676,Botad,2022-03-01,122.88469767441862,1
676,Botad,2022-03-02,122.86827659574469,1
676,Botad,2022-03-03,122.85095744680851,1
676,Botad,2022-03-04,122.83792857142858,1
676,Botad,2022-03-05,122.83891666666666,1
676,Botad,2022-03-06,122.8394888888889,1
676,Botad,2022-03-07,122.82579545454546,1
676,Botad,2022-03-08,122.84754166666666,1
676,Botad,2022-03-09,122.86139130434782,1
676,Botad,2022-03-10,122.85430232558139,1
676,Botad,2022-03-11,122.83680851063829,1
676,Botad,2022-03-12,122.81883333333333,1
676,Botad,2022-03-13,122.8063695652174,1
676,Botad,2022-03-14,122.79745833333334,1
676,Botad,2022-03-15,122.78295744680851,1
676,Botad,2022-03-16,122.76716666666668,1
676,Botad,2022-03-17,122.75251111111112,1
676,Botad,2022-03-18,122.74602127659574,1
676,Botad,2022-03-19,122.72712765957448,1
676,Botad,2022-03-20,122.71206122448979,1
676,Botad,2022-03-21,122.7,1
676,Botad,2022-03-22,122.68720930232558,1
676,Botad,2022-03-23,122.66991489361702,1
676,Botad,2022-03-24,122.65319565217392,1
676,Botad,2022-03-25,122.63698360655738,1
676,Botad,2022-03-26,122.62141666666668,1
676,Botad,2022-03-27,122.61400000000002,1
676,Botad,2022-03-28,122.6162463768116,1
676,Botad,2022-03-29,122.59132352941175,1
676,Botad,2022-03-30,122.57308333333334,1
676,Botad,2022-03-31,122.55574285714286,1
676,Botad,2022-04-01,122.53783098591549,1
676,Botad,2022-04-02,122.51864788732395,1
676,Botad,2022-04-03,122.49945833333332,1
676,Botad,2022-04-04,122.48102040816326,1
676,Botad,2022-04-05,122.46162500000001,1
676,Botad,2022-04-06,122.44208695652175,1
676,Botad,2022-04-07,122.42244444444445,1
676,Botad,2022-04-08,122.40191666666668,1
676,Botad,2022-04-09,122.37741666666666,1
676,Botad,2022-04-10,122.35816666666668,1
676,Botad,2022-04-11,122.336825,1
676,Botad,2022-04-12,122.31269565217391,1
676,Botad,2022-04-13,122.29376595744681,1
676,Botad,2022-04-14,122.27241666666667,1
676,Botad,2022-04-15,122.25088636363635,1
676,Botad,2022-04-16,122.22811363636364,1
676,Botad,2022-04-17,122.20479166666667,1
676,Botad,2022-04-18,122.18162222222222,1
676,Botad,2022-04-19,122.15836956521738,1
676,Botad,2022-04-20,122.13283333333334,1
676,Botad,2022-04-21,122.11623404255319,1
676,Botad,2022-04-22,122.09685106382977,1
676,Botad,2022-04-23,122.07475,1
676,Botad,2022-04-24,122.05055319148937,1
676,Botad,2022-04-25,122.02708695652174,1
676,Botad,2022-04-26,122.0051304347826,1
676,Botad,2022-04-27,121.97983720930232,1
676,Botad,2022-04-28,121.95783720930233,1
676,Botad,2022-04-29,121.91525,1
676,Botad,2022-04-30,121.86904166666666,1
676,Botad,2022-05-01,121.82983333333334,1
676,Botad,2022-05-02,121.78625,1
676,Botad,2022-05-03,121.74452173913042,1
676,Botad,2022-05-04,121.73095833333333,1
676,Botad,2022-05-05,121.7064347826087,1
676,Botad,2022-05-06,121.68289655172414,1
676,Botad,2022-05-07,121.65775000000001,1
676,Botad,2022-05-08,121.6358484848485,1
676,Botad,2022-05-09,121.61009677419355,1
676,Botad,2022-05-10,121.58839393939394,1
676,Botad,2022-05-11,121.56497435897435,1
676,Botad,2022-05-12,121.53697560975611,1
676,Botad,2022-05-13,121.50462162162162,1
676,Botad,2022-05-14,121.4768205128205,1
676,Botad,2022-05-15,121.45507692307692,1
676,Botad,2022-05-16,121.42807317073172,1
676,Botad,2022-05-17,121.4037,1
676,Botad,2022-05-18,121.38021052631579,1
676,Botad,2022-05-19,121.3601081081081,1
676,Botad,2022-05-20,121.33202702702702,1
676,Botad,2022-05-21,121.29697435897437,1
676,Botad,2022-05-22,121.27509523809525,1
676,Botad,2022-05-23,121.2530882352941,1
676,Botad,2022-05-24,121.23196969696968,1
676,Botad,2022-05-25,121.21193548387096,1
676,Botad,2022-05-26,121.18675675675675,1
676,Botad,2022-05-27,121.1557142857143,1
676,Botad,2022-05-28,121.13062500000001,1
676,Botad,2022-05-29,121.10809523809523,1
676,Botad,2022-05-30,121.09280952380952,1
676,Botad,2022-05-31,121.072325,1
676,Botad,2022-06-01,121.04815217391305,1
676,Botad,2022-06-02,121.02427586206898,1
676,Botad,2022-06-03,120.97145714285715,1
676,Botad,2022-06-04,120.9734864864865,1
676,Botad,2022-06-05,120.94827027027027,1
676,Botad,2022-06-06,120.9235,1
676,Botad,2022-06-07,120.89992105263158,1
676,Botad,2022-06-08,120.88414285714286,1
676,Botad,2022-06-09,120.86015909090908,1
676,Botad,2022-06-10,120.8371,1
676,Botad,2022-06-11,120.81258536585365,1
676,Botad,2022-06-12,120.79084375000001,1
676,Botad,2022-06-13,120.77873076923076,1
676,Botad,2022-06-14,120.80600000000001,1
676,Botad,2022-06-15,120.7893023255814,1
676,Botad,2022-06-16,120.766075,1
676,Botad,2022-06-17,120.7455581395349,1
676,Botad,2022-06-18,120.72897674418604,1
676,Botad,2022-06-19,120.72969047619047,1
676,Botad,2022-06-20,120.69442857142857,1
676,Botad,2022-06-21,120.67093023255815,1
676,Botad,2022-06-22,120.65055,1
676,Botad,2022-06-23,120.03475,1
676,Botad,2022-06-24,120.6157894736842,1
676,Botad,2022-06-25,120.58281081081081,1
676,Botad,2022-06-26,120.56685714285715,1
676,Botad,2022-06-27,120.79470731707316,1
676,Botad,2022-06-28,120.7859761904762,1
676,Botad,2022-06-29,120.7622380952381,1
676,Botad,2022-06-30,120.71880487804877,1
676,Botad,2022-07-01,120.7425,1
676,Botad,2022-07-02,120.71069047619048,1
676,Botad,2022-07-03,120.7080303030303,1
676,Botad,2022-07-04,120.69683333333333,1
676,Botad,2022-07-05,120.69449999999999,1
676,Botad,2022-07-06,120.70972093023256,1
676,Botad,2022-07-07,120.70511904761904,1
676,Botad,2022-07-08,120.71329729729729,1
676,Botad,2022-07-09,120.71033333333332,1
676,Botad,2022-07-10,120.700125,1
676,Botad,2022-07-11,120.689225,1
676,Botad,2022-07-12,120.67917500000001,1
676,Botad,2022-07-13,120.66618181818181,1
676,Botad,2022-07-14,120.65546341463414,1
676,Botad,2022-07-15,120.65202500000001,1
676,Botad,2022-07-16,120.6585,1
676,Botad,2022-07-17,120.65532608695653,1
676,Botad,2022-07-18,120.66867391304348,1
676,Botad,2022-07-19,120.63681578947367,1
676,Botad,2022-07-20,120.6269574468085,1
676,Botad,2022-07-21,120.61469444444444,1
676,Botad,2022-07-22,132.20260000000002,1
676,Botad,2022-07-23,120.59188095238096,1
676,Botad,2022-07-24,120.5803488372093,1
676,Botad,2022-07-25,120.57597560975609,1
676,Botad,2022-07-26,130.19845454545455,1
676,Botad,2022-07-27,120.55295652173912,1
676,Botad,2022-07-28,120.54147499999999,1
676,Botad,2022-07-29,120.53047826086957,1
676,Botad,2022-07-30,120.511,1
676,Botad,2022-07-31,120.49502222222222,1
676,Botad,2022-08-01,120.48215217391305,1
676,Botad,2022-08-02,120.45889130434783,1
676,Botad,2022-08-03,120.44656097560976,1
676,Botad,2022-08-04,120.47723076923077,1
676,Botad,2022-08-05,120.47376086956521,1
676,Botad,2022-08-06,120.48088095238096,1
676,Botad,2022-08-07,120.48784444444445,1
676,Botad,2022-08-08,120.49509523809523,1
676,Botad,2022-08-09,120.47788888888888,1
676,Botad,2022-08-10,120.46664285714284,1
676,Botad,2022-08-11,120.4770487804878,1
676,Botad,2022-08-12,120.49535,1
676,Botad,2022-08-13,120.49592857142856,1
676,Botad,2022-08-14,120.52386363636364,1
676,Botad,2022-08-15,120.66130000000001,1
676,Botad,2022-08-16,120.87971052631579,1
676,Botad,2022-08-17,121.105725,1
676,Botad,2022-08-18,121.10740476190477,1
676,Botad,2022-08-19,121.06767441860465,1
676,Botad,2022-08-20,121.16533333333332,1
676,Botad,2022-08-21,121.25730952380952,1
676,Botad,2022-08-22,121.373875,1
676,Botad,2022-08-23,121.45262162162163,1
676,Botad,2022-08-24,121.51270833333332,1
676,Botad,2022-08-25,121.52825,1
676,Botad,2022-08-26,121.53137500000001,1
676,Botad,2022-08-27,121.539,1
676,Botad,2022-08-28,121.54493103448276,1
676,Botad,2022-08-29,121.53896774193548,1
676,Botad,2022-08-30,121.53615625,1
676,Botad,2022-08-31,121.53993333333332,1
676,Botad,2022-09-01,121.53961904761904,1
676,Botad,2022-09-02,121.53330000000001,1
676,Botad,2022-09-03,121.52702439024391,1
676,Botad,2022-09-04,121.51095555555557,1
676,Botad,2022-09-05,121.4918085106383,1
676,Botad,2022-09-06,121.47030434782609,1
676,Botad,2022-09-07,121.4493409090909,1
676,Botad,2022-09-08,121.42706521739132,1
676,Botad,2022-09-09,121.40310869565216,1
676,Botad,2022-09-10,121.39328260869566,1
676,Botad,2022-09-11,121.42287234042553,1
676,Botad,2022-09-12,121.578125,1
676,Botad,2022-09-13,121.8006304347826,1
676,Botad,2022-09-14,121.9305,1
676,Botad,2022-09-15,121.94834782608696,1
676,Botad,2022-09-16,121.92402439024391,1
676,Botad,2022-09-17,121.909875,1
676,Botad,2022-09-18,121.89670588235295,1
676,Botad,2022-09-19,121.87477777777778,1
676,Botad,2022-09-20,142.8657142857143,1
676,Botad,2022-09-21,122.15003225806451,1
676,Botad,2022-09-22,122.26406451612904,1
676,Botad,2022-09-23,122.46288461538461,1
676,Botad,2022-09-24,122.66219354838711,1
676,Botad,2022-09-25,122.85437037037038,1
676,Botad,2022-09-26,123.0671,1
676,Botad,2022-09-27,123.24263333333333,1
676,Botad,2022-09-28,123.46064516129033,1
676,Botad,2022-09-29,123.64791891891892,1
676,Botad,2022-09-30,123.68061702127659,1
676,Botad,2022-10-01,123.75129787234042,1
676,Botad,2022-10-02,123.804625,1
676,Botad,2022-10-03,123.80670212765958,1
676,Botad,2022-10-04,123.77995833333334,1
676,Botad,2022-10-05,123.7315,1
676,Botad,2022-10-06,123.67468085106383,1
676,Botad,2022-10-07,123.61870212765957,1
676,Botad,2022-10-08,123.56320833333332,1
676,Botad,2022-10-09,123.52485106382979,1
676,Botad,2022-10-10,123.48511627906976,1
676,Botad,2022-10-11,123.46117142857142,1
676,Botad,2022-10-12,123.47853191489362,1
676,Botad,2022-10-13,123.52012765957447,1
676,Botad,2022-10-14,123.56762222222221,1
676,Botad,2022-10-15,123.63595744680852,1
676,Botad,2022-10-16,123.67382978723404,1
676,Botad,2022-10-17,123.63754166666666,1
676,Botad,2022-10-18,123.62934146341463,1
676,Botad,2022-10-19,123.62817391304347,1
676,Botad,2022-10-20,123.61055319148936,1
676,Botad,2022-10-21,123.62168085106383,1
676,Botad,2022-10-22,123.61938297872341,1
676,Botad,2022-10-23,123.60302127659574,1
676,Botad,2022-10-24,123.5863488372093,1
676,Botad,2022-10-25,123.56395,1
676,Botad,2022-10-26,123.54407692307693,1
676,Botad,2022-10-27,123.5276170212766,1
676,Botad,2022-10-28,123.51691304347827,1
676,Botad,2022-10-29,123.63868181818181,1
676,Botad,2022-10-30,123.7853,1
676,Botad,2022-10-31,123.93009090909092,1
676,Botad,2022-11-01,124.05385106382978,1
676,Botad,2022-11-02,124.15910638297872,1
676,Botad,2022-11-03,124.23909756097561,1
676,Botad,2022-11-04,124.2948484848485,1
676,Botad,2022-11-05,124.2806153846154,1
676,Botad,2022-11-06,124.29575,1
676,Botad,2022-11-07,124.34790476190476,1
676,Botad,2022-11-08,124.38557894736842,1
676,Botad,2022-11-09,124.4268,1
676,Botad,2022-11-10,124.46645454545455,1
676,Botad,2022-11-11,124.49626666666667,1
676,Botad,2022-11-12,124.51800000000001,1
676,Botad,2022-11-13,124.54134782608696,1
676,Botad,2022-11-14,124.56854166666666,1
676,Botad,2022-11-15,124.6012619047619,1
676,Botad,2022-11-16,124.61502499999999,1
676,Botad,2022-11-17,124.62043243243244,1
676,Botad,2022-11-18,124.6132380952381,1
676,Botad,2022-11-19,124.60066666666665,1
676,Botad,2022-11-20,124.59266666666667,1
676,Botad,2022-11-21,124.5785652173913,1
676,Botad,2022-11-22,124.545525,1
676,Botad,2022-11-23,124.4936153846154,1
676,Botad,2022-11-24,124.47076744186047,1
676,Botad,2022-11-25,124.68079166666666,1
676,Botad,2022-11-26,124.41120833333333,1
676,Botad,2022-11-27,124.37340425531916,1
676,Botad,2022-11-28,124.34436842105264,1
676,Botad,2022-11-29,124.30242424242425,1
676,Botad,2022-11-30,124.28830303030304,1
676,Botad,2022-12-01,124.29596551724138,1
676,Botad,2022-12-02,124.29721875,1
676,Botad,2022-12-03,124.2813142857143,1
676,Botad,2022-12-04,124.258875,1
676,Botad,2022-12-05,124.23821951219512,1
676,Botad,2022-12-06,124.21922727272727,1
676,Botad,2022-12-07,124.20242857142857,1
676,Botad,2022-12-08,124.1822380952381,1
676,Botad,2022-12-09,124.16397619047618,1
676,Botad,2022-12-10,124.14716666666668,1
676,Botad,2022-12-11,124.12963636363635,1
676,Botad,2022-12-12,124.09495833333334,1
676,Botad,2022-12-13,124.04442553191488,1
676,Botad,2022-12-14,123.9925,1
676,Botad,2022-12-15,123.94721739130435,1
676,Botad,2022-12-16,123.90928205128206,1
676,Botad,2022-12-17,123.86405405405407,1
676,Botad,2022-12-18,123.84160714285714,1
676,Botad,2022-12-19,123.82247619047618,1
676,Botad,2022-12-20,123.804625,1
676,Botad,2022-12-21,123.78582222222222,1
676,Botad,2022-12-22,123.76278571428573,1
676,Botad,2022-12-23,123.74136363636363,1
676,Botad,2022-12-24,123.72275,1
676,Botad,2022-12-25,123.7035238095238,1
676,Botad,2022-12-26,123.68645238095239,1
676,Botad,2022-12-27,123.66211904761906,1
676,Botad,2022-12-28,123.6155,1
676,Botad,2022-12-29,123.55286666666667,1
676,Botad,2022-12-30,123.5042857142857,1
676,Botad,2022-12-31,123.45847727272727,1
676,Botad,2023-01-01,123.43195652173912,1
676,Botad,2023-01-02,123.41835897435897,1
676,Botad,2023-01-03,123.40017073170732,1
676,Botad,2023-01-04,123.38332558139535,1
676,Botad,2023-01-05,123.3622894736842,1
676,Botad,2023-01-06,123.33786363636364,1
676,Botad,2023-01-07,123.28728205128205,1
676,Botad,2023-01-08,123.23282926829269,1
676,Botad,2023-01-09,123.1844375,1
676,Botad,2023-01-10,123.13489999999999,1
676,Botad,2023-01-11,123.0966046511628,1
676,Botad,2023-01-12,123.06522500000001,1
676,Botad,2023-01-13,123.04995238095238,1
676,Botad,2023-01-14,123.03518918918918,1
676,Botad,2023-01-15,123.01463157894739,1
676,Botad,2023-01-16,122.997875,1
676,Botad,2023-01-17,122.97852380952381,1
676,Botad,2023-01-18,122.96242222222223,1
676,Botad,2023-01-19,122.94645945945946,1
676,Botad,2023-01-20,122.93088,1
676,Botad,2023-01-21,122.92270833333333,1
676,Botad,2023-01-22,122.89383333333333,1
676,Botad,2023-01-23,122.86687878787879,1
676,Botad,2023-01-24,122.82229629629629,1
676,Botad,2023-01-25,122.75206976744185,1
676,Botad,2023-01-26,122.70358333333333,1
676,Botad,2023-01-27,122.6533829787234,1
676,Botad,2023-01-28,122.6273409090909,1
676,Botad,2023-01-29,122.65572727272728,1
676,Botad,2023-01-30,122.68374285714287,1
676,Botad,2023-01-31,122.68602439024392,1
676,Botad,2023-02-01,122.67102127659575,1
676,Botad,2023-02-02,122.65348837209304,1
676,Botad,2023-02-03,122.63944680851064,1
676,Botad,2023-02-04,122.62151162790698,1
676,Botad,2023-02-05,122.558625,1
676,Botad,2023-02-06,122.48454166666666,1
676,Botad,2023-02-07,122.41408695652173,1
676,Botad,2023-02-08,122.36027659574468,1
676,Botad,2023-02-09,122.30031707317073,1
676,Botad,2023-02-10,122.2369696969697,1
676,Botad,2023-02-11,122.21695833333332,1
676,Botad,2023-02-12,122.19880555555557,1
676,Botad,2023-02-13,122.18163829787234,1
676,Botad,2023-02-14,122.16941025641026,1
676,Botad,2023-02-15,122.15895121951219,1
676,Botad,2023-02-16,122.14491176470587,1
676,Botad,2023-02-17,122.1255,1
676,Botad,2023-02-18,122.08853333333333,1
676,Botad,2023-02-19,122.01882857142856,1
676,Botad,2023-02-20,121.95465957446808,1
676,Botad,2023-02-21,121.88706382978724,1
676,Botad,2023-02-22,121.81802173913043,1
676,Botad,2023-02-23,121.74678723404256,1
676,Botad,2023-02-24,121.6701914893617,1
676,Botad,2023-02-25,121.65088095238096,1
676,Botad,2023-02-26,121.63108333333334,1
676,Botad,2023-02-27,121.61924137931035,1
676,Botad,2023-02-28,121.59870000000001,1
676,Botad,2023-03-01,121.59645,1
676,Botad,2023-03-02,121.60146808510639,1
676,Botad,2023-03-03,121.59874418604652,1
676,Botad,2023-03-04,121.59831914893617,1
676,Botad,2023-03-05,121.61272727272727,1
676,Botad,2023-03-06,121.61111904761906,1
676,Botad,2023-03-07,121.6272380952381,1
676,Botad,2023-03-08,121.62780434782609,1
676,Botad,2023-03-09,121.61724999999998,1
676,Botad,2023-03-10,121.61054999999999,1
676,Botad,2023-03-11,121.61795555555555,1
676,Botad,2023-03-12,121.60608888888889,1
676,Botad,2023-03-13,121.59821951219513,1
676,Botad,2023-03-14,121.59855555555555,1
676,Botad,2023-03-15,121.58853333333332,1
676,Botad,2023-03-16,121.58586363636364,1
676,Botad,2023-03-17,121.58204545454545,1
676,Botad,2023-03-18,121.56721212121212,1
676,Botad,2023-03-19,121.54526315789474,1
676,Botad,2023-03-20,121.53036363636363,1
676,Botad,2023-03-21,121.5089761904762,1
676,Botad,2023-03-22,121.48978723404254,1
676,Botad,2023-03-23,121.46759574468085,1
676,Botad,2023-03-24,121.44840476190475,1
676,Botad,2023-03-25,121.4322380952381,1
676,Botad,2023-03-26,121.40687499999999,1
676,Botad,2023-03-27,121.38288636363636,1
676,Botad,2023-03-28,121.36148780487805,1
676,Botad,2023-03-29,121.33570731707317,1
676,Botad,2023-03-30,121.3118,1
676,Botad,2023-03-31,121.28770270270272,1
676,Botad,2023-04-01,121.26121951219513,1
676,Botad,2023-04-02,121.23808333333334,1
676,Botad,2023-04-03,121.2224,1
676,Botad,2023-04-04,121.19945714285714,1
676,Botad,2023-04-05,121.20544444444444,1
676,Botad,2023-04-06,121.19279166666666,1
676,Botad,2023-04-07,121.18414634146342,1
676,Botad,2023-04-08,121.17565853658537,1
676,Botad,2023-04-09,121.17654166666667,1
676,Botad,2023-04-10,121.16497674418605,1
676,Botad,2023-04-11,121.14178571428572,1
676,Botad,2023-04-12,121.11820833333333,1
676,Botad,2023-04-13,121.1237380952381,1
676,Botad,2023-04-14,121.11157499999999,1
676,Botad,2023-04-15,121.09851282051281,1
676,Botad,2023-04-16,121.07680555555557,1
676,Botad,2023-04-17,121.06335555555555,1
676,Botad,2023-04-18,121.07183333333334,1
676,Botad,2023-04-19,121.07534042553192,1
676,Botad,2023-04-20,121.06472093023257,1
676,Botad,2023-04-21,121.03781395348838,1
676,Botad,2023-04-22,121.02134883720929,1
676,Botad,2023-04-23,120.96369444444446,1
676,Botad,2023-04-24,120.9717111111111,1
676,Botad,2023-04-25,120.97195454545454,1
676,Botad,2023-04-26,120.95889473684211,1
676,Botad,2023-04-27,120.95786486486486,1
676,Botad,2023-04-28,120.97340000000001,1
676,Botad,2023-04-29,120.93975,1
676,Botad,2023-04-30,120.9268717948718,1
676,Botad,2023-05-01,120.90712765957447,1
676,Botad,2023-05-02,120.88533333333334,1
676,Botad,2023-05-03,120.86375609756097,1
676,Botad,2023-05-04,120.83782926829268,1
676,Botad,2023-05-05,120.83379166666667,1
676,Botad,2023-05-06,120.81002272727272,1
676,Botad,2023-05-07,120.86283333333334,1
676,Botad,2023-05-08,120.8328043478261,1
676,Botad,2023-05-09,120.86570454545455,1
676,Botad,2023-05-10,120.80463829787234,1
676,Botad,2023-05-11,120.84810638297873,1
676,Botad,2023-05-12,120.78783333333334,1
676,Botad,2023-05-13,120.80826666666667,1
676,Botad,2023-05-14,120.82080555555555,1
676,Botad,2023-05-15,120.93189473684211,1
676,Botad,2023-05-16,120.95013793103449,1
676,Botad,2023-05-17,121.02147826086957,1
676,Botad,2023-05-18,120.9686,1
676,Botad,2023-05-19,120.93975862068966,1
676,Botad,2023-05-20,120.91183333333333,1
676,Botad,2023-05-21,120.893625,1
676,Botad,2023-05-22,120.86742857142858,1
676,Botad,2023-05-23,120.90285365853659,1
676,Botad,2023-05-24,120.9270303030303,1
676,Botad,2023-05-25,120.86713333333334,1
676,Botad,2023-05-26,120.85378787878788,1
676,Botad,2023-05-27,120.83090625,1
676,Botad,2023-05-29,120.85079999999999,1
676,Botad,2023-05-30,120.8855641025641,1
676,Botad,2023-05-31,120.838375,1
676,Botad,2023-06-01,120.81064102564102,1
676,Botad,2023-06-02,120.77954166666666,1
676,Botad,2023-06-03,120.75028571428571,1
676,Botad,2023-06-04,120.72333333333334,1
676,Botad,2023-06-05,120.70164285714286,1
676,Botad,2023-06-06,120.67277777777778,1
676,Botad,2023-06-07,120.64714893617021,1
676,Botad,2023-06-08,120.60844680851064,1
676,Botad,2023-06-09,120.54675,1
676,Botad,2023-06-10,120.502225,1
676,Botad,2023-06-11,120.46166666666666,1
676,Botad,2023-06-12,120.42871428571429,1
676,Botad,2023-06-13,120.4204255319149,1
676,Botad,2023-06-14,120.399,1
676,Botad,2023-06-15,120.403425,1
676,Botad,2023-06-16,120.3995,1
676,Botad,2023-06-17,120.39023076923078,1
676,Botad,2023-06-19,120.4046,1
676,Botad,2023-06-20,120.41192307692307,1
676,Botad,2023-06-21,120.40357142857144,1
676,Botad,2023-06-22,120.40193333333333,1
676,Botad,2023-06-23,120.337625,1
676,Botad,2023-06-24,120.34492307692307,1
676,Botad,2023-06-25,120.44771428571428,1
676,Botad,2023-06-26,120.48354545454545,1
676,Botad,2023-06-27,120.47316216216215,1
676,Botad,2023-06-28,120.82511764705883,1
676,Botad,2023-06-29,121.69920512820514,1
676,Botad,2023-06-30,121.75814285714284,1
676,Botad,2023-07-01,121.75341860465116,1
676,Botad,2023-07-02,121.77613333333333,1
676,Botad,2023-07-03,121.8176551724138,1
676,Botad,2023-07-04,121.8105,1
676,Botad,2023-07-05,121.79842857142857,1
676,Botad,2023-07-06,121.89764516129033,1
676,Botad,2023-07-07,119.0128780487805,1
676,Botad,2023-07-08,122.39617391304348,1
676,Botad,2023-07-09,122.46589999999999,1
676,Botad,2023-07-10,122.56980000000001,1
676,Botad,2023-07-11,122.5979,1
676,Botad,2023-07-12,122.60088888888887,1
676,Botad,2023-07-13,122.6025172413793,1
676,Botad,2023-07-14,122.59944,1
676,Botad,2023-07-15,122.59736111111111,1
676,Botad,2023-07-16,139.26258333333334,1
676,Botad,2023-07-17,122.59175,1
676,Botad,2023-07-18,122.5879705882353,1
676,Botad,2023-07-19,122.60716000000001,1
676,Botad,2023-07-20,122.63764705882353,1
676,Botad,2023-07-21,122.69734782608697,1
676,Botad,2023-07-22,122.7546,1
676,Botad,2023-07-23,122.92516666666667,1
676,Botad,2023-07-24,123.03643243243243,1
676,Botad,2023-07-25,123.08130434782608,1
676,Botad,2023-07-26,123.11888888888888,1
676,Botad,2023-07-27,123.157,1
676,Botad,2023-07-28,123.18435,1
676,Botad,2023-07-29,123.20835294117647,1
676,Botad,2023-07-30,123.22436111111112,1
676,Botad,2023-07-31,123.24303030303031,1
676,Botad,2023-08-01,123.2576511627907,1
676,Botad,2023-08-02,123.26859523809523,1
676,Botad,2023-08-03,123.27982608695653,1
676,Botad,2023-08-04,123.2897027027027,1
676,Botad,2023-08-05,123.30128571428573,1
676,Botad,2023-08-06,123.30574468085106,1
676,Botad,2023-08-07,123.30858974358974,1
676,Botad,2023-08-08,123.30846875,1
676,Botad,2023-08-09,123.30628947368422,1
676,Botad,2023-08-10,123.30555319148935,1
676,Botad,2023-08-11,123.30268292682926,1
676,Botad,2023-08-12,123.30027500000001,1
676,Botad,2023-08-13,123.29063829787233,1
676,Botad,2023-08-14,123.2835,1
676,Botad,2023-08-15,123.27567441860465,1
676,Botad,2023-08-16,123.26817021276597,1
676,Botad,2023-08-17,123.260625,1
676,Botad,2023-08-18,123.25119565217392,1
676,Botad,2023-08-19,123.24225,1
676,Botad,2023-08-20,123.23195833333334,1
676,Botad,2023-08-21,123.22242222222222,1
676,Botad,2023-08-22,123.21777777777778,1
676,Botad,2023-08-23,123.20847826086957,1
676,Botad,2023-08-24,123.2,1
676,Botad,2023-08-25,123.1880909090909,1
676,Botad,2023-08-26,123.17611363636364,1
676,Botad,2023-08-27,123.16255263157893,1
676,Botad,2023-08-28,123.15014285714287,1
676,Botad,2023-08-29,123.13746666666665,1
676,Botad,2023-08-30,123.1255625,1
676,Botad,2023-08-31,123.11372413793103,1
676,Botad,2023-09-01,152.91111111111113,1
676,Botad,2023-09-02,123.08848148148148,1
676,Botad,2023-09-03,123.07263636363636,1
676,Botad,2023-09-04,168.2278695652174,1
676,Botad,2023-09-05,282.72816216216216,1
676,Botad,2023-09-06,203.7259347826087,1
676,Botad,2023-09-07,245.56189361702127,1
676,Botad,2023-09-08,285.994125,1
676,Botad,2023-09-09,252.36124999999998,1
676,Botad,2023-09-10,172.0192380952381,1
676,Botad,2023-09-11,122.96514285714285,1
676,Botad,2023-09-12,212.19525,1
676,Botad,2023-09-13,375.4117857142857,1
676,Botad,2023-09-14,223.25342857142857,1
676,Botad,2023-09-15,193.49729032258065,1
676,Botad,2023-09-16,224.5283333333333,1
676,Botad,2023-09-17,176.53264864864863,1
676,Botad,2023-09-18,159.05439024390242,1
676,Botad,2023-09-19,159.87135714285714,1
676,Botad,2023-09-20,199.52274285714287,1
676,Botad,2023-09-21,139.9245625,1
676,Botad,2023-09-22,228.8257380952381,1
676,Botad,2023-09-23,240.25497872340426,1
676,Botad,2023-09-24,269.0477608695652,1
676,Botad,2023-09-25,170.29484782608696,1
676,Botad,2023-09-26,161.24202325581396,1
676,Botad,2023-09-27,137.191975,1
676,Botad,2023-09-28,150.707875,1
676,Botad,2023-09-29,150.187,1
676,Botad,2023-09-30,229.83855555555556,1
676,Botad,2023-10-01,308.81745454545455,1
676,Botad,2023-10-02,267.60543181818184,1
676,Botad,2023-10-03,243.0860303030303,1
676,Botad,2023-10-04,262.0850238095238,1
676,Botad,2023-10-05,281.3905909090909,1
676,Botad,2023-10-06,292.0568409090909,1
676,Botad,2023-10-07,307.40404255319146,1
676,Botad,2023-10-08,122.76774999999999,1
676,Botad,2023-10-09,181.23243902439023,1
676,Botad,2023-10-10,135.40236170212765,1
676,Botad,2023-10-11,222.53212499999998,1
676,Botad,2023-10-12,149.3008,1
676,Botad,2023-10-13,164.36953488372095,1
676,Botad,2023-10-14,198.52539583333336,1
676,Botad,2023-10-15,174.83747826086957,1
676,Botad,2023-10-16,200.12902173913042,1
676,Botad,2023-10-17,227.39276595744684,1
676,Botad,2023-10-18,225.31785416666665,1
676,Botad,2023-10-19,219.92559090909091,1
676,Botad,2023-10-20,327.1380833333333,1
676,Botad,2023-10-21,227.9378275862069,1
676,Botad,2023-10-22,122.60160714285713,1
676,Botad,2023-10-23,122.64748148148148,1
676,Botad,2023-10-24,122.6501875,1
676,Botad,2023-10-25,156.02708108108106,1
676,Botad,2023-10-26,122.74881395348837,1
676,Botad,2023-10-27,137.05318604651163,1
676,Botad,2023-10-28,122.7468717948718,1
676,Botad,2023-10-29,122.7487619047619,1
676,Botad,2023-10-30,122.74741025641026,1
676,Botad,2023-10-31,122.74519047619047,1
676,Botad,2023-11-01,122.76010256410257,1
676,Botad,2023-11-02,136.35031818181818,1
676,Botad,2023-11-03,180.19185714285715,1
676,Botad,2023-11-04,149.5019333333333,1
676,Botad,2023-11-05,162.9496888888889,1
676,Botad,2023-11-06,151.14154545454545,1
676,Botad,2023-11-07,122.7474,1
676,Botad,2023-11-08,165.31306818181818,1
676,Botad,2023-11-09,122.92045238095237,1
676,Botad,2023-11-10,163.23834782608697,1
676,Botad,2023-11-11,123.03255555555556,1
676,Botad,2023-11-12,198.10974418604653,1
676,Botad,2023-11-13,177.80217391304348,1
676,Botad,2023-11-14,218.63410869565217,1
676,Botad,2023-11-15,192.70526666666666,1
676,Botad,2023-11-16,210.81893023255813,1
676,Botad,2023-11-17,201.20427083333334,1
676,Botad,2023-11-18,158.05242857142858,1
676,Botad,2023-11-19,175.14285714285714,1
676,Botad,2023-11-20,202.8468205128205,1
676,Botad,2023-11-21,161.79570833333332,1
676,Botad,2023-11-22,175.42544680851066,1
676,Botad,2023-11-23,173.45706382978724,1
676,Botad,2023-11-24,199.6736595744681,1
676,Botad,2023-11-25,176.9416,1
676,Botad,2023-11-26,198.8129375,1
676,Botad,2023-11-27,173.26791666666668,1
676,Botad,2023-11-28,198.48935416666666,1
676,Botad,2023-11-29,216.0967391304348,1
676,Botad,2023-11-30,363.4056739130435,1
676,Botad,2023-12-01,203.15873913043478,1
676,Botad,2023-12-02,161.9303404255319,1
676,Botad,2023-12-03,174.480914893617,1
676,Botad,2023-12-04,148.49620833333333,1
676,Botad,2023-12-05,213.54102127659573,1
676,Botad,2023-12-06,137.2559024390244,1
676,Botad,2023-12-07,181.66061904761904,1
676,Botad,2023-12-08,162.38635416666668,1
676,Botad,2023-12-09,166.75290697674419,1
676,Botad,2023-12-10,161.98416666666665,1
676,Botad,2023-12-11,135.9686739130435,1
676,Botad,2023-12-12,135.19481249999998,1
676,Botad,2023-12-13,175.00418749999997,1
676,Botad,2023-12-14,161.9139375,1
676,Botad,2023-12-15,203.60429787234042,1
676,Botad,2023-12-16,216.3775744680851,1
676,Botad,2023-12-17,180.48665909090911,1
676,Botad,2023-12-18,196.66886363636365,1
676,Botad,2023-12-19,164.08348936170214,1
676,Botad,2023-12-20,232.23775609756098,1
676,Botad,2023-12-21,166.36747727272726,1
676,Botad,2023-12-22,148.8934375,1
676,Botad,2023-12-23,185.40460000000002,1
676,Botad,2023-12-24,185.35280952380953,1
676,Botad,2023-12-25,163.29547916666667,1
676,Botad,2023-12-26,179.98935555555556,1
676,Botad,2023-12-27,205.86565957446808,1
676,Botad,2023-12-28,235.95490909090907,1
676,Botad,2023-12-29,181.02858139534885,1
676,Botad,2023-12-30,232.9771333333333,1
676,Botad,2023-12-31,392.45300000000003,1
676,Botad,2024-01-01,219.49224444444445,1
676,Botad,2024-01-02,199.90064999999998,1
676,Botad,2024-01-03,168.76055,1
676,Botad,2024-01-04,175.61906382978722,1
676,Botad,2024-01-05,176.0838510638298,1
676,Botad,2024-01-06,163.59963829787233,1
676,Botad,2024-01-07,163.80263043478263,1
676,Botad,2024-01-08,149.8048695652174,1
676,Botad,2024-01-09,163.14927659574468,1
676,Botad,2024-01-10,149.76059574468084,1
676,Botad,2024-01-11,182.80590697674418,1
676,Botad,2024-01-12,221.17786666666663,1
676,Botad,2024-01-13,203.8950512820513,1
676,Botad,2024-01-14,174.32505405405405,1
676,Botad,2024-01-15,144.62724137931033,1
676,Botad,2024-01-16,141.04166666666666,1
676,Botad,2024-01-17,189.07622222222224,1
676,Botad,2024-01-18,149.53559574468085,1
676,Botad,2024-01-19,174.44129166666667,1
676,Botad,2024-01-20,168.21806382978724,1
676,Botad,2024-01-21,183.70416666666665,1
676,Botad,2024-01-22,151.3242,1
676,Botad,2024-01-23,199.03064705882352,1
676,Botad,2024-01-24,207.20453333333333,1
676,Botad,2024-01-25,163.66642553191488,1
676,Botad,2024-01-26,158.69864864864866,1
676,Botad,2024-01-27,235.0466857142857,1
676,Botad,2024-01-28,173.53710526315788,1
676,Botad,2024-01-29,195.16966666666667,1
676,Botad,2024-01-30,154.7741,1
676,Botad,2024-01-31,208.29402272727273,1
676,Botad,2024-02-01,136.96927906976745,1
676,Botad,2024-02-02,136.3901914893617,1
676,Botad,2024-02-03,135.96189361702127,1
676,Botad,2024-02-04,163.30457446808512,1
676,Botad,2024-02-05,135.65058333333334,1
676,Botad,2024-02-06,136.18247916666667,1
676,Botad,2024-02-07,137.22688636363637,1
676,Botad,2024-02-08,155.30860975609755,1
676,Botad,2024-02-09,167.05781395348836,1
676,Botad,2024-02-10,205.1659574468085,1
676,Botad,2024-02-11,166.3711111111111,1
676,Botad,2024-02-12,178.91780434782612,1
676,Botad,2024-02-13,206.54397826086955,1
676,Botad,2024-02-14,210.4681590909091,1
676,Botad,2024-02-15,224.1813636363636,1
676,Botad,2024-02-16,282.1979090909091,1
676,Botad,2024-02-17,221.93239534883722,1
676,Botad,2024-02-18,239.08271739130436,1
676,Botad,2024-02-19,249.3972765957447,1
676,Botad,2024-02-20,215.79017777777776,1
676,Botad,2024-02-21,200.27821739130437,1
676,Botad,2024-02-22,122.45975757575758,1
676,Botad,2024-02-23,175.46425714285715,1
676,Botad,2024-02-24,218.35266666666664,1
676,Botad,2024-02-25,192.87900000000002,1
676,Botad,2024-02-26,187.60443243243242,1
676,Botad,2024-02-27,195.3330476190476,1
676,Botad,2024-02-28,174.7111304347826,1
676,Botad,2024-02-29,345.5603541666667,1
676,Botad,2024-03-01,197.2107659574468,1
676,Botad,2024-03-02,186.56415217391307,1
676,Botad,2024-03-03,212.3329756097561,1
676,Botad,2024-03-04,205.9788,1
676,Botad,2024-03-05,219.41902222222222,1
676,Botad,2024-03-06,191.4316590909091,1
676,Botad,2024-03-07,200.65508510638298,1
676,Botad,2024-03-08,202.87365217391306,1
676,Botad,2024-03-09,204.62602222222222,1
676,Botad,2024-03-10,147.54734042553193,1
676,Botad,2024-03-11,188.2387234042553,1
676,Botad,2024-03-12,223.86058139534882,1
676,Botad,2024-03-13,221.49020930232558,1
676,Botad,2024-03-14,205.9335909090909,1
676,Botad,2024-03-15,176.67445454545452,1
676,Botad,2024-03-16,162.50811363636365,1
676,Botad,2024-03-17,176.37888636363638,1
676,Botad,2024-03-18,186.20139130434782,1
676,Botad,2024-03-19,226.948,1
676,Botad,2024-03-20,238.53363043478262,1
676,Botad,2024-03-21,192.29241463414635,1
676,Botad,2024-03-22,265.69684615384614,1
676,Botad,2024-03-23,181.192,1
676,Botad,2024-03-24,205.99597777777777,1
676,Botad,2024-03-25,186.30116216216217,1
676,Botad,2024-03-26,213.72913157894737,1
676,Botad,2024-03-27,200.45923684210527,1
676,Botad,2024-03-28,159.0593125,1
676,Botad,2024-03-29,177.22009523809524,1
676,Botad,2024-03-30,203.74909090909088,1
676,Botad,2024-03-31,285.3333333333333,1
676,Botad,2024-04-01,254.86443181818183,1
676,Botad,2024-04-02,173.84720930232558,1
676,Botad,2024-04-03,210.46464444444445,1
676,Botad,2024-04-04,184.83065217391302,1
676,Botad,2024-04-05,216.31327906976742,1
676,Botad,2024-04-06,186.86386046511626,1
676,Botad,2024-04-07,217.36270731707316,1
676,Botad,2024-04-08,162.71029268292685,1
676,Botad,2024-04-09,172.3985,1
676,Botad,2024-04-10,155.4359696969697,1
676,Botad,2024-04-11,141.43096551724136,1
676,Botad,2024-04-12,192.83207692307693,1
676,Botad,2024-04-13,169.11806666666666,1
676,Botad,2024-04-14,217.86347619047618,1
676,Botad,2024-04-15,210.41375,1
676,Botad,2024-04-16,204.7332380952381,1
676,Botad,2024-04-17,217.8851707317073,1
676,Botad,2024-04-18,193.6953076923077,1
676,Botad,2024-04-19,121.27594117647058,1
676,Botad,2024-04-20,121.26591666666667,1
676,Botad,2024-04-21,120.73685294117647,1
676,Botad,2024-04-22,121.21434375,1
676,Botad,2024-04-23,121.197,1
676,Botad,2024-04-24,121.17409375,1
676,Botad,2024-04-25,121.15953846153846,1
676,Botad,2024-04-26,121.13958333333332,1
676,Botad,2024-04-27,121.12082352941177,1
676,Botad,2024-04-28,121.10171052631578,1
676,Botad,2024-04-29,121.07988235294118,1
676,Botad,2024-04-30,121.04775757575757,1
676,Botad,2024-05-01,121.02900000000001,1
676,Botad,2024-05-02,121.00516666666665,1
676,Botad,2024-05-03,175.61166666666665,1
676,Botad,2024-05-04,169.38745714285713,1
676,Botad,2024-05-05,134.84607499999998,1
676,Botad,2024-05-06,165.1388918918919,1
676,Botad,2024-05-07,187.65539024390245,1
676,Botad,2024-05-08,177.05197297297298,1
676,Botad,2024-05-09,150.73,1
676,Botad,2024-05-10,120.87189285714285,1
676,Botad,2024-05-11,120.84448387096775,1
676,Botad,2024-05-12,120.81592105263158,1
676,Botad,2024-05-13,161.18302325581396,1
676,Botad,2024-05-14,196.6952222222222,1
676,Botad,2024-05-15,149.09871428571427,1
676,Botad,2024-05-16,216.40065853658535,1
676,Botad,2024-05-17,182.05227272727274,1
676,Botad,2024-05-18,214.2509268292683,1
676,Botad,2024-05-19,177.17633333333333,1
676,Botad,2024-05-20,160.3592105263158,1
676,Botad,2024-05-21,182.8451219512195,1
676,Botad,2024-05-22,154.25994594594596,1
676,Botad,2024-05-23,181.69525000000002,1
676,Botad,2024-05-24,176.84773076923076,1
676,Botad,2024-05-25,170.74492307692307,1
676,Botad,2024-05-26,195.750225,1
676,Botad,2024-05-27,169.852025,1
676,Botad,2024-05-28,188.24375,1
676,Botad,2024-05-29,160.55015789473683,1
676,Botad,2024-05-30,156.06583870967742,1
676,Botad,2024-05-31,157.4517741935484,1
676,Botad,2024-06-01,161.43365853658537,1
676,Botad,2024-06-02,192.4841956521739,1
676,Botad,2024-06-03,170.60727272727274,1
676,Botad,2024-06-04,163.2844,1
676,Botad,2024-06-05,143.30951851851853,1
676,Botad,2024-06-06,198.40051162790698,1
676,Botad,2024-06-07,172.43097674418604,1
676,Botad,2024-06-08,181.1789318181818,1
676,Botad,2024-06-09,156.0913953488372,1
676,Botad,2024-06-10,160.35738461538463,1
676,Botad,2024-06-11,222.06376923076925,1
676,Botad,2024-06-12,191.83315789473684,1
676,Botad,2024-06-13,202.4272,1
676,Botad,2024-06-14,140.7517037037037,1
676,Botad,2024-06-15,168.569125,1
676,Botad,2024-06-16,120.70470833333333,1
676,Botad,2024-06-17,167.42760606060605,1
676,Botad,2024-06-18,139.8042962962963,1
676,Botad,2024-06-19,138.9351851851852,1
676,Botad,2024-06-20,120.91495833333333,1
676,Botad,2024-06-21,120.85787499999999,1
676,Botad,2024-06-22,120.72608333333334,1
676,Botad,2024-06-23,120.67608333333334,1
676,Botad,2024-06-24,120.75079166666667,1
676,Botad,2024-06-25,120.6728695652174,1
676,Botad,2024-06-26,120.73230434782609,1
676,Botad,2024-06-27,120.68583333333333,1
676,Botad,2024-06-28,120.617125,1
676,Botad,2024-06-29,120.60337499999999,1
676,Botad,2024-06-30,120.56520833333333,1
676,Botad,2024-07-01,120.60025,1
676,Botad,2024-07-02,120.746,1
676,Botad,2024-07-03,120.50126086956521,1
676,Botad,2024-07-04,120.68795652173912,1
676,Botad,2024-07-05,139.35084,1
676,Botad,2024-07-06,120.35619999999999,1
676,Botad,2024-07-07,120.6737142857143,1
676,Botad,2024-07-08,143.25521739130434,1
676,Botad,2024-07-09,142.2718,1
676,Botad,2024-07-10,140.33384,1
676,Botad,2024-07-11,158.57899999999998,1
676,Botad,2024-07-12,138.61228,1
676,Botad,2024-07-13,120.38714285714286,1
676,Botad,2024-07-14,140.9201304347826,1
676,Botad,2024-07-15,164.894,1
676,Botad,2024-07-16,168.57113793103449,1
676,Botad,2024-07-17,182.17814285714286,1
676,Botad,2024-07-18,140.09708333333333,1
676,Botad,2024-07-19,120.47004347826088,1
676,Botad,2024-07-20,120.457,1
676,Botad,2024-07-21,120.40925,1
676,Botad,2024-07-22,120.39966666666668,1
676,Botad,2024-07-23,155.99292592592593,1
676,Botad,2024-07-24,181.14853333333335,1
676,Botad,2024-07-25,150.98324137931036,1
676,Botad,2024-07-26,173.9058125,1
676,Botad,2024-07-27,163.86451515151518,1
676,Botad,2024-07-28,171.23600000000002,1
676,Botad,2024-07-29,135.78786666666667,1
676,Botad,2024-07-30,181.22512903225808,1
676,Botad,2024-07-31,155.77475,1
676,Botad,2024-08-01,163.48425714285713,1
676,Botad,2024-08-02,169.31143333333333,1
676,Botad,2024-08-03,168.85273333333333,1
676,Botad,2024-08-04,175.22546428571428,1
676,Botad,2024-08-05,191.969,1
676,Botad,2024-08-06,157.4043448275862,1
676,Botad,2024-08-07,141.02492,1
676,Botad,2024-08-08,120.3602,1
676,Botad,2024-08-09,120.12252173913045,1
676,Botad,2024-08-10,120.12159090909091,1
676,Botad,2024-08-11,120.12065217391304,1
676,Botad,2024-08-12,155.31903846153847,1
676,Botad,2024-08-13,165.9283333333333,1
676,Botad,2024-08-14,143.05145833333333,1
676,Botad,2024-08-15,140.7777037037037,1
676,Botad,2024-08-16,139.1881111111111,1
676,Botad,2024-08-17,121.29775000000001,1
676,Botad,2024-08-18,121.37164285714286,1
676,Botad,2024-08-19,121.39814285714286,1
676,Botad,2024-08-20,152.484,1
676,Botad,2024-08-21,121.53282608695653,1
676,Botad,2024-08-22,152.6384705882353,1
676,Botad,2024-08-23,240.02447222222222,1
676,Botad,2024-08-24,219.90135135135137,1
676,Botad,2024-08-25,228.48385714285715,1
676,Botad,2024-08-26,188.24790476190478,1
676,Botad,2024-08-27,292.65046153846157,1
676,Botad,2024-08-28,172.93357142857144,1
676,Botad,2024-08-29,197.95915151515152,1
676,Botad,2024-08-30,184.70220588235293,1
676,Botad,2024-08-31,167.16319230769233,1
676,Botad,2024-09-01,148.63482608695654,1
676,Botad,2024-09-02,124.94570731707319,1
676,Botad,2024-09-03,125.17321739130435,1
676,Botad,2024-09-04,125.38008333333333,1
676,Botad,2024-09-05,147.85215217391305,1
676,Botad,2024-09-06,136.43289583333333,1
676,Botad,2024-09-07,148.81665957446808,1
676,Botad,2024-09-08,182.12908333333334,1
676,Botad,2024-09-09,160.0281304347826,1
676,Botad,2024-09-10,126.29679166666666,1
676,Botad,2024-09-11,158.7671914893617,1
676,Botad,2024-09-12,149.88404444444444,1
676,Botad,2024-09-13,137.83536956521738,1
676,Botad,2024-09-14,126.27755319148936,1
676,Botad,2024-09-15,138.18658695652175,1
676,Botad,2024-09-16,126.28507692307693,1
676,Botad,2024-09-17,153.13853658536587,1
676,Botad,2024-09-18,137.58675,1
676,Botad,2024-09-19,148.88960416666666,1
676,Botad,2024-09-20,137.54906250000002,1
676,Botad,2024-09-21,150.33376086956522,1
676,Botad,2024-09-22,138.1944565217391,1
676,Botad,2024-09-23,138.33797777777778,1
676,Botad,2024-09-24,149.64946511627906,1
676,Botad,2024-09-25,141.30217647058825,1
676,Botad,2024-09-26,150.95324390243903,1
676,Botad,2024-09-27,126.34282608695653,1
676,Botad,2024-09-28,126.34641860465116,1
676,Botad,2024-09-29,183.273325,1
676,Botad,2024-09-30,325.04621052631575,1
676,Botad,2024-10-01,226.6057111111111,1
676,Botad,2024-10-02,126.30278723404255,1
676,Botad,2024-10-03,174.2983260869565,1
676,Botad,2024-10-04,161.57093617021278,1
676,Botad,2024-10-05,174.35887234042553,1
676,Botad,2024-10-06,177.6750888888889,1
676,Botad,2024-10-07,126.26555813953487,1
676,Botad,2024-10-08,139.18648888888887,1
676,Botad,2024-10-09,126.26548936170212,1
676,Botad,2024-10-10,138.6059111111111,1
676,Botad,2024-10-11,139.74060465116278,1
676,Botad,2024-10-12,151.07297826086958,1
676,Botad,2024-10-13,150.39360416666668,1
676,Botad,2024-10-14,182.13597619047619,1
676,Botad,2024-10-15,193.10702325581397,1
676,Botad,2024-10-16,222.11314285714286,1
676,Botad,2024-10-17,184.09461904761906,1
676,Botad,2024-10-18,153.0690476190476,1
676,Botad,2024-10-19,211.9567234042553,1
676,Botad,2024-10-20,142.30772972972974,1
676,Botad,2024-10-21,201.45010256410256,1
676,Botad,2024-10-22,184.1422195121951,1
676,Botad,2024-10-23,170.464925,1
676,Botad,2024-10-24,184.40790243902438,1
676,Botad,2024-10-25,173.51056756756756,1
676,Botad,2024-10-26,141.24417948717948,1
676,Botad,2024-10-27,138.0185744680851,1
676,Botad,2024-10-28,276.41208108108106,1
676,Botad,2024-10-29,126.2398125,1
676,Botad,2024-10-30,173.5432972972973,1
676,Botad,2024-10-31,312.1494,1
676,Botad,2024-11-01,219.34797777777777,1
676,Botad,2024-11-02,168.4294418604651,1
676,Botad,2024-11-03,198.38771428571428,1
676,Botad,2024-11-04,203.9985641025641,1
676,Botad,2024-11-05,197.38582352941177,1
676,Botad,2024-11-06,126.18191304347827,1
676,Botad,2024-11-07,139.38132608695653,1
676,Botad,2024-11-08,164.34453191489362,1
676,Botad,2024-11-09,167.47863636363635,1
676,Botad,2024-11-10,182.77706818181818,1
676,Botad,2024-11-11,238.19178947368422,1
676,Botad,2024-11-12,139.76569767441862,1
676,Botad,2024-11-13,182.16685714285714,1
676,Botad,2024-11-14,156.1391794871795,1
676,Botad,2024-11-15,180.79725,1
676,Botad,2024-11-16,153.81586363636364,1
676,Botad,2024-11-17,154.9932619047619,1
676,Botad,2024-11-18,142.47533333333334,1
676,Botad,2024-11-19,126.06654545454545,1
676,Botad,2024-11-20,126.05666666666667,1
676,Botad,2024-11-21,126.04828571428573,1
676,Botad,2024-11-22,151.44352173913043,1
676,Botad,2024-11-23,126.10884210526315,1
676,Botad,2024-11-24,126.19,1
676,Botad,2024-11-25,126.18047619047618,1
676,Botad,2024-11-26,165.05080645161289,1
676,Botad,2024-11-27,164.17614583333332,1
676,Botad,2024-11-28,205.488,1
676,Botad,2024-11-29,189.39635897435898,1
676,Botad,2024-11-30,126.1276153846154,1
676,Botad,2024-12-01,126.11717647058825,1
676,Botad,2024-12-02,176.0305142857143,1
676,Botad,2024-12-03,425.0399565217391,1
676,Botad,2024-12-04,361.75516666666664,1
676,Botad,2024-12-05,421.6289428571429,1
676,Botad,2024-12-06,414.9276521739131,1
676,Botad,2024-12-07,392.21026315789476,1
676,Botad,2024-12-08,380.09878947368423,1
676,Botad,2024-12-09,416.8031627906977,1
676,Botad,2024-12-10,491.3789444444444,1
676,Botad,2024-12-11,428.1246511627907,1
676,Botad,2024-12-12,372.0959375,1
676,Botad,2024-12-13,354.31078723404255,1
676,Botad,2024-12-14,355.4872045454545,1
676,Botad,2024-12-15,416.0768958333333,1
676,Botad,2024-12-16,302.81828205128204,1
676,Botad,2024-12-17,366.7863255813954,1
676,Botad,2024-12-18,365.3796888888889,1
676,Botad,2024-12-19,380.56236956521735,1
676,Botad,2024-12-20,390.8877111111111,1
676,Botad,2024-12-21,360.4510416666667,1
676,Botad,2024-12-22,383.62218750000005,1
676,Botad,2024-12-23,388.9398695652174,1
676,Botad,2024-12-24,380.89910638297874,1
676,Botad,2024-12-25,412.6422291666667,1
676,Botad,2024-12-26,398.53625000000005,1
676,Botad,2024-12-27,271.9917727272727,1
676,Botad,2024-12-31,349.39292307692307,1
676,Botad,2025-01-01,425.671575,1
676,Botad,2025-01-02,385.97223913043473,1
676,Botad,2025-01-03,373.01314583333334,1
676,Botad,2025-01-04,303.9486842105263,1
676,Botad,2025-01-05,125.7505,1
676,Botad,2025-01-06,390.40641860465115,1
676,Botad,2025-01-07,384.6452340425532,1
676,Botad,2025-01-08,390.5045744680851,1
676,Botad,2025-01-09,370.3215416666667,1
676,Botad,2025-01-10,331.7965238095238,1
676,Botad,2025-01-11,125.67866666666666,1
676,Botad,2025-01-12,125.66468421052632,1
676,Botad,2025-01-13,317.93575,1
676,Botad,2025-01-14,299.0950425531915,1
676,Botad,2025-01-15,342.63136585365856,1
676,Botad,2025-01-16,327.5053111111111,1
676,Botad,2025-01-17,327.6691707317073,1
676,Botad,2025-01-18,290.1656153846154,1
676,Botad,2025-01-19,257.5438717948718,1
676,Botad,2025-01-20,292.8809318181818,1
676,Botad,2025-01-21,272.53063414634147,1
676,Botad,2025-01-22,291.7495,1
676,Botad,2025-01-23,183.9228064516129,1
676,Botad,2025-01-24,214.89670588235296,1
676,Botad,2025-01-25,227.92874999999998,1
676,Botad,2025-01-26,230.87208823529411,1
676,Botad,2025-01-27,125.536625,1
676,Botad,2025-01-28,263.91371052631575,1
676,Botad,2025-01-29,362.7785416666666,1
676,Botad,2025-01-30,354.7878409090909,1
676,Botad,2025-01-31,356.7347291666667,1
676,Botad,2025-02-01,336.0597058823529,1
676,Botad,2025-02-03,367.066,1
676,Botad,2025-02-04,360.6568444444444,1
676,Botad,2025-02-05,354.48730434782607,1
676,Botad,2025-02-06,378.9980444444445,1
676,Botad,2025-02-07,385.3703125,1
676,Botad,2025-02-08,383.6476222222222,1
676,Botad,2025-02-09,320.58893023255814,1
676,Botad,2025-02-10,367.9483953488372,1
676,Botad,2025-02-11,357.8251111111111,1
676,Botad,2025-02-12,397.84234782608695,1
676,Botad,2025-02-13,395.6254666666667,1
676,Botad,2025-02-14,371.8224444444445,1
676,Botad,2025-02-15,333.5735348837209,1
676,Botad,2025-02-16,125.32695652173913,1
676,Botad,2025-02-17,270.86931707317075,1
676,Botad,2025-02-18,355.03086666666667,1
676,Botad,2025-02-19,360.66356097560976,1
676,Botad,2025-02-20,344.5735641025641,1
676,Botad,2025-02-21,379.23407142857144,1
676,Botad,2025-02-22,382.21791891891894,1
676,Botad,2025-02-23,125.221,1
676,Botad,2025-02-24,383.99690625,1
676,Botad,2025-02-25,294.0809,1
676,Botad,2025-02-27,166.42320689655173,1
676,Botad,2025-02-28,270.84544444444447,1
676,Botad,2025-03-01,168.0772142857143,1
676,Botad,2025-03-02,125.03741025641025,1
676,Botad,2025-03-03,138.41786666666667,1
676,Botad,2025-03-04,151.4935652173913,1
676,Botad,2025-03-05,151.09848936170212,1
676,Botad,2025-03-06,124.98461538461538,1
676,Botad,2025-03-07,124.94820833333334,1
676,Botad,2025-03-08,161.85816129032258,1
676,Botad,2025-03-09,124.89134782608697,1
676,Botad,2025-03-10,124.86005,1
676,Botad,2025-03-11,124.83746808510638,1
676,Botad,2025-03-12,137.0213043478261,1
676,Botad,2025-03-13,124.79302222222222,1
676,Botad,2025-03-14,137.25382608695654,1
676,Botad,2025-03-15,150.81615555555555,1
676,Botad,2025-03-16,183.42227499999998,1
676,Botad,2025-03-17,165.48913636363636,1
676,Botad,2025-03-18,150.7065111111111,1
676,Botad,2025-03-19,124.72208695652175,1
676,Botad,2025-03-20,124.696,1
676,Botad,2025-03-21,124.6691304347826,1
676,Botad,2025-03-22,124.65020833333334,1
676,Botad,2025-03-23,124.62069565217391,1
676,Botad,2025-03-24,124.58904347826086,1
676,Botad,2025-03-25,124.55256250000001,1
676,Botad,2025-03-26,124.53765714285714,1
676,Botad,2025-03-27,124.52864285714287,1
676,Botad,2025-03-28,124.52446153846154,1
676,Botad,2025-03-29,124.51958333333333,1
676,Botad,2025-03-30,124.5171891891892,1
676,Botad,2025-03-31,124.50790476190477,1
676,Botad,2025-04-01,124.49117948717948,1
676,Botad,2025-04-02,124.46621951219511,1
676,Botad,2025-04-03,124.43159375,1
676,Botad,2025-04-04,124.39272222222222,1
676,Botad,2025-04-05,124.35402173913043,1
676,Botad,2025-04-06,124.31391891891892,1
676,Botad,2025-04-07,144.2622558139535,1
676,Botad,2025-04-08,124.25193023255814,1
676,Botad,2025-04-09,124.24233333333333,1
676,Botad,2025-04-10,124.20743243243244,1
676,Botad,2025-04-11,124.18452631578947,1
676,Botad,2025-04-12,124.1682380952381,1
676,Botad,2025-04-13,124.148,1
676,Botad,2025-04-14,133.42586046511627,1
676,Botad,2025-04-15,124.10097368421052,1
676,Botad,2025-04-16,124.08258064516129,1
676,Botad,2025-04-17,124.06315384615384,1
676,Botad,2025-04-18,124.036375,1
676,Botad,2025-04-19,124.00926315789474,1
676,Botad,2025-04-20,123.98716666666667,1
676,Botad,2025-04-21,123.96402857142857,1
676,Botad,2025-04-22,123.927475,1
676,Botad,2025-04-23,123.89378571428571,1
676,Botad,2025-04-24,123.85482051282051,1
676,Botad,2025-04-25,123.81651428571428,1
676,Botad,2025-04-26,123.78002564102565,1
676,Botad,2025-04-27,123.76651111111111,1
676,Botad,2025-04-28,123.73772727272727,1
676,Botad,2025-04-29,123.71293548387096,1
676,Botad,2025-04-30,123.67451999999999,1
676,Botad,2025-05-01,123.63236,1
676,Botad,2025-05-02,123.58584615384615,1
676,Botad,2025-05-03,123.54475000000001,1
676,Botad,2025-05-04,123.50955555555555,1
676,Botad,2025-05-06,123.49271428571429,1
676,Botad,2025-05-07,123.50796666666666,1
676,Botad,2025-05-08,123.49967857142857,1
676,Botad,2025-05-09,123.48554999999999,1
676,Botad,2025-05-10,123.47260606060605,1
676,Botad,2025-05-11,123.46484615384614,1
676,Botad,2025-05-12,123.45247619047619,1
676,Botad,2025-05-13,123.44180952380951,1
676,Botad,2025-05-14,123.42104761904763,1
676,Botad,2025-05-15,123.411625,1
676,Botad,2025-05-16,128.77442307692309,1
676,Botad,2025-05-17,123.37340625,1
676,Botad,2025-05-18,123.34805714285714,1
676,Botad,2025-05-19,123.32045714285715,1
676,Botad,2025-05-20,123.2978064516129,1
676,Botad,2025-05-21,123.28627027027026,1
676,Botad,2025-05-22,123.2655,1
676,Botad,2025-05-23,123.24303448275862,1
676,Botad,2025-05-24,123.22179411764706,1
676,Botad,2025-05-25,123.21532258064515,1
676,Botad,2025-05-26,123.21977142857143,1
676,Botad,2025-05-27,123.20118918918918,1
676,Botad,2025-05-28,123.20326315789474,1
676,Botad,2025-05-29,123.20981578947368,1
676,Botad,2025-05-30,123.23441463414633,1
676,Botad,2025-05-31,123.23235714285714,1
676,Botad,2025-06-01,123.24317142857142,1
676,Botad,2025-06-02,123.24259523809525,1
676,Botad,2025-06-03,123.2395625,1
676,Botad,2025-06-04,123.2448888888889,1
676,Botad,2025-06-05,123.24747368421052,1
676,Botad,2025-06-06,123.24473333333333,1
676,Botad,2025-06-07,126.36036585365852,1
676,Botad,2025-06-08,123.2391707317073,1
676,Botad,2025-06-09,123.2350303030303,1
676,Botad,2025-06-10,123.24365789473684,1
676,Botad,2025-06-11,123.242075,1
676,Botad,2025-06-12,123.23402325581395,1
676,Botad,2025-06-13,123.20777272727273,1
676,Botad,2025-06-14,123.20241860465116,1
676,Botad,2025-06-15,123.21032558139535,1
676,Botad,2025-06-16,123.24762790697675,1
676,Botad,2025-06-17,125.22253333333333,1
676,Botad,2025-06-18,125.96087500000002,1
676,Botad,2025-06-19,126.03140625,1
676,Botad,2025-06-20,126.10996774193549,1
676,Botad,2025-06-21,126.17869696969697,1
676,Botad,2025-06-22,126.25450000000001,1
676,Botad,2025-06-23,126.3635,1
676,Botad,2025-06-24,126.50681818181819,1
676,Botad,2025-06-25,126.45433333333334,1
676,Botad,2025-06-26,126.43452941176471,1
676,Botad,2025-06-27,126.42605555555555,1
676,Botad,2025-06-28,126.415,1
676,Botad,2025-06-29,126.39522222222223,1
676,Botad,2025-06-30,126.3866,1
676,Botad,2025-07-01,126.37786956521738,1
676,Botad,2025-07-02,126.36983333333335,1
676,Botad,2025-07-03,126.36821739130436,1
676,Botad,2025-07-04,126.37142857142858,1
676,Botad,2025-07-05,126.37276,1
676,Botad,2025-07-06,126.37482608695653,1
676,Botad,2025-07-07,126.38420833333333,1
676,Botad,2025-07-08,126.3885,1
676,Botad,2025-07-09,126.38947222222221,1
676,Botad,2025-07-10,126.38323684210526,1
676,Botad,2025-07-11,126.37843243243245,1
676,Botad,2025-07-12,126.37029166666667,1
676,Botad,2025-07-13,126.36534782608696,1
676,Botad,2025-07-14,126.35976923076922,1
676,Botad,2025-07-15,126.351,1
676,Botad,2025-07-20,126.31192000000001,1
676,Botad,2025-07-21,126.32695833333332,1
676,Botad,2025-07-22,126.33399999999999,1
676,Botad,2025-07-23,126.32825,1
676,Botad,2025-07-24,126.32003448275862,1
676,Botad,2025-07-27,126.297,1
676,Botad,2025-07-28,126.289,1
676,Botad,2025-07-29,126.28257142857142,1
676,Botad,2025-07-30,126.27484,1
676,Botad,2025-07-31,126.26789655172414,1
676,Botad,2025-08-01,126.2590606060606,1
676,Botad,2025-08-02,126.25055555555555,1
676,Botad,2025-08-03,126.25116666666668,1
676,Botad,2025-08-04,126.2514193548387,1
676,Botad,2025-08-05,126.244875,1
676,Botad,2025-08-06,128.38056666666665,1
676,Botad,2025-08-07,126.2651923076923,1
676,Botad,2025-08-08,126.24448148148149,1
676,Botad,2025-08-09,126.24679166666668,1
676,Botad,2025-08-10,126.24978260869565,1
676,Botad,2025-08-11,126.27008108108109,1
676,Botad,2025-08-12,126.29378125,1
676,Botad,2025-08-13,126.2965652173913,1
676,Botad,2025-08-14,126.29672413793104,1
676,Botad,2025-08-15,126.298,1
676,Botad,2025-08-16,126.30899999999998,1
676,Botad,2025-08-17,126.35328,1
676,Botad,2025-08-18,126.37349999999999,1
676,Botad,2025-08-20,126.38111111111112,1
676,Botad,2025-08-21,126.38133333333333,1
676,Botad,2025-08-22,126.42565714285715,1
676,Botad,2025-08-23,126.42905714285713,1
676,Botad,2025-08-24,126.42422222222223,1
676,Botad,2025-08-25,126.41568571428571,1
676,Botad,2025-08-27,126.42530303030303,1
676,Botad,2025-08-28,126.42616666666667,1
676,Botad,2025-09-05,126.406625,1
676,Botad,2025-09-06,126.44192857142856,1
676,Botad,2025-09-07,126.4770294117647,1
676,Botad,2025-09-08,126.45817142857143,1
676,Botad,2025-09-09,126.44363888888887,1
676,Botad,2025-09-10,126.4302,1
676,Botad,2025-09-11,126.41951612903226,1
676,Botad,2025-09-12,126.41612121212121,1
676,Botad,2025-09-13,126.41260606060607,1
676,Botad,2025-09-14,126.40645161290323,1
676,Botad,2025-09-15,126.39874193548387,1
676,Botad,2025-09-16,126.39355882352942,1
676,Botad,2025-09-17,126.38940625000001,1
676,Botad,2025-09-18,126.38315151515152,1
676,Botad,2025-09-20,126.37904347826087,1
676,Botad,2025-09-21,126.37926086956521,1
676,Botad,2025-09-22,126.37725,1
676,Botad,2025-09-23,126.38190909090909,1
676,Botad,2025-09-24,126.38220833333332,1
676,Botad,2025-09-25,126.37960869565217,1
676,Botad,2025-09-26,126.37286956521739,1
676,Botad,2025-09-27,126.3625,1
676,Botad,2025-09-28,126.36054545454544,1
676,Botad,2025-09-29,126.40837499999999,1
676,Botad,2025-09-30,126.40468181818183,1
676,Botad,2025-10-01,126.40637500000001,1
676,Botad,2025-10-02,126.41075000000001,1
676,Botad,2025-10-03,126.41672727272727,1
676,Botad,2025-10-04,126.41754166666668,1
676,Botad,2025-10-05,126.41270833333334,1
676,Botad,2025-10-06,126.41104347826088,1
676,Botad,2025-10-07,126.40958333333333,1
676,Botad,2025-10-08,126.409375,1
676,Botad,2025-10-09,126.40641666666666,1
676,Botad,2025-10-10,126.40245833333334,1
676,Botad,2025-10-11,126.39556521739131,1
676,Botad,2025-10-12,126.38547619047618,1
676,Botad,2025-10-13,126.375375,1
676,Botad,2025-10-14,126.36704166666668,1
676,Botad,2025-10-15,126.35841666666666,1
676,Botad,2025-10-16,126.35222222222222,1
676,Botad,2025-10-17,126.34008695652174,1
676,Botad,2025-10-18,126.327375,1
676,Botad,2025-10-19,126.3205,1
676,Botad,2025-10-20,126.31118181818182,1
676,Botad,2025-10-21,126.301625,1
676,Botad,2025-10-22,126.29237499999999,1
676,Botad,2025-10-23,126.28216666666667,1
676,Botad,2025-10-24,126.27241666666667,1
676,Botad,2025-10-25,126.26369565217392,1
676,Botad,2025-10-26,126.25713043478262,1
676,Botad,2025-10-27,126.29194444444445,1
676,Botad,2025-10-28,126.32721739130434,1
676,Botad,2025-10-29,126.32733333333333,1
676,Botad,2025-10-30,126.32816666666666,1
676,Botad,2025-10-31,126.34013043478261,1
676,Botad,2025-11-01,126.36345833333333,1
676,Botad,2025-11-02,126.37843478260871,1
676,Botad,2025-11-03,126.38045833333332,1
676,Botad,2025-11-04,126.38341666666666,1
676,Botad,2025-11-05,126.38409999999999,1
676,Botad,2025-11-07,126.38628571428572,1
676,Botad,2025-11-08,126.38304761904762,1
676,Botad,2025-11-09,126.37758333333333,1
676,Botad,2025-11-10,126.37269565217392,1
676,Botad,2025-11-11,126.36937499999999,1
676,Botad,2025-11-12,126.36329166666667,1
676,Botad,2025-11-13,126.35799999999999,1
676,Botad,2025-11-14,126.35409999999999,1
676,Botad,2025-11-15,126.349,1
676,Botad,2025-11-22,126.29899999999999,1
676,Botad,2025-11-23,126.28965000000001,1
676,Botad,2025-11-24,126.27995454545454,1
676,Botad,2025-11-25,126.27478947368421,1
676,Botad,2025-11-26,126.26709523809524,1
676,Botad,2025-11-27,126.26214285714286,1
676,Botad,2025-11-30,126.244,1
676,Botad,2025-12-01,126.23486666666666,1
676,Botad,2025-12-02,126.22722727272726,1
676,Botad,2025-12-03,126.217625,1
676,Botad,2025-12-04,126.20840000000001,1
676,Botad,2025-12-05,126.19866666666667,1
676,Botad,2025-12-06,126.18940909090908,1
676,Botad,2025-12-07,126.18080952380953,1
676,Botad,2025-12-08,126.17259090909091,1
676,Botad,2025-12-09,126.16221739130435,1
676,Botad,2025-12-10,126.15378260869565,1
676,Botad,2025-12-11,126.14529166666667,1
676,Botad,2025-12-12,126.13645833333334,1
676,Botad,2025-12-13,126.12721739130434,1
676,Botad,2025-12-14,126.11017948717948,1
676,Botad,2025-12-15,126.09683783783782,1
676,Botad,2025-12-16,126.08282857142858,1
676,Botad,2025-12-17,126.06994999999999,1
676,Botad,2025-12-18,126.06375,1
676,Botad,2025-12-19,126.05476923076924,1
676,Botad,2025-12-20,126.04511764705882,1
676,Botad,2025-12-21,126.05677499999999,1
676,Botad,2025-12-22,126.08202702702702,1
676,Botad,2025-12-23,126.08203703703703,1
676,Botad,2025-12-24,126.0995652173913,1
676,Botad,2025-12-25,126.13275,1
676,Botad,2025-12-26,126.14360869565216,1
